"id","학년","이수구분","학수번호_수업번호","교과목명","교강사","학점","시간","강의실","강의평","요일","시작교시","종료교시"
1,"미정","전공선택","FUT2014-15288-","데이터시각화","계승철",3,"목(13:00-16:00)","","없음","목",5,8
2,"미정","전공선택","FUT3001-15290-","아트테크놀로지캡스톤디자인","정은기",3,"목(16:00-19:00)","","없음","목",8,10
3,"미정","전공선택","FUT3002-15291-","인문학으로예술읽기","천미림",3,"수(13:00-14:30),수(14:30-15:00)","","없음","수",6,7
4,"미정","전공선택","FUT3003-15292-","마음을사로잡는정보스토리텔링","김은정",3,"화(13:00-15:00),화(15:00-16:00)","","없음","화",7,8
5,"미정","전공선택","FUT3005-15294-","엔지니어를위한실용영작문","임동진",3,"목(09:00-10:30),목(10:30-12:00)","","없음","목",2,4
6,"미정","전공선택","FUT3008-15297-","인류세시대를위한미래인문학","김성희",3,"수(16:00-17:30),수(17:30-19:00)","","없음","수",9,10
7,"미정","전공선택","FUT4002-15304-","공학영어캡스톤디자인","임동진",3,"월(09:00-10:30),월(10:30-12:00)","","없음","월",2,4
8,"미정","전공선택","AIX0002-15002-","AI+X:인공지능","류호경",3,"목(09:00-11:00)","","없음","목",1,3
9,"미정","전공선택","AIX0003-15003-","AI+X:딥러닝","원영준",3,"화(13:00-15:00)","","없음","화",5,7
10,"미정","전공선택","FUT4003-15305-","한국테크노사이언스혁신의역사","박민아",3,"화(16:00-17:30),화(17:30-19:00)","","없음","화",9,10
11,"미정","전공선택","GEN1040-15310-","초급독일어","김수민",3,"금(13:00-14:30),금(14:30-16:00)","","없음","금",6,8
12,"미정","전공선택","GEN1043-15311-","중급중국어","유우",2,"금(13:00-15:00)","","없음","금",5,7
13,"미정","전공선택","GEN1076-15312-","여성학","허수연",3,"수(13:00-14:30),수(14:30-16:00)","","없음","수",6,8
14,"미정","전공선택","GEN1078-15313-","문화론특강","강경란",2,"목(11:00-13:00)","","없음","목",3,5
15,"미정","전공선택","GEN2079-15319-","영화의이해","김윤지",2,"화(15:00-17:00)","","없음","화",7,9
16,"미정","전공선택","GEN3041-15327-","초급중국어1","유우",3,"금(11:00-13:00)","","없음","금",3,5
17,"미정","전공선택","GEN3096-15329-","Modern Stress and You","Nathan John Lucas",2,"화(13:00-15:00)","","없음","화",5,7
18,"미정","전공선택","GEN3097-15330-","디자인으로 세상읽기","현은령",3,"화(11:00-13:00)","","없음","화",3,5
19,"미정","전공선택","GEN4002-15331-","조직리더십사례연구(군사학)","양황석",2,"시간미지정강좌","","없음",,,
20,"미정","전공선택","GEN4079-15336-","사회봉사","",1,"","","없음",,,
21,"미정","전공선택","GEN4091-15337-","과학기술의철학적이해","이채리",3,"화(09:00-10:30)","","없음","화",1,2
22,"미정","전공선택","GEN5014-15338-","기초스페인어","정동희",3,"금(13:00-14:30)","","없음","금",5,6
23,"미정","전공선택","CLS1022-15033-","과학클래식:생명과문명의융합적세계관을향하여","정혜경",3,"수(13:00-14:30),수(14:30-16:00)","","없음","수",6,8
24,"미정","전공선택","CLS1023-15034-","인문클래식:문학으로읽는음식과인간","김지선",3,"화(16:00-18:00),화(18:00-19:00)","","없음","화",10,10
25,"미정","전공선택","CLS1024-15035-","사회클래식:상상의낙원유토피아","서신혜",3,"수(13:00-15:00)","","없음","수",5,7
26,"미정","전공선택","CLS1025-15036-","예술클래식:도시와문학","우미영",3,"목(15:00-17:00)","","없음","목",7,9
27,"미정","전공선택","CUL0072-15042-","독일문학과영화","박현용",2,"목(11:00-13:00)","","없음","목",3,5
28,"미정","전공선택","GEN7030-15366-","영어와남녀의사소통의차이","Mimi Eun Newton",2,"화(15:00-17:00)","","없음","화",7,9
29,"미정","전공선택","KLE2009-15623-","문학의이해","정원정",2,"화(11:00-13:00)","","없음","화",3,5
30,"미정","전공선택","KOR4056-15624-","소설과영화","신성환",2,"목(15:00-17:00)","","없음","목",7,9
31,"미정","전공선택","PER2060-15629-","현대테크노사이언스의윤리적도전","오경준",3,"금(09:00-10:30),금(10:30-12:00)","","없음","금",2,4
32,"미정","전공선택","PER2061-15630-","스마트시대의문자,구술,영상","전지은",3,"수(09:00-11:00),수(11:00-12:00)","","없음","수",3,4
33,"미정","전공선택","PER2063-15631-","신화와원형의스토리텔링","신성환",3,"월(16:00-18:00),월(18:00-19:00)","","없음","월",10,10
34,"미정","전공선택","CUL0104-15047-","자유란무엇인가","박찬운",3,"월(15:00-16:30),월(16:30-18:00)","","없음","월",8,10
35,"미정","전공선택","CUL0111-15048-","통일함께만들기","홍용표",3,"화(10:00-11:30),화(11:30-13:00)","","없음","화",3,5
36,"미정","전공선택","CUL0128-15055-","4차산업혁명의이해","조병완",3,"목(16:00-17:30),목(17:30-19:00)","","없음","목",9,10
37,"미정","전공선택","CUL0130-15056-","디지털저널리즘","Tammy Ko Robinson",2,"수(09:00-11:00)","","없음","수",1,3
38,"미정","전공선택","CUL0138-15057-","다양성시대의한국어교육","채윤미",3,"화(13:00-14:30),화(14:30-16:00)","","없음","화",6,8
39,"미정","전공선택","GEN7033-15367-","비전공자를위한재무금융","이창훈",3,"수(16:00-17:30),수(17:30-19:00)","","없음","수",9,10
40,"미정","전공선택","GEN7034-15368-","초급독일어회화","Wirsching Cornelia Song",2,"수(11:00-13:00)","","없음","수",3,5
41,"미정","전공선택","GEN7041-15371-","창의적글쓰기","Shelley L. Collins",2,"목(11:00-13:00)","","없음","목",3,5
42,"미정","전공선택","PER3045-15635-","현대사회의갈등관리와인문학","신성환",3,"목(12:00-13:30),목(13:30-15:00)","","없음","목",5,7
43,"미정","전공선택","SBC0002-15638-","반도체8대공정개론","김성혁",3,"화(16:00-18:00),시간미지정강좌","","없음",,,
44,"미정","전공선택","SBC0003-15639-","반도체공정과장비의이해","방승호",3,"월(11:00-13:00),시간미지정강좌","","없음",,,
45,"미정","전공선택","SBC0004-15640-","반도체공정응용","박현정",3,"목(15:00-17:00),목(17:00-19:00)","","없음","목",9,10
46,"미정","전공선택","SBC0005-15641-","플라즈마장비","김주호",3,"화(15:00-17:00),화(17:00-19:00)","","없음","화",9,10
47,"미정","전공선택","SBC0006-15642-","반도체응용기술","박현정",3,"화(11:00-13:00),시간미지정강좌","","없음",,,
48,"미정","전공선택","SBC0007-15643-","반도체집적화기술","방승호",3,"화(18:00-20:00),시간미지정강좌","","없음",,,
49,"미정","전공선택","SYB1127-15647-","정보사회학입문","",3,"","","없음",,,
50,"미정","전공선택","SYB1128-15648-","저작권과스마트폰의이해","",2,"","","없음",,,
51,"미정","전공선택","SYB1149-15652-","프레젠테이션기법","",2,"","","없음",,,
52,"미정","전공선택","CUL1079-15069-","불멸의철학자들","오애향",2,"금(15:00-17:00)","","없음","금",7,9
53,"미정","전공선택","CUL1115-15070-","Aesthetic Awareness in the Modern World","Gary Joseph Turnham",2,"월(13:00-15:00)","","없음","월",5,7
54,"미정","전공선택","CUL1119-15074-","인구변화와미래복지","전영수",3,"월(13:00-14:30),월(14:30-15:00)","","없음","월",6,7
55,"미정","전공선택","CUL1128-15080-","인체용어의이해","황세진",2,"화(15:00-17:00)","","없음","화",7,9
56,"미정","전공선택","SYB8098-15672-","1인미디어와융합콘텐츠","",3,"","","없음",,,
57,"미정","전공선택","SYB8099-15673-","문화콘텐츠스토리텔링전략","",3,"","","없음",,,
58,"미정","전공선택","SYB9030-15674-","그린IT의이해","",3,"","","없음",,,
59,"미정","전공선택","SYB9031-15675-","문화기술과사회변동","",3,"","","없음",,,
60,"미정","전공선택","SYB9032-15676-","문화콘텐츠마케팅전략의수립과집행","",3,"","","없음",,,
61,"미정","전공선택","SYB9035-15678-","음식과세계문화","",3,"","","없음",,,
62,"미정","전공선택","SYB9036-15679-","글로벌시대의예술과가치","",3,"","","없음",,,
63,"미정","전공선택","SYB9071-15682-","21세기기업의인재상","",3,"","","없음",,,
64,"미정","전공선택","SYB9082-15683-","색채심리와현대생활","",3,"","","없음",,,
65,"미정","전공선택","SYB9096-15684-","성공하는문화콘텐츠소재개발전략","",3,"","","없음",,,
66,"미정","전공선택","SYB9098-15686-","생활속의계약과협상","",3,"","","없음",,,
67,"미정","전공선택","SYB9099-15687-","전략적의사결정과문제해결","",3,"","","없음",,,
68,"미정","전공선택","SYB9102-15688-","미래소비사회와상품","",2,"","","없음",,,
69,"미정","전공선택","SYB9103-15689-","행복한금융생활","",3,"","","없음",,,
70,"미정","전공선택","SYB9104-15690-","현대사회와신소재","",3,"","","없음",,,
71,"미정","전공선택","SYB9112-15693-","화폐와금융의과거,현재,그리고미래","",3,"","","없음",,,
72,"미정","전공선택","CUL1185-15122-","전기에너지개론","문준",3,"시간미지정강좌,시간미지정강좌","","없음",,,
73,"미정","전공선택","CUL1188-15124-","몸과마음을읽는헬스케어","김형숙",3,"수(13:00-14:00),수(14:00-16:00)","","없음","수",6,8
74,"미정","전공선택","CUL1189-15125-","Contemporary Korean Studies","David Tizzard",3,"금(13:00-14:30),금(14:30-16:00)","","없음","금",6,8
75,"미정","전공선택","SYB9124-15704-","세계도시건축","",2,"","","없음",,,
76,"미정","전공선택","SYB9128-15707-","비즈니스모델디자인과린스타트업활동","",3,"","","없음",,,
77,"미정","전공선택","SYH0001-15708-","사랑의실천1(한양나눔)","최영태",2,"시간미지정강좌","","없음",,,
78,"미정","전공선택","SYH0002-15709-","사랑의실천2(스마트커뮤니케이션)","최영태",2,"시간미지정강좌","","없음",,,
79,"미정","전공선택","SYH0003-15710-","사랑의실천3(기업가정신)","최영태",2,"시간미지정강좌","","없음",,,
80,"미정","전공선택","VEN2001-15712-","창업기초:창업과기업가정신","배태준",3,"금(11:00-13:00),시간미지정강좌","","없음",,,
81,"미정","전공선택","VEN2002-15713-","창업실습:실전창업워크숍","이재만",3,"수(16:00-19:00)","","없음","수",8,10
82,"미정","전공선택","CUL1192-15128-","OTT드라마스토리텔링","길종철",3,"화(13:00-15:00),화(15:00-16:00)","","없음","화",7,8
83,"미정","전공선택","VEN2005-15715-","창업기초:디자인씽킹","김경묵",3,"화(09:00-12:00)","","없음","화",1,4
84,"미정","전공선택","VEN2009-15716-","창업기초:스타트업기업가정신의이해와사례","백필호",3,"월(09:00-10:30),월(10:30-12:00)","","없음","월",2,4
85,"미정","전공선택","KLE2009-15929-","문학의이해","차성환",2,"목(16:00-18:00)","","없음","목",8,10
86,"미정","전공선택","KLE2009-15930-","문학의이해","양진호",2,"목(13:00-15:00)","","없음","목",5,7
87,"미정","전공선택","VEN3001-15719-","창업심화:스타트업법률이슈","이충호",3,"금(13:00-14:30),금(14:30-16:00)","","없음","금",6,8
88,"미정","전공선택","VEN3002-15720-","창업심화:스타트업특허","배진우",3,"목(13:00-14:00),목(14:00-16:00)","","없음","목",6,8
89,"미정","전공선택","VEN3005-15721-","창업실습:캠퍼스CEO","강창규",3,"목(18:30-21:30)","","없음","목",10,10
90,"미정","전공선택","VEN3006-15722-","창업실습1","강창규",3,"수(19:00-22:00)","","없음","수",10,10
91,"미정","전공선택","VEN3009-15725-","창업심화:스타트업투자유치전략","김경원",3,"화(13:00-15:00),화(15:00-16:00)","","없음","화",7,8
92,"미정","전공선택","VEN3011-15726-","창업기초:문화예술산업의이해","최진영",3,"월(16:00-18:00),월(18:00-19:00)","","없음","월",10,10
93,"미정","전공선택","VEN3024-15731-","창업가정신과사회적혁신","심건호",3,"금(16:00-17:30),금(17:30-19:00)","","없음","금",9,10
94,"미정","전공선택","VEN4003-15733-","블록체인과비즈니스모델","이장우",3,"목(09:00-10:00),목(10:00-12:00)","","없음","목",2,4
95,"미정","전공선택","VEN6001-15734-","스타트업토크콘서트","류창완",2,"수(13:00-15:00)","","없음","수",5,7
96,"미정","전공선택","CUL1217-15149-","명화속에숨어있는심리학","조영신",3,"화(14:00-16:00),화(16:00-17:00)","","없음","화",8,9
97,"미정","전공선택","CUL1218-15150-","인간발달담론","권선주",2,"목(13:00-15:00)","","없음","목",5,7
98,"미정","전공선택","CUL1220-15151-","Ethics of Science and Technology","Brian A. Wildeboer",3,"화(14:30-16:00),목(14:30-16:00)","","없음","목",6,8
99,"미정","전공선택","CUL1225-15156-","동양신화와문화콘텐츠스토리텔링","강민경",3,"수(11:00-13:00)","","없음","수",3,5
100,"미정","전공선택","CUL1226-15157-","인문학도를위한창의적코딩","성기혁",2,"수(15:00-16:00),수(16:00-17:00)","","없음","수",8,9
101,"미정","전공선택","CUL1228-15159-","인문학도를위한컴퓨팅의시작","성기혁",3,"금(13:00-15:00),시간미지정강좌","","없음",,,
102,"미정","전공선택","CUL1229-15160-","AI혁명:최첨단비즈니스전략마스터하기","박성우",3,"화(19:30-21:00)","","없음","화",10,10
103,"미정","전공선택","CUL1234-15165-","무용미학의언어와감각","김민주",3,"월(13:00-14:30),월(14:30-16:00)","","없음","월",6,8
104,"미정","전공선택","CUL1236-15166-","교양펜싱","배종국",2,"수(15:00-17:00)","","없음","수",7,9
105,"미정","전공선택","CUL4078-15182-","분노와자기관리","권선주",2,"수(15:00-17:00)","","없음","수",7,9
106,"미정","전공선택","CUL4088-15183-","중국의역사와문화","이승아",2,"월(11:00-13:00)","","없음","월",3,5
107,"미정","전공선택","CUL4089-15184-","중국근현대사","한상협",2,"화(13:00-15:00)","","없음","화",5,7
108,"미정","전공선택","CUL5067-15192-","현대중국의시장과통상","정우식",2,"목(13:00-15:00)","","없음","목",5,7
109,"미정","전공선택","CUL6004-15193-","직업진로와미래설계","홍주영",2,"수(15:00-17:00)","","없음","수",7,9
110,"미정","전공선택","CUL6094-15206-","사마천과의대화","황인건",2,"화(11:00-13:00)","","없음","화",3,5
111,"미정","전공선택","CUL6098-15207-","생명이란무엇인가?정신과물질","채지형",2,"월(11:00-13:00)","","없음","월",3,5
112,"미정","전공선택","CUL6099-15208-","종의기원과진화","채지형",2,"금(11:00-13:00)","","없음","금",3,5
113,"미정","전공선택","CUL7009-15215-","인문학과예술이본인간","유성호",2,"수(11:00-13:00)","","없음","수",3,5
114,"미정","전공선택","CUL7043-15219-","기술시대의인간과윤리","이채리",3,"화(15:00-17:00)","","없음","화",7,9
115,"미정","전공선택","CUL7045-15220-","문학과역사적상상력","김치성",2,"수(13:00-15:00)","","없음","수",5,7
116,"미정","전공선택","CUL7046-15221-","채움과비움:나이듦의인문학적이해","윤성호",3,"시간미지정강좌,시간미지정강좌","","없음",,,
117,"미정","전공선택","CUL7048-15223-","하루키와함께읽는고전","김지선",2,"화(13:00-15:00)","","없음","화",5,7
118,"미정","전공선택","CUL7100-15224-","위기의시민정치:혐오,갈등,양극화","길정아",2,"수(11:00-13:00)","","없음","수",3,5
119,"미정","전공선택","CUL7101-15225-","영화속인간발달","권선주",2,"목(15:00-17:00)","","없음","목",7,9
120,"미정","전공선택","DIS0016-15243-","Banking & Investment Practice","신진호",2,"목(16:00-18:00)","","없음","목",8,10
121,"미정","전공선택","ECO1006-15244-","미시경제원론","이준태",2,"월(09:00-11:00)","","없음","월",1,3
122,"미정","전공선택","EDU1001-15246-","교육학개론","정유선",2,"화(13:00-15:00)","","없음","화",5,7
123,"미정","전공선택","EDU2061-15252-","생활지도및상담","조윤희",2,"월(11:00-13:00)","","없음","월",3,5
124,"미정","전공선택","EDU3020-15253-","교육행정및경영","함승환",2,"금(13:00-15:00)","","없음","금",5,7
125,"미정","전공선택","EDU3042-15257-","교육봉사활동2","김선아",2,"시간미지정강좌","","없음",,,
126,"미정","전공선택","EDU3071-15258-","특수교육학개론","양현규",2,"수(13:00-15:00)","","없음","수",5,7
127,"미정","전공선택","ENG4017-15265-","실용영문법","이광희",3,"시간미지정강좌,시간미지정강좌","","없음",,,
128,"미정","전공선택","FUT3010-15299-","공정한시민을위한미디어리터러시:팩트,믿음,재미","신성환",3,"월(13:00-14:30),월(14:30-16:00)","","없음","월",6,8
129,"미정","전공선택","AIX0004-15004-","AI+X:R-Py컴퓨팅","이정환",3,"월(09:00-11:00)","","없음","월",1,3
130,"미정","전공선택","AIX0005-15005-","AI+X:머신러닝","박태준",3,"화(11:00-13:00)","","없음","화",3,5
131,"미정","전공선택","GEN0041-15308-","현대사회와나의삶","이유신",3,"월(13:00-14:30),월(14:30-16:00)","","없음","월",6,8
132,"미정","전공선택","GEN1035-15309-","중급스페인어","진미령",2,"수(11:00-13:00)","","없음","수",3,5
133,"미정","전공선택","GEN1092-15314-","한국근현대사","정종원",2,"수(13:00-15:00)","","없음","수",5,7
134,"미정","전공선택","GEN2052-15316-","미분적분학1","정예원",3,"월(09:00-10:30),수(10:30-12:00)","","없음","수",2,4
135,"미정","전공선택","GEN2053-15317-","미분적분학2","장정환",3,"수(14:30-16:00),금(16:00-17:30)","","없음","금",8,9
136,"미정","전공선택","GEN2078-15318-","연극의이해","임연진",2,"월(11:00-13:00)","","없음","월",3,5
137,"미정","전공선택","GEN2101-15322-","성의과학적이해","안주홍",2,"수(15:00-17:00)","","없음","수",7,9
138,"미정","전공선택","GEN3002-15323-","안전및조직관리사례연구(군사학)","양황석",2,"시간미지정강좌","","없음",,,
139,"미정","전공선택","AIX0006-15006-","AI와법","정종구",3,"금(15:00-16:30),금(16:30-18:00)","","없음","금",8,10
140,"미정","전공선택","AIX0007-15007-","인공지능의철학","김홍규",3,"금(16:00-17:30),금(17:30-19:00)","","없음","금",9,10
141,"미정","전공선택","CHM1005-15012-","일반화학및실험1","김민경",4,"화(11:00-13:00),금(15:00-17:00)","","없음","금",7,9
142,"미정","전공선택","CLS1004-15016-","과학클래식:과학기술의문화사","김호연",3,"월(15:00-17:00)","","없음","월",7,9
143,"미정","전공선택","CLS1005-15017-","예술클래식:일상과예술,그리고상상력","강민경",3,"수(09:00-11:00)","","없음","수",1,3
144,"미정","전공선택","CLS1006-15018-","예술클래식:천재와광기","임은희",3,"수(13:00-14:30),수(14:30-16:00)","","없음","수",6,8
145,"미정","전공선택","CLS1009-15021-","사회클래식BL:사랑의역사와문화정치학","김현주",3,"목(11:00-13:00)","","없음","목",3,5
146,"미정","전공선택","CLS1010-15022-","사회클래식BL:성과인간의대화","임은희",3,"목(11:00-13:00)","","없음","목",3,5
147,"미정","전공선택","CLS1011-15023-","예술클래식BL:신화로읽는동화","강민경",3,"화(09:00-11:00)","","없음","화",1,3
148,"미정","전공선택","CLS1013-15024-","인문클래식:독서의기술","전은진",3,"수(13:00-15:00)","","없음","수",5,7
149,"미정","전공선택","GEN4066-15333-","기초수학","Shen yang",2,"시간미지정강좌","","없음",,,
150,"미정","전공선택","GEN4073-15334-","사람과유전자","채지형",2,"수(13:00-15:00)","","없음","수",5,7
151,"미정","전공선택","GEN4075-15335-","미래지구환경과생태계","김백호",2,"목(13:00-15:00)","","없음","목",5,7
152,"미정","전공선택","GEN5048-15341-","호텔산업의이해","양은주",2,"수(15:00-17:00)","","없음","수",7,9
153,"미정","전공선택","GEN5060-15343-","동양철학의이해","나우권",2,"금(13:00-15:00)","","없음","금",5,7
154,"미정","전공선택","GEN5072-15345-","영어연기개론","Shelley L. Collins",2,"월(13:00-15:00)","","없음","월",5,7
155,"미정","전공선택","GEN5073-15346-","영어권생활문화와영어학습","서지윤",3,"화(13:00-14:30),화(14:30-16:00)","","없음","화",6,8
156,"미정","전공선택","JOB2001-15611-","현장실습(전공핵심)","",9,"","","없음",,,
157,"미정","전공선택","JOB2002-15612-","현장실습(전공심화)","",9,"","","없음",,,
158,"미정","전공선택","JOB2003-15613-","현장실습(일반교양)","",15,"","","없음",,,
159,"미정","전공선택","JOB2005-15614-","현장실습(일반선택)","",15,"","","없음",,,
160,"미정","전공선택","JOB3001-15615-","현장실습(4+1)","",10,"","","없음",,,
161,"미정","전공선택","CLS1015-15026-","사회클래식:자서전의힘","김현주",3,"수(11:00-13:00)","","없음","수",3,5
162,"미정","전공선택","CLS1016-15027-","과학클래식:화학의변명","김민경",3,"금(09:00-10:30),금(10:30-12:00)","","없음","금",2,4
163,"미정","전공선택","CLS1019-15030-","과학클래식:과학과 상상의 인간","우미영",3,"월(13:00-15:00)","","없음","월",5,7
164,"미정","전공선택","CLS1020-15031-","과학클래식:과학에게정의를묻다","이채리",3,"금(15:00-17:00)","","없음","금",7,9
165,"미정","전공선택","CUL0021-15039-","한문의이해","박은정",2,"목(15:00-17:00)","","없음","목",7,9
166,"미정","전공선택","CUL0047-15040-","영화로보는서양의역사","고광열",2,"월(11:00-13:00)","","없음","월",3,5
167,"미정","전공선택","CUL0051-15041-","현대중국의이해","박대훈",3,"월(11:00-11:30),월(11:30-13:00)","","없음","월",3,5
168,"미정","전공선택","CUL0076-15043-","프랑스문화관광","이숙은",2,"금(15:00-17:00)","","없음","금",7,9
169,"미정","전공선택","CUL0092-15044-","경계의시대,공존을말하다","강경란",2,"목(09:00-11:00)","","없음","목",1,3
170,"미정","전공선택","GEN6006-15347-","특허법의이해","윤선희",2,"화(15:00-17:00)","","없음","화",7,9
171,"미정","전공선택","GEN6007-15348-","대중문화와법","박성호",2,"목(09:00-11:00)","","없음","목",1,3
172,"미정","전공선택","GEN6023-15349-","상상과창조","이지은",3,"시간미지정강좌,시간미지정강좌","","없음",,,
173,"미정","전공선택","GEN6032-15350-","전문학술영어","Kimberley Jean Blount",3,"월(14:30-16:00),목(14:30-16:00)","","없음","목",6,8
174,"미정","전공선택","GEN6058-15352-","혁신과잡종의과학사","남영",2,"월(15:00-17:00)","","없음","월",7,9
175,"미정","전공선택","GEN6064-15353-","고급한국어","전은진",3,"시간미지정강좌,시간미지정강좌","","없음",,,
176,"미정","전공선택","GEN6066-15354-","생명과바다","이강현",2,"월(15:00-17:00)","","없음","월",7,9
177,"미정","전공선택","GEN6074-15355-","뇌과학의이해","황세진",2,"수(15:00-17:00)","","없음","수",7,9
178,"미정","전공선택","GEN6086-15356-","생활속의화학","김민경",2,"수(11:00-13:00)","","없음","수",3,5
179,"미정","전공선택","GEN6087-15357-","생활속에서만나는생물학","안주홍",2,"화(11:00-13:00)","","없음","화",3,5
180,"미정","전공선택","GEN7023-15360-","스포츠와사회적책임","Ed Topliffe",2,"화(11:00-13:00)","","없음","화",3,5
181,"미정","전공선택","CUL0093-15045-","프로이트와문화비평","김수민",2,"금(11:00-13:00)","","없음","금",3,5
182,"미정","전공선택","CUL0115-15049-","여성과법","한수정",2,"수(15:00-17:00)","","없음","수",7,9
183,"미정","전공선택","CUL0116-15050-","Understanding the new business environment","김상범",2,"화(19:00-21:00)","","없음","화",10,10
184,"미정","전공선택","CUL0120-15051-","중국비즈니스문화와에티켓","박대훈",3,"시간미지정강좌,시간미지정강좌","","없음",,,
185,"미정","전공선택","CUL0122-15052-","인간과생명과학","안주홍",2,"목(11:00-13:00)","","없음","목",3,5
186,"미정","전공선택","SBC0001-15945-","생활속의반도체","방승호",3,"수(16:00-18:00),시간미지정강좌","","없음",,,
187,"미정","전공선택","SBC0008-15946-","반도체부품설계공학","임제상",3,"목(16:00-18:00),목(18:00-20:00)","","없음","목",10,10
188,"미정","전공선택","CUL0139-15058-","법과국제공동체","김성원",3,"화(13:00-14:30),화(14:30-16:00)","","없음","화",6,8
189,"미정","전공선택","CUL0140-15059-","창업과법","이보미",3,"금(15:00-16:30),금(16:30-18:00)","","없음","금",8,10
190,"미정","전공선택","CUL0141-15060-","시민생활과세법","오윤",3,"월(13:00-14:30),월(14:30-16:00)","","없음","월",6,8
191,"미정","전공선택","CUL1000-15061-","문학과사랑","김세림",2,"수(13:00-15:00)","","없음","수",5,7
192,"미정","전공선택","CUL1029-15063-","쉽게듣는서양오페라","김유진",2,"수(09:00-11:00)","","없음","수",1,3
193,"미정","전공선택","CUL1032-15064-","현대음악의이해","김봄이",2,"월(13:00-15:00)","","없음","월",5,7
194,"미정","전공선택","GEN7038-15370-","비판적글읽기","Ian Gareth Robert Jones",2,"월(09:00-11:00)","","없음","월",1,3
195,"미정","전공선택","GEN7045-15373-","생태친화적기업경영","안광일",3,"시간미지정강좌,시간미지정강좌","","없음",,,
196,"미정","전공선택","GEN7046-15374-","기업경영과비즈니스전략","신민수",3,"시간미지정강좌,시간미지정강좌","","없음",,,
197,"미정","전공선택","GEN8003-15375-","중급독일어회화","Wirsching Cornelia Song",2,"수(13:00-15:00)","","없음","수",5,7
198,"미정","전공선택","GEN8004-15376-","브리꼴뢰르-융합형인재","김현경",3,"화(13:00-14:30),화(14:30-16:00)","","없음","화",6,8
199,"미정","전공선택","GEN8039-15378-","과학자의리더십","남영",2,"금(11:00-13:00)","","없음","금",3,5
200,"미정","전공선택","GEN8040-15379-","생물학연대기","정혜경",2,"금(13:00-15:00)","","없음","금",5,7
201,"미정","전공선택","CUL1056-15066-","한국의역사와문화","김민석",2,"수(15:00-17:00)","","없음","수",7,9
202,"미정","전공선택","CUL1073-15067-","인간의본성에관한철학적담론","이근세",2,"화(13:00-15:00)","","없음","화",5,7
203,"미정","전공선택","CUL1075-15068-","철학명저제대로읽기","오애향",2,"금(11:00-13:00)","","없음","금",3,5
204,"미정","전공선택","CUL1116-15071-","Animal Ethics","Mark A. Rublik",2,"월(11:00-13:00)","","없음","월",3,5
205,"미정","전공선택","CUL1117-15072-","Introduction to Digital Photography","Ed Topliffe",2,"목(13:00-15:00)","","없음","목",5,7
206,"미정","전공선택","CUL1118-15073-","The Language of Global Cuisine","Mimi Eun Newton",2,"금(15:00-17:00)","","없음","금",7,9
207,"미정","전공선택","CUL1120-15075-","빅데이터,사물인터넷,그리고인문학적상상력","김성희",3,"목(16:00-17:30),목(17:30-19:00)","","없음","목",9,10
208,"미정","전공선택","CUL1129-15081-","자기를찾아가는에니어그램","정기수",2,"목(15:00-17:00)","","없음","목",7,9
209,"미정","전공선택","CUL1131-15083-","4차산업혁명과비즈니스","이창원",2,"화(13:00-15:00)","","없음","화",5,7
210,"미정","전공선택","CUL1135-15085-","4차산업과해양자원","이강현",2,"월(13:00-15:00)","","없음","월",5,7
211,"미정","전공선택","GEN9176-15390-","빅데이터와패션트렌드","이현정",3,"월(09:00-10:30),월(10:30-12:00)","","없음","월",2,4
212,"미정","전공선택","CUL1136-15086-","미생물의세계","이진원",2,"월(11:00-13:00)","","없음","월",3,5
213,"미정","전공선택","CUL1138-15088-","인공지능과기계학습","장병철",2,"화(11:00-13:00)","","없음","화",3,5
214,"미정","전공선택","CUL1139-15089-","4차산업혁명핵심기술의이해","김철환",2,"금(13:00-15:00)","","없음","금",5,7
215,"미정","전공선택","CUL1148-15093-","뉴미디어와공연예술의현재와미래","우종희",3,"화(13:00-14:30),화(14:30-16:00)","","없음","화",6,8
216,"미정","전공선택","CUL1149-15094-","스토리텔링으로보는춤","한정미",2,"목(11:00-13:00)","","없음","목",3,5
217,"미정","전공선택","CUL1151-15096-","형법의이해","최영승",3,"수(13:00-14:30),수(14:30-16:00)","","없음","수",6,8
218,"미정","전공선택","CUL1153-15097-","멀티미디어로배우는현대생명과학","신인철",3,"수(13:00-15:00)","","없음","수",5,7
219,"미정","전공선택","CUL1154-15098-","인간행동과동기","전수현",2,"수(15:00-17:00)","","없음","수",7,9
220,"미정","전공선택","CUL1155-15099-","건강과사회그리고심리학","차지은",2,"월(09:00-11:00)","","없음","월",1,3
221,"미정","전공선택","CUL1157-15101-","금융인공지능실무","박성우",3,"월(19:00-20:30),월(20:30-22:00)","","없음","월",10,10
222,"미정","전공선택","CUL1164-15105-","4차산업혁명:융합적분석과인문학의대안","이도흠",3,"시간미지정강좌,시간미지정강좌","","없음",,,
223,"미정","전공선택","CUL1168-15107-","이공계를위한영어글쓰기","Adam Turner",3,"화(10:30-12:00),금(10:30-12:00)","","없음","금",2,4
224,"미정","전공선택","CUL1169-15108-","비즈니스글쓰기:설득의방법","Ian Gareth Robert Jones",3,"화(10:30-12:00),금(10:30-12:00)","","없음","금",2,4
225,"미정","전공선택","CUL1170-15109-","고급영어토론:설득의기술","Stacey Eujung Choi",3,"화(13:00-14:30),목(14:30-16:00)","","없음","목",6,8
226,"미정","전공선택","CUL1171-15110-","고급영어토론:협상의기술","Brian A. Wildeboer",3,"화(13:00-14:30),목(13:00-14:30)","","없음","목",5,6
227,"미정","전공선택","CUL1174-15113-","사회혁신을위한미디어의이해","이동형",3,"월(09:00-10:30),월(10:30-12:00)","","없음","월",2,4
228,"미정","전공선택","CUL1176-15115-","패션리테일4.0시대옴니채널마케팅","김정희",3,"목(13:00-14:30),목(14:30-16:00)","","없음","목",6,8
229,"미정","전공선택","CUL1179-15117-","빅뱅에서인간까지","김항배",2,"화(15:00-17:00)","","없음","화",7,9
230,"미정","전공선택","CUL1182-15119-","디지털플랫폼과경제및사회적이슈","박태영",3,"금(13:00-14:00),금(14:00-16:00)","","없음","금",6,8
231,"미정","전공선택","CUL1183-15120-","트랜스미디어디자이닝솔루션","Tammy Ko Robinson",3,"목(09:00-10:30),목(10:30-12:00)","","없음","목",2,4
232,"미정","전공선택","CUL1184-15121-","AR/VR가상공간인터렉티브콘텐츠개발랩","고동욱",3,"월(11:00-12:00),월(12:00-14:00)","","없음","월",4,6
233,"미정","전공선택","CUL1186-15123-","문학과예술이론의아포리아에대한동서양의대화","이도흠",3,"시간미지정강좌,시간미지정강좌","","없음",,,
234,"미정","전공선택","CUL1198-15132-","인공지능기술기반에너지관리시스템의이해","이동규",3,"금(09:00-11:00),금(11:00-13:00)","","없음","금",3,5
235,"미정","전공선택","CUL1200-15133-","20세기일본과21세기중국","박순석",3,"수(13:00-14:30),수(14:30-16:00)","","없음","수",6,8
236,"미정","전공선택","CUL1204-15137-","학문적영어읽기:이해와해석","이광희",3,"화(16:00-17:30),화(17:30-19:00)","","없음","화",9,10
237,"미정","전공선택","CUL1210-15142-","소통과갈등의이해","박혜연",2,"수(11:00-13:00)","","없음","수",3,5
238,"미정","전공선택","CUL1211-15143-","우리말어원의세계","정종수",3,"수(09:00-11:00),수(11:00-12:00)","","없음","수",3,4
239,"미정","전공선택","CUL1212-15144-","MBTI유형에따른대화전략","정종수",3,"목(09:00-11:00),목(11:00-12:00)","","없음","목",3,4
240,"미정","전공선택","CUL1213-15145-","직장인을위한프레젠테이션","정종수",3,"수(13:00-15:00),수(15:00-16:00)","","없음","수",7,8
241,"미정","전공선택","CUL1215-15147-","21세기뮤지컬과미래예술","김준희",3,"월(15:00-16:30),월(16:30-18:00)","","없음","월",8,10
242,"미정","전공선택","CUL1221-15152-","Fact versus Fiction: Media Literacy and Detecting Fake News","Caroline Sommerville Ward",3,"화(14:30-16:00),목(16:00-17:30)","","없음","목",8,9
243,"미정","전공선택","CUL1224-15155-","과학의탈국가화","정혜경",3,"목(13:00-14:30),목(14:30-16:00)","","없음","목",6,8
244,"미정","전공선택","CUL1232-15163-","질병과장애,고통의음악학","계희승",2,"월(13:00-15:00)","","없음","월",5,7
245,"미정","전공선택","CUL1233-15164-","로봇시대의논쟁","이채리",3,"금(09:00-10:30),금(10:30-12:00)","","없음","금",2,4
246,"미정","전공선택","CUL2016-15168-","관광과지리","장민희",2,"목(09:00-11:00)","","없음","목",1,3
247,"미정","전공선택","CUL2022-15170-","말과현대생활","이윤희",2,"목(11:00-13:00)","","없음","목",3,5
248,"미정","전공선택","CUL2025-15171-","가족문제","안윤영",2,"수(11:00-13:00)","","없음","수",3,5
249,"미정","전공선택","CUL2075-15174-","지진과생활","이승규",2,"수(11:00-13:00)","","없음","수",3,5
250,"미정","전공선택","CUL3011-15175-","일반물리학및실험1","이명재",4,"수(11:00-13:00),금(15:00-17:00)","","없음","금",7,9
251,"미정","전공선택","CUL3012-15176-","일반물리학및실험2","조진호",3,"수(15:00-17:00),금(13:00-15:00)","","없음","금",5,7
252,"미정","전공선택","CUL3036-15177-","스크린영어","서지윤",3,"화(16:00-17:30),화(17:30-19:00)","","없음","화",9,10
253,"미정","전공선택","CUL3084-15178-","영.미문화와영화","김윤정",3,"수(16:00-17:30),수(17:30-19:00)","","없음","수",9,10
254,"미정","전공선택","CUL3102-15180-","The Language of Cinema","Hugh Newton",2,"금(11:00-13:00)","","없음","금",3,5
255,"미정","전공선택","CUL4077-15181-","발달과부모교육","안윤영",2,"수(09:00-11:00)","","없음","수",1,3
256,"미정","전공선택","CUL5001-15185-","주거학개론","박다연",2,"화(09:00-11:00)","","없음","화",1,3
257,"미정","전공선택","CUL5018-15187-","라틴아메리카문화와예술","정동희",3,"금(09:00-10:30),금(10:30-12:00)","","없음","금",2,4
258,"미정","전공선택","CUL5042-15188-","필수비즈니스한자","윤국화",2,"월(11:00-13:00)","","없음","월",3,5
259,"미정","전공선택","CUL5043-15189-","재미있는한자세계","김진희",2,"금(13:00-15:00)","","없음","금",5,7
260,"미정","전공선택","CUL5066-15191-","고전음악의이해","김경화",2,"목(13:00-15:00)","","없음","목",5,7
261,"미정","전공선택","CUL6017-15195-","외국인을위한한국의역사와문화","주혁",2,"화(13:00-15:00)","","없음","화",5,7
262,"미정","전공선택","CUL6025-15196-","생명공학의이해","김백호",2,"화(13:00-15:00)","","없음","화",5,7
263,"미정","전공선택","CUL6031-15198-","세상으로걸어간과학기술자들","김호연",3,"월(13:00-15:00)","","없음","월",5,7
264,"미정","전공선택","CUL6048-15199-","식생활과안전","엄애선",2,"화(11:00-13:00)","","없음","화",3,5
265,"미정","전공선택","CUL6069-15200-","CEO세미나(혁신과변화)","김종식",2,"화(15:00-17:00)","","없음","화",7,9
266,"미정","전공선택","CUL6077-15201-","상상력을자극하는한자교실","박수밀",2,"화(13:00-15:00)","","없음","화",5,7
267,"미정","전공선택","CUL6079-15203-","분석과비판","민찬홍",2,"목(09:00-11:00)","","없음","목",1,3
268,"미정","전공선택","CUL6086-15204-","인간과음악적상상력","정경영",2,"월(15:00-17:00)","","없음","월",7,9
269,"미정","전공선택","CUL6100-15209-","Capturing the Essence of Outliers: Exploring the Minds of Innovative Leaders","Stacey Eujung Choi",3,"월(13:00-14:30),목(10:30-12:00)","","없음","목",2,4
270,"미정","전공선택","CUL6101-15210-","Globalisation, Ethics and International Development","Michael William Brandon",3,"화(14:30-16:00),금(14:30-16:00)","","없음","금",6,8
271,"미정","전공선택","CUL6102-15211-","Reading in Science Fiction","Luke Oliver Allum",3,"수(13:00-14:30),금(14:30-16:00)","","없음","금",6,8
272,"미정","전공선택","CUL6104-15212-","수사학으로읽는미디어와대중문화","이은실",3,"수(13:00-14:30),수(14:30-16:00)","","없음","수",6,8
273,"미정","전공선택","CUL6107-15213-","영성과음악","이천진",2,"수(15:00-17:00)","","없음","수",7,9
274,"미정","전공선택","CUL7011-15216-","문화비즈니스와리더십","김현주",2,"수(13:00-15:00)","","없음","수",5,7
275,"미정","전공선택","CUL7016-15217-","영화의역사","김윤지",2,"화(13:00-15:00)","","없음","화",5,7
276,"미정","전공선택","CUL7106-15229-","글로벌지속가능소비와시장","언초",3,"월(13:00-14:30),월(14:30-16:00)","","없음","월",6,8
277,"미정","전공선택","CUL7107-15230-","일의세계와노동법","고수현",3,"수(15:00-16:30),수(16:30-18:00)","","없음","수",8,10
278,"미정","전공선택","CUL7110-15232-","블랜디드온스테이지-뮤지컬제작프로젝트","송용진",3,"금(15:00-18:00)","","없음","금",7,10
279,"미정","전공선택","CUL7114-15235-","글로벌지속가능성마케팅","김지수",3,"목(16:00-17:00),목(17:00-19:00)","","없음","목",9,10
280,"미정","전공선택","EDU1009-15248-","국제교육실습","김선아",2,"시간미지정강좌","","없음",,,
281,"미정","전공선택","EDU2055-15251-","정신건강과적응","이경호",2,"수(15:00-17:00)","","없음","수",7,9
282,"미정","전공선택","EDU3080-15261-","학교폭력예방및학생의이해","조영상",2,"목(13:00-15:00)","","없음","목",5,7
283,"미정","전공선택","EDU4003-15262-","교육실습","김선아",2,"시간미지정강좌","","없음",,,
284,"미정","전공선택","FUT1008-15274-","인문대생을위한창의적프로그래밍","최승호",3,"월(16:00-19:00)","","없음","월",8,10
285,"미정","전공선택","CUL4030-15877-","교양농구1","정재훈",2,"월(11:00-13:00)","","없음","월",3,5
286,"미정","전공선택","CUL4030-15878-","교양농구1","정재훈",2,"월(15:00-17:00)","","없음","월",7,9
287,"미정","전공선택","CUL5036-15879-","교양배드민턴","맹이섭",2,"월(13:00-15:00)","","없음","월",5,7
288,"미정","전공선택","CUL5036-15880-","교양배드민턴","김만근",2,"금(13:00-15:00)","","없음","금",5,7
289,"미정","전공선택","CUL0203-15761-","AI시대쓰기의힘","만다",2,"월(15:00-17:00)","","없음","월",7,9
290,"미정","전공선택","CUL0203-15762-","AI시대쓰기의힘","만다",2,"화(13:00-15:00)","","없음","화",5,7
291,"미정","전공선택","CUL0203-15763-","AI시대쓰기의힘","조양",2,"화(09:00-11:00)","","없음","화",1,3
292,"미정","전공선택","CUL0204-15764-","통합사고와읽기의기술","김치성",2,"목(15:00-17:00)","","없음","목",7,9
293,"미정","전공선택","CUL6056-15881-","교양웨이트트레이닝","유현기",2,"화(09:00-11:00)","","없음","화",1,3
294,"미정","전공선택","CUL6056-15882-","교양웨이트트레이닝","조아라",2,"화(11:00-13:00)","","없음","화",3,5
295,"미정","전공선택","CUL6056-15883-","교양웨이트트레이닝","조아라",2,"화(15:00-17:00)","","없음","화",7,9
296,"미정","전공선택","CUL6056-15884-","교양웨이트트레이닝","박종진",2,"목(09:00-11:00)","","없음","목",1,3
297,"미정","전공선택","CUL6056-15885-","교양웨이트트레이닝","강성훈",2,"목(11:00-13:00)","","없음","목",3,5
298,"미정","전공선택","CUL6056-15886-","교양웨이트트레이닝","강성훈",2,"목(13:00-15:00)","","없음","목",5,7
299,"미정","전공선택","CUL4028-15887-","교양축구1","최정호",2,"목(09:00-11:00)","","없음","목",1,3
300,"미정","전공선택","CUL4028-15888-","교양축구1","최정호",2,"목(13:00-15:00)","","없음","목",5,7
301,"미정","전공선택","CUL4036-15889-","교양탁구1","아미르 카만디",2,"화(09:00-11:00)","","없음","화",1,3
302,"미정","전공선택","CUL4036-15890-","교양탁구1","아미르 카만디",2,"화(11:00-13:00)","","없음","화",3,5
303,"미정","전공선택","CUL4034-15891-","교양테니스1","김종희",2,"화(15:00-17:00)","","없음","화",7,9
304,"미정","전공선택","CUL4034-15892-","교양테니스1","김종희",2,"목(15:00-17:00)","","없음","목",7,9
305,"미정","전공선택","CUL1202-15894-","뉴스포츠","유현기",2,"수(09:00-11:00)","","없음","수",1,3
306,"미정","전공선택","CUL1202-15895-","뉴스포츠","유현기",2,"수(11:00-13:00)","","없음","수",3,5
307,"미정","전공선택","CUL1166-15896-","버추얼피트니스산업디자인","김성민",3,"수(15:00-16:00),수(16:00-18:00)","","없음","수",8,10
308,"미정","전공선택","CUL5013-15898-","요가","최현주",2,"월(11:00-13:00)","","없음","월",3,5
309,"미정","전공선택","CUL5013-15899-","요가","최현주",2,"월(13:00-15:00)","","없음","월",5,7
310,"미정","전공선택","GEN6032-15735-","전문학술영어","Kimberley Jean Blount",3,"화(10:30-12:00),금(10:30-12:00)","","없음","금",2,4
311,"미정","전공선택","GEN6032-15736-","전문학술영어","Younghwa Choi-Hong",3,"화(14:30-16:00),금(13:00-14:30)","","없음","금",5,6
312,"미정","전공선택","CLS1015-15777-","사회클래식:자서전의힘","김현주",3,"수(15:00-17:00)","","없음","수",7,9
313,"미정","전공선택","GEN5010-15826-","지적재산법","김병일",3,"수(15:00-16:30),수(16:30-18:00)","","없음","수",8,10
314,"미정","전공선택","CUL6037-15776-","과학기술학의새로운지평","김성희",3,"금(16:00-17:30),금(17:30-19:00)","","없음","금",9,10
315,"미정","전공선택","GEN4091-15805-","과학기술의철학적이해","이채리",3,"화(10:30-12:00)","","없음","화",2,4
316,"미정","전공선택","GEN4091-15806-","과학기술의철학적이해","박민아",3,"화(10:30-12:00)","","없음","화",2,4
317,"미정","전공선택","GEN4091-15807-","과학기술의철학적이해","남영",3,"목(09:00-10:30)","","없음","목",1,2
318,"미정","전공선택","GEN4091-15808-","과학기술의철학적이해","남영",3,"목(10:30-12:00)","","없음","목",2,4
319,"미정","전공선택","CLS1008-15838-","인문클래식BL:언어의비밀","전은진",3,"화(15:00-17:00)","","없음","화",7,9
320,"미정","전공선택","FUT2003-15277-","디지털게임과현대사회","김은정",3,"화(09:00-11:00),화(11:00-12:00)","","없음","화",3,4
321,"미정","전공선택","FUT2007-15281-","테크노사이언스가만드는세상","박민아",3,"월(13:00-14:30),월(14:30-16:00)","","없음","월",6,8
322,"미정","전공선택","FUT2009-15283-","네트워크사회를위한미래인문학","오경준",3,"금(13:00-14:30),금(14:30-16:00)","","없음","금",6,8
323,"미정","전공선택","FUT2011-15285-","사회적상상력을여는소통과혁신의수사학","조명희",3,"금(09:00-10:30),금(10:30-12:00)","","없음","금",2,4
324,"미정","전공선택","CUL6092-15846-","20대의논어읽기","서신혜",3,"월(13:00-15:00),시간미지정강좌","","없음",,,
325,"미정","전공선택","CUL6092-15847-","20대의논어읽기","서신혜",3,"목(11:00-13:00),시간미지정강좌","","없음",,,
326,"미정","전공선택","CUL7047-15848-","옛소설과현대와의대화","서신혜",3,"월(15:00-17:00)","","없음","월",7,9
327,"미정","전공선택","CUL7047-15849-","옛소설과현대와의대화","서신혜",3,"목(13:00-15:00)","","없음","목",5,7
328,"미정","전공선택","GEN7025-15758-","멀티미디어영작문","Ian Gareth Robert Jones",2,"목(11:00-13:00)","","없음","목",3,5
329,"미정","전공선택","GEN7025-15759-","멀티미디어영작문","Matthew John Clement",2,"월(13:00-15:00)","","없음","월",5,7
330,"미정","전공선택","GEN3041-15832-","초급중국어1","박준수",3,"화(15:00-17:00)","","없음","화",7,9
331,"미정","전공선택","GEN3041-15833-","초급중국어1","박준수",3,"수(11:00-13:00)","","없음","수",3,5
332,"미정","전공선택","GEN3041-15834-","초급중국어1","박준수",3,"수(15:00-17:00)","","없음","수",7,9
333,"미정","전공선택","GEN3041-15835-","초급중국어1","박준수",3,"목(11:00-13:00)","","없음","목",3,5
334,"미정","전공선택","GEN3041-15836-","초급중국어1","박준수",3,"목(13:00-15:00)","","없음","목",5,7
335,"미정","전공선택","CLS1008-15837-","인문클래식BL:언어의비밀","전은진",3,"화(11:00-13:00)","","없음","화",3,5
336,"미정","전공선택","GEN5014-15853-","기초스페인어","진미령",3,"수(09:00-11:00)","","없음","수",1,3
337,"미정","전공선택","CUL1041-15854-","전통음악감상","박지인",2,"월(11:00-13:00)","","없음","월",3,5
338,"미정","전공선택","CUL1041-15855-","전통음악감상","박지인",2,"월(13:00-15:00)","","없음","월",5,7
339,"미정","전공선택","CUL1041-15856-","전통음악감상","이윤정",2,"월(11:00-13:00)","","없음","월",3,5
340,"미정","전공선택","CUL1201-15873-","의사소통과이미지메이킹론","권나은",3,"금(09:00-10:30),금(10:30-12:00)","","없음","금",2,4
341,"미정","전공선택","CUL1201-15874-","의사소통과이미지메이킹론","김혜림",3,"화(09:00-10:30),화(10:30-12:00)","","없음","화",2,4
342,"미정","전공선택","GEN3086-15893-","구급법","성기석",2,"수(11:00-13:00)","","없음","수",3,5
343,"미정","전공선택","CUL3005-15900-","운동과다이어트","김다흰",2,"화(13:00-15:00)","","없음","화",5,7
344,"미정","전공선택","DAN1037-15901-","필라테스","황민경",2,"화(09:00-11:00)","","없음","화",1,3
345,"미정","전공선택","DAN1037-15902-","필라테스","황민경",2,"화(11:00-13:00)","","없음","화",3,5
346,"미정","전공선택","DAN1037-15903-","필라테스","황민경",2,"목(13:00-15:00)","","없음","목",5,7
347,"미정","전공선택","DAN1037-15904-","필라테스","정경화",2,"수(09:00-11:00)","","없음","수",1,3
348,"미정","전공선택","DAN1037-15905-","필라테스","순아름",2,"금(09:00-11:00)","","없음","금",1,3
349,"미정","전공선택","CLS1009-15778-","사회클래식BL:사랑의역사와문화정치학","김현주",3,"목(13:00-15:00)","","없음","목",5,7
350,"미정","전공선택","CLS1023-15782-","인문클래식:문학으로읽는음식과인간","김지선",3,"수(16:00-18:00),수(18:00-19:00)","","없음","수",10,10
351,"미정","전공선택","GEN4091-15809-","과학기술의철학적이해","김호연",3,"목(13:00-14:30)","","없음","목",5,6
352,"미정","전공선택","GEN4091-15810-","과학기술의철학적이해","김호연",3,"목(14:30-16:00)","","없음","목",6,8
353,"미정","전공선택","GEN2052-15827-","미분적분학1","최나리",3,"월(14:30-16:00),목(13:00-14:30)","","없음","목",5,6
354,"미정","전공선택","GEN2053-15828-","미분적분학2","최나리",3,"월(16:00-17:30),수(16:00-17:30)","","없음","수",8,9
355,"미정","전공선택","GEN2053-15829-","미분적분학2","정예원",3,"화(09:00-10:30),목(10:30-12:00)","","없음","목",2,4
356,"미정","전공선택","GEN2053-15830-","미분적분학2","허재성",3,"월(14:30-16:00),목(13:00-14:30)","","없음","목",5,6
357,"미정","전공선택","GEN2053-15831-","미분적분학2","조규동",3,"화(16:00-17:30),금(14:30-16:00)","","없음","금",6,8
358,"미정","전공선택","CUL1216-15907-","호신술과자기방어","손성원",2,"목(09:00-11:00)","","없음","목",1,3
359,"미정","전공선택","CUL1216-15908-","호신술과자기방어","손성원",2,"목(11:00-13:00)","","없음","목",3,5
360,"미정","전공선택","CUL1216-15909-","호신술과자기방어","김만근",2,"금(11:00-13:00)","","없음","금",3,5
361,"미정","전공선택","CLS1022-15775-","과학클래식:생명과문명의융합적세계관을향하여","정혜경",3,"금(09:00-10:30),금(10:30-12:00)","","없음","금",2,4
362,"미정","전공선택","CLS1011-15780-","예술클래식BL:신화로읽는동화","강민경",3,"화(11:00-13:00)","","없음","화",3,5
363,"미정","전공선택","GEN4091-15811-","과학기술의철학적이해","남영",3,"금(09:00-10:30)","","없음","금",1,2
364,"미정","전공선택","CUL1122-15850-","창의적프로그래밍","신수연",2,"화(15:00-16:00),화(16:00-17:00)","","없음","화",8,9
365,"미정","전공선택","CUL1122-15851-","창의적프로그래밍","장병철",2,"화(15:00-16:00),화(16:00-17:00)","","없음","화",8,9
366,"미정","전공선택","GEN3041-15814-","초급중국어1","한승",3,"수(11:00-13:00)","","없음","수",3,5
367,"미정","전공선택","GEN3041-15815-","초급중국어1","한승",3,"수(13:00-15:00)","","없음","수",5,7
368,"미정","전공선택","GEN3041-15812-","초급중국어1","ZHAO MENGMENG",3,"월(11:00-13:00)","","없음","월",3,5
369,"미정","전공선택","GEN3041-15813-","초급중국어1","ZHAO MENGMENG",3,"월(13:00-15:00)","","없음","월",5,7
370,"미정","전공선택","CLS1007-15816-","인문클래식BL:삼국지와인간","박동욱",3,"수(09:00-11:00)","","없음","수",1,3
371,"미정","전공선택","CLS1007-15817-","인문클래식BL:삼국지와인간","박동욱",3,"수(13:00-15:00)","","없음","수",5,7
372,"미정","전공선택","INO0001-15820-","유쾌한이노베이션","정효찬",2,"목(11:00-13:00)","","없음","목",3,5
373,"미정","전공선택","INO0001-15821-","유쾌한이노베이션","정효찬",2,"목(13:00-15:00)","","없음","목",5,7
374,"미정","전공선택","INO0001-15822-","유쾌한이노베이션","정효찬",2,"목(15:00-17:00)","","없음","목",7,9
375,"미정","전공선택","CUL6003-15897-","성인병과운동","석민화",2,"월(11:00-13:00)","","없음","월",3,5
376,"미정","전공선택","CUL6014-15910-","연극치료","김석윤",2,"수(11:00-13:00)","","없음","수",3,5
377,"미정","전공선택","GEN7044-15752-","영어말하기및표현연습2(영어노래분석과표현기법)","Gary Joseph Turnham",2,"목(11:00-13:00)","","없음","목",3,5
378,"미정","전공선택","GEN7044-15753-","영어말하기및표현연습2(영어노래분석과표현기법)","Esther du Plessis",2,"목(11:00-13:00)","","없음","목",3,5
379,"미정","전공선택","CUL0210-15760-","AI와함께하는스마트자기주도학습","Ian Gareth Robert Jones",2,"월(11:00-13:00)","","없음","월",3,5
380,"미정","전공선택","CUL7048-15781-","하루키와함께읽는고전","김지선",2,"수(13:00-15:00)","","없음","수",5,7
381,"미정","전공선택","CUL1158-15876-","항공업진로의탐색","권나은",3,"금(13:00-14:30),금(14:30-16:00)","","없음","금",6,8
382,"미정","전공선택","CUL0005-15766-","말과글","전지은",3,"월(13:00-14:30),수(13:00-14:30)","","없음","수",5,6
383,"미정","전공선택","GEN6045-15748-","기초학술영어","Connie Park",3,"월(11:00-13:00)","","없음","월",3,5
384,"미정","전공선택","GEN6045-15745-","기초학술영어","Mimi Eun Newton",3,"목(13:00-15:00)","","없음","목",5,7
385,"미정","전공선택","GEN6045-15746-","기초학술영어","S. Afflick-Smith",3,"수(11:00-13:00)","","없음","수",3,5
386,"미정","전공선택","GEN6045-15747-","기초학술영어","S. Afflick-Smith",3,"목(11:00-13:00)","","없음","목",3,5
387,"미정","전공선택","GEN6045-15749-","기초학술영어","Connie Park",3,"목(11:00-13:00)","","없음","목",3,5
388,"미정","전공선택","GEN7024-15754-","비판적사고와창의적추론:현대적사고를위한툴","Michael William Brandon",2,"금(11:00-13:00)","","없음","금",3,5
389,"미정","전공선택","GEN7024-15755-","비판적사고와창의적추론:현대적사고를위한툴","Luke Oliver Allum",2,"수(11:00-13:00)","","없음","수",3,5
390,"미정","전공선택","GEN7027-15756-","취업영어커뮤니케이션","Matthew John Clement",2,"화(11:00-13:00)","","없음","화",3,5
391,"미정","전공선택","GEN7027-15757-","취업영어커뮤니케이션","Matthew John Clement",2,"금(11:00-13:00)","","없음","금",3,5
392,"미정","전공선택","GEN7029-15750-","시나리오영작문","Hugh Newton",2,"화(13:00-15:00)","","없음","화",5,7
393,"미정","전공선택","GEN7029-15751-","시나리오영작문","Hugh Newton",2,"월(13:00-15:00)","","없음","월",5,7
394,"미정","전공선택","CUL0005-15765-","말과글","김치성",3,"월(10:30-12:00),수(10:30-12:00)","","없음","수",2,4
395,"미정","전공선택","CUL0005-15769-","말과글","허진혁",3,"화(10:30-12:00),목(10:30-12:00)","","없음","목",2,4
396,"미정","전공선택","CUL0005-15770-","말과글","김선화",3,"화(13:00-14:30),목(13:00-14:30)","","없음","목",5,6
397,"미정","전공선택","CUL1167-15839-","로봇의이해","이재수",3,"수(13:00-15:00),수(15:00-17:00)","","없음","수",7,9
398,"미정","전공선택","CUL1167-15840-","로봇의이해","이재수",3,"수(13:00-15:00),수(15:00-17:00)","","없음","수",7,9
399,"미정","전공선택","CUL1167-15841-","로봇의이해","이태영",3,"목(13:00-15:00),목(15:00-17:00)","","없음","목",7,9
400,"미정","전공선택","CUL1167-15842-","로봇의이해","이태영",3,"목(13:00-15:00),목(15:00-17:00)","","없음","목",7,9
401,"미정","전공선택","CUL1214-15843-","스마트장치의이해","이태영",2,"화(13:00-14:00),화(14:00-16:00)","","없음","화",6,8
402,"미정","전공선택","CUL1214-15844-","스마트장치의이해","오승연",2,"금(09:00-10:00),금(10:00-12:00)","","없음","금",2,4
403,"미정","전공선택","CUL1214-15845-","스마트장치의이해","오승연",2,"금(13:00-14:00),금(14:00-16:00)","","없음","금",6,8
404,"미정","전공선택","CUL1026-15857-","대학합창","임병훈",2,"금(09:00-11:00)","","없음","금",1,3
405,"미정","전공선택","GEN2095-15859-","중급일본어","배소연",2,"월(09:00-11:00)","","없음","월",1,3
406,"미정","전공선택","FRE1055-15861-","기초프랑스어","문규영",3,"수(16:00-17:30),수(17:30-19:00)","","없음","수",9,10
407,"미정","전공선택","FRE1055-15862-","기초프랑스어","서덕렬",3,"목(13:00-14:30),목(14:30-16:00)","","없음","목",6,8
408,"미정","전공선택","GEN5069-15865-","중급프랑스어","Rukiye AKDAG",2,"금(11:00-13:00)","","없음","금",3,5
409,"미정","전공선택","CUL5057-15867-","실용일어회화","배소연",2,"월(11:00-13:00)","","없음","월",3,5
410,"미정","전공선택","CUL5057-15868-","실용일어회화","최경옥",2,"목(13:00-15:00)","","없음","목",5,7
411,"미정","전공선택","CUL7116-15737-","Ideology in Politics and Culture","Luke Oliver Allum",3,"수(14:30-16:00),금(10:30-12:00)","","없음","금",2,4
412,"미정","전공선택","GEN7028-15738-","기업·공공부문커뮤니케이션실전","Michael William Brandon",2,"목(13:00-15:00)","","없음","목",5,7
413,"미정","전공선택","GEN7028-15739-","기업·공공부문커뮤니케이션실전","Douglas N. McIntosh",2,"월(11:00-13:00)","","없음","월",3,5
414,"미정","전공선택","CLS1002-15818-","인문클래식:인간과가족","박동욱",3,"목(09:00-10:30),목(10:30-12:00)","","없음","목",2,4
415,"미정","전공선택","CLS1002-15819-","인문클래식:인간과가족","박동욱",3,"목(16:00-17:30),목(17:30-19:00)","","없음","목",9,10
416,"미정","전공선택","GEN3041-15823-","초급중국어1","김명신",3,"화(13:00-15:00)","","없음","화",5,7
417,"미정","전공선택","CUL0005-15771-","말과글","이은실",3,"화(14:30-16:00),목(14:30-16:00)","","없음","목",6,8
418,"미정","전공선택","CUL0005-15772-","말과글","만다",3,"화(14:30-16:00),수(14:30-16:00)","","없음","수",6,8
419,"미정","전공선택","CUL0005-15773-","말과글","오민수",3,"화(16:00-17:30),목(16:00-17:30)","","없음","목",8,9
420,"미정","전공선택","CUL0005-15774-","말과글","김치성",3,"월(09:00-10:30),수(09:00-10:30)","","없음","수",1,2
421,"미정","전공선택","CUL1152-15825-","기후변화와임팩트비즈니스","김태한",3,"목(13:00-14:30),목(14:30-16:00)","","없음","목",6,8
422,"미정","전공선택","GEN2094-15869-","초급일본어","김주연",3,"월(09:00-10:30),월(10:30-12:00)","","없음","월",2,4
423,"미정","전공선택","GEN2094-15870-","초급일본어","전유나",3,"화(09:00-10:30),화(10:30-12:00)","","없음","화",2,4
424,"미정","전공선택","GEN2094-15871-","초급일본어","오수진",3,"월(13:00-14:30),월(14:30-16:00)","","없음","월",6,8
425,"미정","전공선택","GEN2094-15872-","초급일본어","최경옥",3,"화(13:00-14:30),화(14:30-16:00)","","없음","화",6,8
426,"미정","전공선택","CLS1010-15948-","사회클래식BL:성과인간의대화","임은희",3,"목(13:00-15:00)","","없음","목",5,7
427,"미정","전공선택","GEN5028-15927-","민법의이해","이준형",3,"월(13:00-14:30),월(14:30-16:00)","","없음","월",6,8
428,"미정","전공선택","CUL4032-15955-","교양배구1","양진웅",2,"화(11:00-13:00)","","없음","화",3,5
429,"미정","전공선택","CUL4032-15956-","교양배구1","양진웅",2,"화(13:00-15:00)","","없음","화",5,7
430,"미정","전공선택","CUL0135-15922-","글로벌기업가정신","배태준",3,"금(13:00-14:30),금(14:30-16:00)","","없음","금",6,8
431,"미정","전공선택","CUL0125-15923-","성공취업의이해","홍주영",2,"화(15:00-17:00)","","없음","화",7,9
432,"미정","전공선택","CUL0125-15924-","성공취업의이해","안태정",2,"월(13:00-15:00)","","없음","월",5,7
433,"미정","전공선택","CUL0125-15925-","성공취업의이해","안태정",2,"월(15:00-17:00)","","없음","월",7,9
434,"미정","전공선택","CUL2019-15914-","심리학의이해","이숙희",2,"수(13:00-15:00)","","없음","수",5,7
435,"미정","전공선택","CUL2019-15915-","심리학의이해","이숙희",2,"수(15:00-17:00)","","없음","수",7,9
436,"미정","전공선택","CUL5042-15943-","필수비즈니스한자","윤국화",2,"월(13:00-15:00)","","없음","월",5,7
437,"미정","전공선택","CUL4088-15935-","중국의역사와문화","이승아",2,"화(11:00-13:00)","","없음","화",3,5
438,"미정","전공선택","CUL3036-15941-","스크린영어","박주영",3,"수(13:00-14:30),수(14:30-16:00)","","없음","수",6,8
439,"미정","전공선택","ENG4017-15942-","실용영문법","이영인",3,"화(16:00-17:30),화(17:30-19:00)","","없음","화",9,10
440,"미정","전공선택","CUL0051-15944-","현대중국의이해","안창현",3,"화(13:00-14:30),화(14:30-16:00)","","없음","화",6,8
441,"미정","전공선택","FET1001-15913-","스마트에너지와지속가능한미래","김성희",3,"시간미지정강좌,시간미지정강좌","","없음",,,
442,"미정","전공선택","GEN3016-15918-","생활법률","안문희",2,"수(15:00-17:00)","","없음","수",7,9
443,"미정","전공선택","GEN3016-15919-","생활법률","박세영",2,"수(11:00-13:00)","","없음","수",3,5
444,"미정","전공선택","EDU3042-15951-","교육봉사활동2","김선아",2,"시간미지정강좌","","없음",,,
445,"미정","전공선택","EDU3080-15953-","학교폭력예방및학생의이해","임종근",2,"목(15:00-17:00)","","없음","목",7,9
446,"미정","전공선택","CUL0211-15949-","AI를위한컴퓨터구조및프로그래밍이해","박주열",2,"수(09:00-10:00),수(10:00-11:00)","","없음","수",2,3
447,"미정","전공선택","GEN5049-15911-","대중문화와패션","이지연",3,"수(09:00-10:30),수(10:30-12:00)","","없음","수",2,4
448,"미정","전공선택","GEN5049-15912-","대중문화와패션","이지연",3,"수(13:00-14:30),수(14:30-16:00)","","없음","수",6,8
449,"미정","전공선택","GEN4029-15916-","인간관계훈련","조희원",2,"월(15:00-17:00)","","없음","월",7,9
450,"미정","전공선택","GEN4029-15917-","인간관계훈련","조희원",2,"화(15:00-17:00)","","없음","화",7,9
451,"미정","전공선택","CUL0212-15926-","외국인유학생을위한한국취·창업전략과실습","김범수",2,"금(15:00-16:00),금(16:00-17:00)","","없음","금",8,9
452,"미정","전공선택","CUL6078-15960-","미디어로세상읽기","이영희",2,"목(15:00-17:00)","","없음","목",7,9
453,"미정","전공선택","GEN1040-15931-","초급독일어","최지수",3,"월(16:00-17:30),월(17:30-19:00)","","없음","월",9,10
454,"미정","전공선택","FUT3013-15947-","인문대생을위한앱프로그래밍","이주호",3,"목(09:00-12:00)","","없음","목",1,4
455,"미정","전공선택","EDU2061-15952-","생활지도및상담","조한익",2,"목(13:00-15:00)","","없음","목",5,7
456,"미정","전공선택","EDU4019-15950-","교육방법및공학","오현숙",2,"수(15:00-17:00)","","없음","수",7,9
457,"미정","전공선택","CUL1238-15961-","파워앱스를활용한현장프로세스디지털전환","홍석준",2,"목(15:00-16:00),목(16:00-17:00)","","없음","목",8,9
458,"미정","전공선택","CUL1236-15928-","교양펜싱","김정환",2,"수(13:00-15:00)","","없음","수",5,7
459,"미정","전공선택","CUL0047-15932-","영화로보는서양의역사","고광열",2,"월(13:00-15:00)","","없음","월",5,7
460,"미정","전공선택","CUL6017-15933-","외국인을위한한국의역사와문화","주혁",2,"화(15:00-17:00)","","없음","화",7,9
461,"미정","전공선택","CUL6017-15934-","외국인을위한한국의역사와문화","주혁",2,"수(13:00-15:00)","","없음","수",5,7
462,"미정","전공선택","GEN1092-15936-","한국근현대사","정종원",2,"수(15:00-17:00)","","없음","수",7,9
463,"미정","전공선택","GEN1092-15937-","한국근현대사","김민석",2,"목(15:00-17:00)","","없음","목",7,9
464,"미정","전공선택","CUL1056-15938-","한국의역사와문화","박종연",2,"수(11:00-13:00)","","없음","수",3,5
465,"미정","전공선택","CUL1056-15939-","한국의역사와문화","박종연",2,"수(13:00-15:00)","","없음","수",5,7
466,"미정","전공선택","CUL1056-15940-","한국의역사와문화","홍양희",2,"목(15:00-17:00)","","없음","목",7,9
467,"미정","전공선택","CUL1150-15921-","헌법의이해","조하늬",3,"수(13:00-14:30),수(14:30-16:00)","","없음","수",6,8
468,"미정","전공선택","CUL3016-15957-","교양댄스스포츠","김현진",2,"화(13:00-15:00)","","없음","화",5,7
469,"미정","전공선택","CUL3016-15958-","교양댄스스포츠","김현진",2,"화(15:00-17:00)","","없음","화",7,9
470,"미정","전공선택","CUL3016-15959-","교양댄스스포츠","김현진",2,"목(11:00-13:00)","","없음","목",3,5
471,"미정","전공선택","SYH0002-15954-","사랑의실천2(스마트커뮤니케이션)","최영태",2,"시간미지정강좌","","없음",,,
472,"미정","전공선택","DME3065-12892-","재료및생산가공실험1","배지웅",2,"월(15:00-19:00)","","없음","월",7,10
473,"미정","전공선택","MEE4001-12899-","열전달","엄석기",3,"월(10:30-12:00),수(10:30-12:00)","","없음","수",2,4
474,"미정","전공선택","CHM3078-10739-","촉매반응공학","서영웅",3,"화(13:00-14:30),목(13:00-14:30)","","없음","목",5,6
475,"미정","전공선택","GEN5100-10748-","커리어개발Ⅱ:취.창업진로포트폴리오","염봉준",1,"목(16:00-17:00)","","없음","목",8,9
476,"미정","전공선택","ICH3011-10749-","전달현상","서정길",3,"화(10:30-12:00),목(10:30-12:00)","","없음","목",2,4
477,"미정","전공선택","BNG3003-10753-","세포및조직공학","신흥수",3,"월(14:30-16:00),수(14:30-16:00)","","없음","수",6,8
478,"미정","전공선택","MAT2020-12766-","이산수학","최진식",3,"화(13:00-14:30),목(14:30-16:00)","","없음","목",6,8
479,"미정","전공선택","GEN5100-12773-","커리어개발Ⅱ:취.창업진로포트폴리오","김은솔",1,"화(17:00-18:00)","","없음","화",9,10
480,"미정","전공선택","GEN5100-12776-","커리어개발Ⅱ:취.창업진로포트폴리오","이성윤",1,"화(17:00-18:00)","","없음","화",9,10
481,"미정","전공선택","INE4111-12915-","산업공학연구실현장실습4","송재욱",1,"시간미지정강좌","","없음",,,
482,"미정","전공선택","AUE3030-12930-","자동차공학실험","조기춘",2,"목(15:00-19:00)","","없음","목",7,10
483,"미정","전공선택","AUE4030-12933-","미래자동차공학연구실현장실습4","유지형",1,"시간미지정강좌","","없음",,,
484,"미정","전공선택","AUE4030-12937-","미래자동차공학연구실현장실습4","한경석",1,"시간미지정강좌","","없음",,,
485,"미정","전공선택","BNG3004-10754-","생명공학실험2(URIP)","이동윤",2,"금(13:00-17:00)","","없음","금",5,9
486,"미정","전공선택","GEN5100-10764-","커리어개발Ⅱ:취.창업진로포트폴리오","임태연",1,"월(16:00-17:00)","","없음","월",8,9
487,"미정","전공선택","CSE4057-10783-","자연어처리론","김태욱",3,"월(10:30-12:00),목(13:00-14:30)","","없음","목",5,6
488,"미정","전공선택","ECN4003-10784-","기계학습이론","이성윤",3,"월(10:30-12:00),수(10:30-12:00)","","없음","수",2,4
489,"미정","전공선택","ITE4055-12783-","캡스톤소프트웨어프로젝트2","조영필",1,"시간미지정강좌","","없음",,,
490,"미정","전공선택","ITE4055-12784-","캡스톤소프트웨어프로젝트2","차재혁",1,"시간미지정강좌","","없음",,,
491,"미정","전공선택","AUE4030-12938-","미래자동차공학연구실현장실습4","황순민",1,"시간미지정강좌","","없음",,,
492,"미정","전공선택","AUE4030-12939-","미래자동차공학연구실현장실습4","이동진",1,"시간미지정강좌","","없음",,,
493,"미정","전공선택","ITE2038-12943-","데이터베이스시스템및응용","이경용",3,"목(09:00-10:30),목(10:30-12:00)","","없음","목",2,4
494,"미정","전공선택","GEN5100-12951-","커리어개발Ⅱ:취.창업진로포트폴리오","백성용",1,"수(12:00-13:00)","","없음","수",4,5
495,"미정","전공선택","ITE4006-10792-","분산컴퓨팅","이춘화",3,"화(14:30-16:00),목(10:30-12:00)","","없음","목",2,4
496,"미정","전공선택","CUL0203-11982-","AI시대쓰기의힘","허진혁",2,"금(09:00-11:00)","","없음","금",1,3
497,"미정","전공선택","DBC3018-11998-","미생물학","이동윤",3,"월(14:30-16:00),수(14:30-16:00)","","없음","수",6,8
498,"미정","전공선택","BNG3023-12816-","생체공학연구실현장실습4","김인영",1,"시간미지정강좌","","없음",,,
499,"미정","전공선택","MMS3015-12820-","재료열역학2","이종원",3,"화(14:30-16:00),목(14:30-16:00)","","없음","목",6,8
500,"미정","전공선택","CHE3006-10735-","화공열역학2","김경학",3,"월(13:00-14:30),수(14:30-16:00)","","없음","수",6,8
501,"미정","전공선택","CTE3012-10745-","공정제어","박기호",3,"월(14:30-16:00),수(09:00-10:30)","","없음","수",1,2
502,"미정","전공선택","BIO2022-10752-","세포생물학","류성언",3,"화(13:00-14:30),목(13:00-14:30)","","없음","목",5,6
503,"미정","전공선택","ITE2038-10788-","데이터베이스시스템및응용","김상욱",3,"금(09:00-10:30)","","없음","금",1,2
504,"미정","전공선택","BNG3011-10997-","디지털헬스케어","최창순",3,"월(10:30-12:00),수(10:30-12:00)","","없음","수",2,4
505,"미정","전공선택","GEN5100-12828-","커리어개발Ⅱ:취.창업진로포트폴리오","한혁수",1,"화(16:00-17:00)","","없음","화",8,9
506,"미정","전공선택","MSE4004-12836-","신소재공학종합설계2(URIP)","한태희",3,"시간미지정강좌","","없음",,,
507,"미정","전공선택","MAT3008-12845-","수치해석","김진국",3,"월(13:00-14:30),수(10:30-12:00)","","없음","수",2,4
508,"미정","전공선택","GEN5100-12847-","커리어개발Ⅱ:취.창업진로포트폴리오","장윤정",1,"목(16:00-17:00)","","없음","목",8,9
509,"미정","전공선택","ICH3011-12851-","전달현상","서정길",3,"화(14:30-16:00),목(14:30-16:00)","","없음","목",6,8
510,"미정","전공선택","BTN4015-12856-","생명공학종합설계2","이민형",1,"시간미지정강좌","","없음",,,
511,"미정","전공선택","CIE4086-10009-","수처리시스템공학","김영모",3,"월(16:00-17:30),월(17:30-19:00)","","없음","월",9,10
512,"미정","전공선택","CIE4087-10010-","유한요소법의기초","박예원",3,"화(13:00-14:30),목(13:00-14:30)","","없음","목",5,6
513,"미정","전공선택","CIE4089-10011-","건설AI및로봇","김진우",3,"화(09:00-10:30),목(09:00-10:30)","","없음","목",1,2
514,"미정","전공선택","CUL3014-11996-","일반생물학및실험2","이상경",3,"수(09:00-11:00),화(09:00-11:00)","","없음","화",1,3
515,"미정","전공선택","ECL4010-10017-","차량전자제어","이형철",3,"금(15:00-16:30),금(16:30-18:00)","","없음","금",8,10
516,"미정","전공선택","ARE3009-10030-","건축구조역학2","이민정",3,"수(09:00-10:30),수(10:30-12:00)","","없음","수",2,4
517,"미정","전공선택","ARE3069-10031-","건설사업관리1","최훈",3,"수(13:00-15:00),수(15:00-17:00)","","없음","수",7,9
518,"미정","전공선택","ARE4014-10034-","건축구조계획","이은진",3,"수(09:00-10:30),수(10:30-12:00)","","없음","수",2,4
519,"미정","전공선택","CUL0202-12185-","문화기술인간","남영",2,"월(11:00-13:00)","","없음","월",3,5
520,"미정","전공선택","ITE1015-12200-","창의적소프트웨어프로그래밍","김현준",4,"월(15:00-17:00),화(13:00-17:00)","","없음","화",5,9
521,"미정","전공선택","PBL4025-12863-","에너지공학캡스톤PBL(에너지와자원순환)","도시현",3,"수(17:00-19:00),목(15:00-17:00)","","없음","목",7,9
522,"미정","전공선택","GEN5100-12884-","커리어개발Ⅱ:취.창업진로포트폴리오","엄석기",1,"시간미지정강좌","","없음",,,
523,"미정","전공선택","MEE3004-12900-","유체역학2","송시몬",3,"수(13:00-14:30)","","없음","수",5,6
524,"미정","전공선택","INE4090-12916-","산업공학종합설계2","정지훈",3,"금(16:00-19:00)","","없음","금",8,10
525,"미정","전공선택","ECL4013-10018-","전기공학종합설계2","이성민",1,"시간미지정강좌","","없음",,,
526,"미정","전공선택","FET4001-10023-","에너지신산업이슈연구","장문석",3,"시간미지정강좌,시간미지정강좌","","없음",,,
527,"미정","전공선택","GEN5100-10041-","커리어개발Ⅱ:취.창업진로포트폴리오","배성철",1,"월(11:00-12:00)","","없음","월",3,4
528,"미정","전공선택","ENE4028-10047-","반도체공학","박희준",3,"화(10:30-12:00),목(10:30-12:00)","","없음","목",2,4
529,"미정","전공선택","ONE4004-10052-","유기나노공학종합설계2","정인환",3,"시간미지정강좌","","없음",,,
530,"미정","전공선택","EGY3001-10062-","재료물성학","이윤정",3,"월(13:00-14:30),수(13:00-14:30)","","없음","수",5,6
531,"미정","전공선택","MAT2020-12033-","이산수학","김광욱",3,"화(13:00-14:30),목(16:00-17:30)","","없음","목",8,9
532,"미정","전공선택","CHM4001-10045-","기기분석","안희준",3,"월(10:30-12:00),수(10:30-12:00)","","없음","수",2,4
533,"미정","전공선택","GEN5026-10072-","테크노경영학(스타트업종합설계)","이재석",3,"목(09:00-10:30)","","없음","목",1,2
534,"미정","전공선택","DME3003-10078-","시스템해석","박종현",3,"화(10:30-12:00),목(10:30-12:00)","","없음","목",2,4
535,"미정","전공선택","DME3065-10082-","재료및생산가공실험1","이승환",2,"화(15:00-19:00)","","없음","화",7,10
536,"미정","전공선택","DME4062-10085-","기계공학의응용과미래1","김민구",1,"목(14:30-15:30)","","없음","목",6,7
537,"미정","전공선택","COE3052-11172-","공업수학2","신교일",3,"화(14:30-16:00),금(13:00-14:30)","","없음","금",5,6
538,"미정","전공선택","ARE2007-11195-","건축설비개론","정재원",3,"월(13:00-14:30),월(14:30-16:00)","","없음","월",6,8
539,"미정","전공선택","DME2053-11204-","재료역학","유은종",3,"수(16:00-17:30),목(13:00-14:30)","","없음","목",5,6
540,"미정","전공선택","COE3052-11213-","공업수학2","노우석",3,"월(13:00-14:30),목(13:00-14:30)","","없음","목",5,6
541,"미정","전공선택","ECE3008-12234-","신호와시스템","김정희",3,"금(09:00-10:30),금(10:30-12:00)","","없음","금",2,4
542,"미정","전공선택","GEN5100-12950-","커리어개발Ⅱ:취.창업진로포트폴리오","김현준",1,"수(12:00-13:00)","","없음","수",4,5
543,"미정","전공선택","CHE3006-13182-","화공열역학2","김도환",3,"월(13:00-14:30),수(14:30-16:00)","","없음","수",6,8
544,"미정","전공선택","EGY3004-10063-","에너지공학실험2","이윤정",2,"금(13:00-17:00)","","없음","금",5,9
545,"미정","전공선택","EGY4013-10066-","에너지공학종합설계2","이윤정",3,"시간미지정강좌","","없음",,,
546,"미정","전공선택","GEN5100-10073-","커리어개발Ⅱ:취.창업진로포트폴리오","장재영",1,"시간미지정강좌","","없음",,,
547,"미정","전공선택","DME3064-10081-","동역학제어실험1","오기용",2,"화(15:00-19:00)","","없음","화",7,10
548,"미정","전공선택","DME4075-10088-","캐드와디지털팩토리개론","김재정",3,"금(13:00-15:00),화(15:00-17:00)","","없음","화",7,9
549,"미정","전공선택","ELE3075-11052-","전자회로2","박상규",4,"월(13:00-14:30),수(13:00-14:30),목(11:00-13:00)","","없음","목",3,5
550,"미정","전공선택","SCE3004-11057-","메모리반도체소자","남인호",3,"금(13:00-14:30),금(14:30-16:00)","","없음","금",6,8
551,"미정","전공선택","GEN0072-12188-","일반화학및실험","김민경",3,"화(09:00-11:00),금(13:00-15:00)","","없음","금",5,7
552,"미정","전공선택","CUL0202-12196-","문화기술인간","이기태",2,"목(13:00-15:00)","","없음","목",5,7
553,"미정","전공선택","AUE3028-10097-","CAE","민승재",3,"화(11:00-13:00),화(15:00-17:00)","","없음","화",7,9
554,"미정","전공선택","AUE4033-10105-","차량최적설계","민승재",3,"월(11:00-13:00),월(15:00-17:00)","","없음","월",7,9
555,"미정","전공선택","AUE4036-10107-","xEV에너지시스템","유지형",3,"화(13:00-14:30),목(13:00-14:30)","","없음","목",5,6
556,"미정","전공선택","NUE4065-10125-","원자력재료부식및전기화학","김상태",3,"화(13:00-14:30),목(10:30-12:00)","","없음","목",2,4
557,"미정","전공선택","MME4059-10139-","미래에너지자원공학","이근상",3,"화(10:30-12:00),목(10:30-12:00)","","없음","목",2,4
558,"미정","전공선택","INE2016-10147-","경영전략및데이터베이스","김태복",3,"월(16:00-17:30),화(14:30-16:00)","","없음","화",6,8
559,"미정","전공선택","GEN1031-11215-","공학도를위한창의적컴퓨팅","원정임",3,"화(13:00-15:00),목(15:00-17:00)","","없음","목",7,9
560,"미정","전공선택","CUL0203-11238-","AI시대쓰기의힘","정치훈",2,"월(09:00-11:00)","","없음","월",1,3
561,"미정","전공선택","DME1003-11241-","스마트제조의이해","배지웅",3,"시간미지정강좌,월(11:00-13:00)","","없음",,,
562,"미정","전공선택","GEN5100-12316-","커리어개발Ⅱ:취.창업진로포트폴리오","이승용",1,"화(16:00-17:00)","","없음","화",8,9
563,"미정","전공선택","MEE4001-10091-","열전달","육세진",3,"월(10:30-12:00),수(10:30-12:00)","","없음","수",2,4
564,"미정","전공선택","ELE4005-10109-","전력전자공학","윤영두",3,"월(14:30-16:00),수(14:30-16:00)","","없음","수",6,8
565,"미정","전공선택","GEN5100-10112-","커리어개발Ⅱ:취.창업진로포트폴리오","이동진",1,"화(17:30-18:30)","","없음","화",9,10
566,"미정","전공선택","MME3067-10136-","자원처리실험및설계","김현중",2,"화(13:00-17:00)","","없음","화",5,9
567,"미정","전공선택","INE3083-10149-","금융공학개론","송재욱",3,"화(16:00-17:30),목(13:00-14:30)","","없음","목",5,6
568,"미정","전공선택","CIE3020-11170-","수환경공학","김영모",3,"월(09:00-10:30),월(10:30-12:00)","","없음","월",2,4
569,"미정","전공선택","CUL0203-12197-","AI시대쓰기의힘","임은희",2,"금(11:00-13:00)","","없음","금",3,5
570,"미정","전공선택","CUL0205-12232-","Technology and AI: Utopia or Dystopia?","Stacey Eujung Choi",2,"화(09:00-11:00)","","없음","화",1,3
571,"미정","전공선택","GEN1031-12238-","공학도를위한창의적컴퓨팅","조호성",3,"월(15:00-17:00),수(15:00-17:00)","","없음","수",7,9
572,"미정","전공선택","ARE4087-12645-","기본설계2","김명재",3,"수(13:00-14:00),수(14:00-18:00)","","없음","수",6,10
573,"미정","전공선택","ARE2070-12647-","컴퓨터활용디자인기본","이병준",3,"목(13:00-15:00),목(15:00-17:00)","","없음","목",7,9
574,"미정","전공선택","ARE2078-12650-","건축과컴퓨터","전한종",3,"수(13:00-15:00),수(15:00-17:00)","","없음","수",7,9
575,"미정","전공선택","ARE4089-12652-","건축설계스튜디오2","김나운",6,"화(13:00-14:00),금(13:00-14:00),화(14:00-18:00),금(14:00-18:00)","","없음","금",6,10
576,"미정","전공선택","ARE4093-12656-","건축설계스튜디오4","김은미",6,"월(13:00-14:00),목(13:00-14:00),월(14:00-18:00),목(14:00-18:00)","","없음","목",6,10
577,"미정","전공선택","ARE4096-12665-","건축설계스튜디오6","노승범",6,"월(13:00-14:00),목(13:00-14:00),월(14:00-18:00),목(14:00-18:00)","","없음","목",6,10
578,"미정","전공선택","ARE4087-12670-","기본설계2","김희준",3,"수(13:00-14:00),수(14:00-18:00)","","없음","수",6,10
579,"미정","전공선택","ARE4087-12671-","기본설계2","김선욱",3,"수(13:00-14:00),수(14:00-18:00)","","없음","수",6,10
580,"미정","전공선택","GEN5100-10159-","커리어개발Ⅱ:취.창업진로포트폴리오","박진아",1,"목(11:00-12:00)","","없음","목",3,4
581,"미정","전공선택","URE4009-10165-","도시공학종합설계2(URIP)","이수기",4,"시간미지정강좌,시간미지정강좌","","없음",,,
582,"미정","전공선택","ELE4083-10181-","정보디스플레이공학개론","김재훈",3,"화(14:30-16:00),목(14:30-16:00)","","없음","목",6,8
583,"미정","전공선택","ENE4039-10189-","아날로그회로설계","박상규",3,"화(14:30-16:00),목(14:30-16:00)","","없음","목",6,8
584,"미정","전공선택","GEN1100-11247-","공학도를위한창의적프로그래밍","성기혁",2,"수(11:00-12:00),수(12:00-13:00)","","없음","수",4,5
585,"미정","전공선택","MEE3007-11265-","유체역학","유지형",3,"화(16:00-17:30),목(16:00-17:30)","","없음","목",8,9
586,"미정","전공선택","PHY2013-11266-","전자기학","임명섭",3,"화(10:30-12:00),목(13:00-14:30)","","없음","목",5,6
587,"미정","전공선택","CHM1002-11268-","일반화학및실험2","김민경",3,"수(09:00-11:00),월(13:00-15:00)","","없음","월",5,7
588,"미정","전공선택","CUL0205-12324-","Technology and AI: Utopia or Dystopia?","Hugh Newton",2,"월(09:00-11:00)","","없음","월",1,3
589,"미정","전공선택","CUL0205-12326-","Technology and AI: Utopia or Dystopia?","Michael William Brandon",2,"화(09:00-11:00)","","없음","화",1,3
590,"미정","전공선택","INE4111-10155-","산업공학연구실현장실습4","김태복",1,"시간미지정강좌","","없음",,,
591,"미정","전공선택","PBL4019-10156-","산업공학캡스톤PBL(강화학습이론과응용)","정지훈",3,"화(09:00-11:00),목(13:00-15:00)","","없음","목",5,7
592,"미정","전공선택","ECN4004-10173-","무선통신공학","홍송남",3,"월(13:00-14:30),월(14:30-16:00)","","없음","월",6,8
593,"미정","전공선택","MAE3023-10198-","재료의물리적해석2","김현우",3,"화(09:00-10:30),수(13:00-14:30)","","없음","수",5,6
594,"미정","전공선택","CUL3012-11173-","일반물리학및실험2","김준하",3,"월(13:00-15:00),목(15:00-17:00)","","없음","목",7,9
595,"미정","전공선택","GEN1031-11175-","공학도를위한창의적컴퓨팅","김진우",3,"화(15:00-17:00),수(09:00-11:00)","","없음","수",1,3
596,"미정","전공선택","ECL1001-11185-","디지털로직","IGBAFE ORIKUMHI",3,"수(14:30-16:00),금(10:30-12:00)","","없음","금",2,4
597,"미정","전공선택","GEN2053-11190-","미분적분학2","박영선",3,"월(13:00-14:30),목(14:30-16:00)","","없음","목",6,8
598,"미정","전공선택","ICH2002-11218-","공업유기화학2","정인환",3,"화(10:30-12:00),목(10:30-12:00)","","없음","목",2,4
599,"미정","전공선택","CHE2002-11220-","공업물리화학2","송태섭",3,"월(13:00-14:30),수(13:00-14:30)","","없음","수",5,6
600,"미정","전공선택","CUL0205-12319-","Technology and AI: Utopia or Dystopia?","Hugh Newton",2,"월(11:00-13:00)","","없음","월",3,5
601,"미정","전공선택","CUL0205-12321-","Technology and AI: Utopia or Dystopia?","Ed Topliffe",2,"월(09:00-11:00)","","없음","월",1,3
602,"미정","전공선택","GEN5100-12676-","커리어개발Ⅱ:취.창업진로포트폴리오","정재원",1,"월(11:00-12:00)","","없음","월",3,4
603,"미정","전공선택","PBL4004-12682-","건축공학캡스톤PBL(건물에너지절약기술)","정재원",3,"시간미지정강좌,시간미지정강좌","","없음",,,
604,"미정","전공선택","URE1007-12688-","도시와디자인","이일희",3,"목(15:00-17:00),목(17:00-19:00)","","없음","목",9,10
605,"미정","전공선택","GEN5100-12691-","커리어개발Ⅱ:취.창업진로포트폴리오","이창무",1,"목(11:00-12:00)","","없음","목",3,4
606,"미정","전공선택","ELE4083-12734-","정보디스플레이공학개론","유창재",3,"화(14:30-16:00),목(14:30-16:00)","","없음","목",6,8
607,"미정","전공선택","ELE3075-12736-","전자회로2","임재명",4,"화(10:30-12:00),목(10:30-12:00),목(18:00-20:00)","","없음","목",10,10
608,"미정","전공선택","HYP2023-10194-","신소재공학HY-UP(실용연구실습)2","김형진",1,"시간미지정강좌","","없음",,,
609,"미정","전공선택","NUE2008-11277-","응용핵물리","김용균",3,"목(13:00-14:30),금(13:00-14:30)","","없음","금",5,6
610,"미정","전공선택","NUE3004-11279-","방사선계측","김찬형",3,"화(09:00-10:30),수(10:30-12:00)","","없음","수",2,4
611,"미정","전공선택","MME2009-11291-","석유천연가스공학","왕지훈",3,"월(13:00-14:30),수(13:00-14:30)","","없음","수",5,6
612,"미정","전공선택","COE3052-11315-","공업수학2","김주형",3,"화(10:30-12:00),금(13:00-14:30)","","없음","금",5,6
613,"미정","전공선택","CUL0202-11316-","문화기술인간","구재령",2,"금(13:00-15:00)","","없음","금",5,7
614,"미정","전공선택","GEN1031-12543-","공학도를위한창의적컴퓨팅","탁문호",3,"목(13:00-15:00),목(15:00-17:00)","","없음","목",7,9
615,"미정","전공선택","GEN1031-12546-","공학도를위한창의적컴퓨팅","조호성",3,"화(18:00-20:00),금(09:00-11:00)","","없음","금",1,3
616,"미정","전공선택","COE3052-12553-","공업수학2","이성열",3,"화(10:30-12:00),금(13:00-14:30)","","없음","금",5,6
617,"미정","전공선택","MAE4061-10202-","미래기술과신소재2","박진성",2,"화(17:00-19:00)","","없음","화",9,10
618,"미정","전공선택","MSE4004-10204-","신소재공학종합설계2(URIP)","윤종승",3,"시간미지정강좌","","없음",,,
619,"미정","전공선택","EGY1001-11229-","에너지과학과기술","도시현",3,"화(13:00-14:30),목(13:00-14:30)","","없음","목",5,6
620,"미정","전공선택","MAE2002-11233-","재료과학2","백운규",3,"월(10:30-12:00),수(10:30-12:00)","","없음","수",2,4
621,"미정","전공선택","DME2055-11243-","기계재료학","김태원",3,"월(13:00-14:30),월(14:30-16:00)","","없음","월",6,8
622,"미정","전공선택","CUL3012-11258-","일반물리학및실험2","이경수",3,"월(09:00-11:00),화(15:00-17:00)","","없음","화",7,9
623,"미정","전공선택","ELE5001-12747-","융합전자공학종합설계2","정예환",1,"시간미지정강좌","","없음",,,
624,"미정","전공선택","CSE4007-12753-","인공지능","채동규",3,"금(13:00-14:30)","","없음","금",5,6
625,"미정","전공선택","URE3012-13179-","도시설계2","김민정",4,"화(13:00-15:00),화(15:00-19:00)","","없음","화",7,10
626,"미정","전공선택","URE3029-11327-","도시계량분석","류강민",3,"목(13:00-14:30),목(14:30-16:00)","","없음","목",6,8
627,"미정","전공선택","MMS3015-11358-","재료열역학2","정용재",3,"화(14:30-16:00),목(14:30-16:00)","","없음","목",6,8
628,"미정","전공선택","ECN1001-11259-","디지털논리설계","황순민",3,"수(15:00-17:00),목(13:00-15:00)","","없음","목",5,7
629,"미정","전공선택","ENE3001-11260-","전자회로","조한신",3,"월(15:00-17:00),목(09:00-11:00)","","없음","목",1,3
630,"미정","전공선택","MME2055-11293-","분리공학개론","김현중",3,"화(09:00-10:30),목(09:00-10:30)","","없음","목",1,2
631,"미정","전공선택","MME3035-11295-","자원환경기기분석","권일한",3,"금(09:00-11:00),금(11:00-13:00)","","없음","금",3,5
632,"미정","전공선택","COE3052-11328-","공업수학2","김재희",3,"월(13:00-14:30),목(13:00-14:30)","","없음","목",5,6
633,"미정","전공선택","ITE2039-12757-","알고리즘및문제해결기법","채동규",3,"금(14:30-16:00)","","없음","금",6,8
634,"미정","전공선택","CUL0203-12418-","AI시대쓰기의힘","임지훈",2,"금(09:00-11:00)","","없음","금",1,3
635,"미정","전공선택","ARE4098-12666-","건축설계스튜디오8","안기현",6,"토(09:00-11:00),토(11:00-15:00),토(15:00-19:00)","","없음","토",7,10
636,"미정","전공선택","COM2018-11329-","객체지향프로그래밍","David Phillip Wagner",3,"목(16:00-18:00),목(18:00-20:00)","","없음","목",10,10
637,"미정","전공선택","CUL0203-12395-","AI시대쓰기의힘","정원정",2,"월(13:00-15:00)","","없음","월",5,7
638,"미정","전공선택","CUL0203-12398-","AI시대쓰기의힘","문혜연",2,"월(09:00-11:00)","","없음","월",1,3
639,"미정","전공선택","MAT2020-12765-","이산수학","차재혁",3,"화(14:30-16:00),목(14:30-16:00)","","없음","목",6,8
640,"미정","전공선택","GEN5100-12779-","커리어개발Ⅱ:취.창업진로포트폴리오","최용석",1,"화(17:00-18:00)","","없음","화",9,10
641,"미정","전공선택","ITE4048-10446-","IT프로젝트관리론","김낙일",3,"목(09:00-10:30),목(10:30-12:00)","","없음","목",2,4
642,"미정","전공선택","ARE4093-10457-","건축설계스튜디오4","이근식",6,"월(13:00-14:00),목(13:00-14:00),월(14:00-18:00),목(14:00-18:00)","","없음","목",6,10
643,"미정","전공선택","ARE4110-10461-","동아시아건축과문화","한동수",3,"수(13:00-14:30),수(14:30-16:00)","","없음","수",6,8
644,"미정","전공선택","CUL0202-12439-","문화기술인간","임장원",2,"금(13:00-15:00)","","없음","금",5,7
645,"미정","전공선택","CUL0202-12440-","문화기술인간","정원교",2,"금(13:00-15:00)","","없음","금",5,7
646,"미정","전공선택","CUL0202-12445-","문화기술인간","임장원",2,"금(15:00-17:00)","","없음","금",7,9
647,"미정","전공선택","ARE3081-12678-","건축융합설계2","안재근",3,"목(13:00-14:00),목(14:00-18:00)","","없음","목",6,10
648,"미정","전공선택","ARE3081-12679-","건축융합설계2","최대성",3,"목(13:00-14:00),목(14:00-18:00)","","없음","목",6,10
649,"미정","전공선택","GEN5100-12698-","커리어개발Ⅱ:취.창업진로포트폴리오","전병훈",1,"시간미지정강좌","","없음",,,
650,"미정","전공선택","ELE1011-12700-","일반전자물리2","박완준",3,"월(13:00-14:30),목(10:30-12:00)","","없음","목",2,4
651,"미정","전공선택","ELE1011-12701-","일반전자물리2","유창재",3,"월(13:00-14:30),목(10:30-12:00)","","없음","목",2,4
652,"미정","전공선택","CSE4006-10439-","소프트웨어공학","원영준",3,"금(13:00-14:30),금(14:30-16:00)","","없음","금",6,8
653,"미정","전공선택","GEN1031-11338-","공학도를위한창의적컴퓨팅","조호성",3,"화(09:00-11:00),수(11:00-13:00)","","없음","수",3,5
654,"미정","전공선택","CUL0202-12442-","문화기술인간","이기태",2,"목(09:00-11:00)","","없음","목",1,3
655,"미정","전공선택","ITE4055-12781-","캡스톤소프트웨어프로젝트2","이헌준",1,"시간미지정강좌","","없음",,,
656,"미정","전공선택","ITE1017-12791-","전공멘토링2","박희진",1,"시간미지정강좌","","없음",,,
657,"미정","전공선택","GEN5100-12796-","커리어개발Ⅱ:취.창업진로포트폴리오","강창묵",1,"목(17:00-18:00)","","없음","목",9,10
658,"미정","전공선택","ITE2023-11682-","알고리즘분석","KUTZNER ARNE HOLGER",3,"화(16:00-17:30),목(16:00-17:30)","","없음","목",8,9
659,"미정","전공선택","ELE1011-12702-","일반전자물리2","남인호",3,"화(16:00-17:30),목(16:00-17:30)","","없음","목",8,9
660,"미정","전공선택","MAT2017-12704-","확률통계론","김근배",3,"화(13:00-14:30),목(13:00-14:30)","","없음","목",5,6
661,"미정","전공선택","ECC1006-12718-","회로이론2","송윤흡",3,"화(09:00-10:30),목(10:30-12:00)","","없음","목",2,4
662,"미정","전공선택","MAE2002-12818-","재료과학2","박원일",3,"월(16:00-17:30),목(16:00-17:30)","","없음","목",8,9
663,"미정","전공선택","GEN5100-12825-","커리어개발Ⅱ:취.창업진로포트폴리오","임원빈",1,"화(16:00-17:00)","","없음","화",8,9
664,"미정","전공선택","GEN5100-12826-","커리어개발Ⅱ:취.창업진로포트폴리오","김현우",1,"화(16:00-17:00)","","없음","화",8,9
665,"미정","전공선택","MAE3020-12833-","전자소자재료2","한태희",3,"월(13:00-14:30),화(13:00-14:30)","","없음","화",5,6
666,"미정","전공선택","PAD3003-11686-","조직론","김은찬",3,"월(13:00-14:30),월(14:30-16:00)","","없음","월",6,8
667,"미정","전공선택","ARE4087-11693-","기본설계2","고현민",3,"화(13:00-14:00),화(14:00-18:00)","","없음","화",6,10
668,"미정","전공선택","ARE4089-11694-","건축설계스튜디오2","손주휘",6,"화(13:00-14:00),금(13:00-14:00),화(14:00-18:00),금(14:00-18:00)","","없음","금",6,10
669,"미정","전공선택","CUL3012-12506-","일반물리학및실험2","남창우",3,"금(09:00-11:00),수(15:00-17:00)","","없음","수",7,9
670,"미정","전공선택","CUL3012-12508-","일반물리학및실험2","하은자",3,"월(09:00-11:00),목(13:00-15:00)","","없음","목",5,7
671,"미정","전공선택","GEN5100-12724-","커리어개발Ⅱ:취.창업진로포트폴리오","오윤선",1,"월(17:30-18:30)","","없음","월",9,10
672,"미정","전공선택","GEN5100-12727-","커리어개발Ⅱ:취.창업진로포트폴리오","이채은",1,"화(17:30-18:30)","","없음","화",9,10
673,"미정","전공선택","GEN2053-12490-","미분적분학2","조규동",3,"화(14:30-16:00),금(16:00-17:30)","","없음","금",8,9
674,"미정","전공선택","GEN5100-12849-","커리어개발Ⅱ:취.창업진로포트폴리오","고민재",1,"목(16:00-17:00)","","없음","목",8,9
675,"미정","전공선택","GEN5100-12850-","커리어개발Ⅱ:취.창업진로포트폴리오","김진국",1,"목(16:00-17:00)","","없음","목",8,9
676,"미정","전공선택","GEN5100-12862-","커리어개발Ⅱ:취.창업진로포트폴리오","송태섭",1,"시간미지정강좌","","없음",,,
677,"미정","전공선택","DME1002-12866-","Adventure Design(기계융합1)","김민구",3,"월(15:00-16:00),월(16:00-20:00)","","없음","월",8,10
678,"미정","전공선택","DME2002-12874-","재료역학2","김학성",3,"화(10:30-12:00)","","없음","화",2,4
679,"미정","전공선택","ELE5001-12739-","융합전자공학종합설계2","박진섭",1,"시간미지정강좌","","없음",,,
680,"미정","전공선택","ITE1015-12756-","창의적소프트웨어프로그래밍","설웅",4,"월(15:00-17:00),수(15:00-17:00),금(11:00-13:00)","","없음","금",3,5
681,"미정","전공선택","COE1011-13195-","실용공학연구2","최성택",1,"시간미지정강좌","","없음",,,
682,"미정","전공선택","ITE1010-11679-","C++프로그래밍","KUTZNER ARNE HOLGER",3,"화(11:00-13:00),수(13:00-15:00)","","없음","수",5,7
683,"미정","전공선택","ARE2070-11689-","컴퓨터활용디자인기본","이혜승",3,"목(13:00-15:00),목(15:00-17:00)","","없음","목",7,9
684,"미정","전공선택","GEN2053-12494-","미분적분학2","오수진",3,"월(13:00-14:30),목(14:30-16:00)","","없음","목",6,8
685,"미정","전공선택","DME3063-12888-","열유체공학실험1","육세진",2,"화(15:00-19:00)","","없음","화",7,10
686,"미정","전공선택","DME3063-12891-","열유체공학실험1","엄석기",2,"수(15:00-19:00)","","없음","수",7,10
687,"미정","전공선택","MAT2003-12763-","선형대수","이상화",3,"월(09:00-10:30),수(10:30-12:00)","","없음","수",2,4
688,"미정","전공선택","MAT2003-12764-","선형대수","이상화",3,"월(13:00-14:30),수(13:00-14:30)","","없음","수",5,6
689,"미정","전공선택","GEN5100-12881-","커리어개발Ⅱ:취.창업진로포트폴리오","박우성",1,"시간미지정강좌","","없음",,,
690,"미정","전공선택","DME3064-12887-","동역학제어실험1","박관규",2,"화(15:00-19:00)","","없음","화",7,10
691,"미정","전공선택","MTE3004-10205-","X-선회절및응용","오누리",3,"월(16:00-17:30),목(16:00-17:30)","","없음","목",8,9
692,"미정","전공선택","CUL0203-12394-","AI시대쓰기의힘","황인건",2,"월(13:00-15:00)","","없음","월",5,7
693,"미정","전공선택","CUL0202-12444-","문화기술인간","정혜경",2,"목(09:00-11:00)","","없음","목",1,3
694,"미정","전공선택","INE4090-13198-","산업공학종합설계2","박철진",3,"금(16:00-19:00)","","없음","금",8,10
695,"미정","전공선택","COE1013-13181-","실용공학연구4","류성언",1,"시간미지정강좌","","없음",,,
696,"미정","전공선택","ARE4087-12643-","기본설계2","김승욱",3,"수(13:00-14:00),수(14:00-18:00)","","없음","수",6,10
697,"미정","전공선택","ARE2070-12648-","컴퓨터활용디자인기본","고현민",3,"목(13:00-15:00),목(15:00-17:00)","","없음","목",7,9
698,"미정","전공선택","ARE2070-12649-","컴퓨터활용디자인기본","전재우",3,"목(13:00-15:00),목(15:00-17:00)","","없음","목",7,9
699,"미정","전공선택","ARE4093-12658-","건축설계스튜디오4","이성용",6,"월(13:00-14:00),목(13:00-14:00),월(14:00-18:00),목(14:00-18:00)","","없음","목",6,10
700,"미정","전공선택","GEN5100-12659-","커리어개발Ⅱ:취.창업진로포트폴리오","노승범",1,"시간미지정강좌","","없음",,,
701,"미정","전공선택","ARE4096-12663-","건축설계스튜디오6","한송이",6,"월(13:00-14:00),목(13:00-14:00),월(14:00-18:00),목(14:00-18:00)","","없음","목",6,10
702,"미정","전공선택","ARE5009-12672-","Adventure_Design(건축융합2)","안진호",3,"화(13:00-14:00),화(14:00-18:00)","","없음","화",6,10
703,"미정","전공선택","GEN5100-12684-","커리어개발Ⅱ:취.창업진로포트폴리오","한상욱",1,"화(17:00-18:00)","","없음","화",9,10
704,"미정","전공선택","GEN5100-12693-","커리어개발Ⅱ:취.창업진로포트폴리오","이수기",1,"목(11:00-12:00)","","없음","목",3,4
705,"미정","전공선택","CUL0203-12399-","AI시대쓰기의힘","장예영",2,"월(09:00-11:00)","","없음","월",1,3
706,"미정","전공선택","ARE4087-12646-","기본설계2","이상현",3,"수(13:00-14:00),수(14:00-18:00)","","없음","수",6,10
707,"미정","전공선택","ARE4089-12654-","건축설계스튜디오2","박선영",6,"화(13:00-14:00),금(13:00-14:00),화(14:00-18:00),금(14:00-18:00)","","없음","금",6,10
708,"미정","전공선택","GEN5100-12660-","커리어개발Ⅱ:취.창업진로포트폴리오","안기현",1,"시간미지정강좌","","없음",,,
709,"미정","전공선택","ARE3084-11692-","근대건축의역사와이론","남성택",3,"월(09:00-10:30),월(10:30-12:00)","","없음","월",2,4
710,"미정","전공선택","GEN1031-11697-","공학도를위한창의적컴퓨팅","조호성",3,"월(09:00-11:00),금(11:00-13:00)","","없음","금",3,5
711,"미정","전공선택","GEN2053-12501-","미분적분학2","박영선",3,"화(10:30-12:00),목(09:00-10:30)","","없음","목",1,2
712,"미정","전공선택","ENE4029-12710-","반도체소자","이승백",3,"화(14:30-16:00),목(14:30-16:00)","","없음","목",6,8
713,"미정","전공선택","ECC1006-12719-","회로이론2","송윤흡",3,"화(10:30-12:00),목(09:00-10:30)","","없음","목",1,2
714,"미정","전공선택","GEN5100-12721-","커리어개발Ⅱ:취.창업진로포트폴리오","문희찬",1,"월(17:30-18:30)","","없음","월",9,10
715,"미정","전공선택","CUL0201-11182-","상상과학성찰","장희진",2,"수(11:00-13:00)","","없음","수",3,5
716,"미정","전공선택","PHY2014-11192-","전자장","정진욱",3,"화(14:30-16:00),수(14:30-16:00)","","없음","수",6,8
717,"미정","전공선택","CUL0203-11201-","AI시대쓰기의힘","조소명",2,"금(15:00-17:00)","","없음","금",7,9
718,"미정","전공선택","GEN2053-11205-","미분적분학2","박영선",3,"월(16:00-17:30),목(13:00-14:30)","","없음","목",5,6
719,"미정","전공선택","COE3052-11223-","공업수학2","이성열",3,"월(14:30-16:00),목(14:30-16:00)","","없음","목",6,8
720,"미정","전공선택","CUL0203-12419-","AI시대쓰기의힘","윤수미",2,"목(13:00-15:00)","","없음","목",5,7
721,"미정","전공선택","CUL0204-12432-","통합사고와읽기의기술","박순형",2,"화(11:00-13:00)","","없음","화",3,5
722,"미정","전공선택","ARE4098-12667-","건축설계스튜디오8","김재경",6,"토(09:00-11:00),토(11:00-15:00),토(15:00-19:00)","","없음","토",7,10
723,"미정","전공선택","ARE4098-12668-","건축설계스튜디오8","남성택",6,"토(09:00-11:00),토(11:00-15:00),토(15:00-19:00)","","없음","토",7,10
724,"미정","전공선택","GEN5100-12686-","커리어개발Ⅱ:취.창업진로포트폴리오","추현욱",1,"화(17:00-18:00)","","없음","화",9,10
725,"미정","전공선택","URE3012-12690-","도시설계2","홍상현",4,"화(13:00-15:00),화(15:00-19:00)","","없음","화",7,10
726,"미정","전공선택","MAT2017-12703-","확률통계론","오윤선",3,"화(13:00-14:30),목(13:00-14:30)","","없음","목",5,6
727,"미정","전공선택","PME3002-12894-","기계진동학","유홍희",3,"금(09:00-10:30),금(10:30-12:00)","","없음","금",2,4
728,"미정","전공선택","CUL3012-12505-","일반물리학및실험2","라오철",3,"금(09:00-11:00),수(13:00-15:00)","","없음","수",5,7
729,"미정","전공선택","GEN5100-12728-","커리어개발Ⅱ:취.창업진로포트폴리오","장준혁",1,"수(17:30-18:30)","","없음","수",9,10
730,"미정","전공선택","GEN5100-12731-","커리어개발Ⅱ:취.창업진로포트폴리오","정해준",1,"수(17:30-18:30)","","없음","수",9,10
731,"미정","전공선택","ELE5001-12743-","융합전자공학종합설계2","이승백",1,"시간미지정강좌","","없음",,,
732,"미정","전공선택","DME1002-11240-","Adventure Design(기계융합1)","오기용",3,"목(15:00-16:00),목(16:00-20:00)","","없음","목",8,10
733,"미정","전공선택","GEN1031-11246-","공학도를위한창의적컴퓨팅","탁문호",3,"월(13:00-15:00),월(15:00-17:00)","","없음","월",7,9
734,"미정","전공선택","CUL0202-12446-","문화기술인간","정원교",2,"금(15:00-17:00)","","없음","금",7,9
735,"미정","전공선택","CSE2011-12709-","마이크로프로세서","이채은",4,"화(13:00-14:30),수(14:30-16:00),금(11:00-13:00)","","없음","금",3,5
736,"미정","전공선택","ELE5001-12745-","융합전자공학종합설계2","장준혁",1,"시간미지정강좌","","없음",,,
737,"미정","전공선택","DME3068-12896-","스마트기계공작법","배지웅",3,"월(09:00-10:30)","","없음","월",1,2
738,"미정","전공선택","CHE4035-10736-","화공바이오소재","상병인",3,"월(13:00-14:30),화(13:00-14:30)","","없음","화",5,6
739,"미정","전공선택","CHM3066-10738-","화공기초실험","임희대",2,"수(16:00-20:00)","","없음","수",8,10
740,"미정","전공선택","CHM3081-10740-","화공소재분석","임희대",3,"월(09:00-10:30),수(13:00-14:30)","","없음","수",5,6
741,"미정","전공선택","CSE4006-12750-","소프트웨어공학","유민수",3,"수(13:00-14:30),목(13:00-14:30)","","없음","목",5,6
742,"미정","전공선택","GEN5100-12760-","커리어개발Ⅱ:취.창업진로포트폴리오","박현석",1,"금(17:00-18:00)","","없음","금",9,10
743,"미정","전공선택","GEN5100-12775-","커리어개발Ⅱ:취.창업진로포트폴리오","김태현",1,"화(17:00-18:00)","","없음","화",9,10
744,"미정","전공선택","COE3052-11257-","공업수학2","신교일",3,"화(13:00-14:30),금(10:30-12:00)","","없음","금",2,4
745,"미정","전공선택","GEN6032-11264-","전문학술영어","Gary Joseph Turnham",3,"화(09:00-10:30),금(09:00-10:30)","","없음","금",1,2
746,"미정","전공선택","NUE2010-11278-","원자로공학","홍서기",3,"목(14:30-16:00),금(10:30-12:00)","","없음","금",2,4
747,"미정","전공선택","CHM1002-11282-","일반화학및실험2","강미정",3,"월(15:00-17:00),수(13:00-15:00)","","없음","수",5,7
748,"미정","전공선택","CHM1002-11298-","일반화학및실험2","탁정애",3,"금(09:00-11:00),수(13:00-15:00)","","없음","수",5,7
749,"미정","전공선택","ITE1010-12758-","C++프로그래밍","KUTZNER ARNE HOLGER",3,"화(13:00-15:00),목(13:00-15:00)","","없음","목",5,7
750,"미정","전공선택","GEN5100-12761-","커리어개발Ⅱ:취.창업진로포트폴리오","김은찬",1,"월(11:00-12:00)","","없음","월",3,4
751,"미정","전공선택","MAT2003-12762-","선형대수","장의선",3,"월(13:00-14:30),수(13:00-14:30)","","없음","수",5,6
752,"미정","전공선택","CIE3076-10005-","환경공정","김종오",3,"월(13:00-14:30),월(14:30-16:00)","","없음","월",6,8
753,"미정","전공선택","CME4002-10742-","화공전산설계","김경학",3,"월(15:00-17:00),금(15:00-17:00)","","없음","금",7,9
754,"미정","전공선택","BTN4009-10758-","응용유전학","임태연",3,"월(09:00-10:30),수(09:00-10:30)","","없음","수",1,2
755,"미정","전공선택","BTN4015-10760-","생명공학종합설계2","임태연",1,"시간미지정강좌","","없음",,,
756,"미정","전공선택","ITE4080-10797-","지능형생물정보학","백은옥",3,"화(09:00-10:30),목(09:00-10:30)","","없음","목",1,2
757,"미정","전공선택","ITE1017-12790-","전공멘토링2","박종일",1,"시간미지정강좌","","없음",,,
758,"미정","전공선택","PBL4010-10750-","화학공학캡스톤PBL(석유화학분리정제공정)","박기호",3,"금(09:00-11:00),금(11:00-13:00)","","없음","금",3,5
759,"미정","전공선택","BTN3003-10755-","나노바이러스공학","윤채옥",3,"화(14:30-16:00),목(14:30-16:00)","","없음","목",6,8
760,"미정","전공선택","BTN3005-10756-","생물공정","임동현",3,"월(10:30-12:00),수(10:30-12:00)","","없음","수",2,4
761,"미정","전공선택","ELE4029-10785-","컴파일러설계","이헌준",3,"화(13:00-14:30),목(09:00-10:30)","","없음","목",1,2
762,"미정","전공선택","GEN2053-11319-","미분적분학2","황신철",3,"월(16:00-17:30),목(13:00-14:30)","","없음","목",5,6
763,"미정","전공선택","GEN2053-11339-","미분적분학2","김형준",3,"화(14:30-16:00),금(16:00-17:30)","","없음","금",8,9
764,"미정","전공선택","MAT3008-11342-","수치해석","김근배",3,"화(14:30-16:00),수(16:00-17:30)","","없음","수",8,9
765,"미정","전공선택","ITE1017-12788-","전공멘토링2","김상욱",1,"시간미지정강좌","","없음",,,
766,"미정","전공선택","ITE1017-12792-","전공멘토링2","백은옥",1,"시간미지정강좌","","없음",,,
767,"미정","전공선택","GEN5100-12953-","커리어개발Ⅱ:취.창업진로포트폴리오","김미숙",1,"수(12:00-13:00)","","없음","수",4,5
768,"미정","전공선택","INE3100-12912-","산업공학연구실현장실습2","박철진",1,"시간미지정강좌","","없음",,,
769,"미정","전공선택","AUE3033-12924-","미래자동차공학연구실현장실습2","임명섭",1,"시간미지정강좌","","없음",,,
770,"미정","전공선택","AUE4030-12936-","미래자동차공학연구실현장실습4","조기춘",1,"시간미지정강좌","","없음",,,
771,"미정","전공선택","ECL3011-10015-","전력전자","김래영",3,"월(09:00-10:30),월(10:30-12:00)","","없음","월",2,4
772,"미정","전공선택","BNG3025-11002-","바이오포토닉스","김성환",3,"화(10:30-12:00),목(10:30-12:00)","","없음","목",2,4
773,"미정","전공선택","BNG4020-11004-","바이오메디컬종합설계2","김성환",3,"목(13:00-16:00)","","없음","목",5,8
774,"미정","전공선택","GEN5100-10786-","커리어개발Ⅱ:취.창업진로포트폴리오","노미나",1,"화(17:00-18:00)","","없음","화",9,10
775,"미정","전공선택","ITE4052-10794-","컴퓨터비전","김태현",3,"월(16:00-17:30),수(09:00-10:30)","","없음","수",1,2
776,"미정","전공선택","COE3052-11347-","공업수학2","노우석",3,"화(10:30-12:00),금(13:00-14:30)","","없음","금",5,6
777,"미정","전공선택","CUL0203-11350-","AI시대쓰기의힘","최가은",2,"월(13:00-15:00)","","없음","월",5,7
778,"미정","전공선택","CHM1002-11990-","일반화학및실험2","이경림",3,"금(11:00-13:00),수(11:00-13:00)","","없음","수",3,5
779,"미정","전공선택","COE3052-11992-","공업수학2","이성열",3,"월(13:00-14:30),목(13:00-14:30)","","없음","목",5,6
780,"미정","전공선택","CUL0201-12469-","상상과학성찰","전혜리",2,"수(11:00-13:00)","","없음","수",3,5
781,"미정","전공선택","CUL0201-12470-","상상과학성찰","최은호",2,"수(11:00-13:00)","","없음","수",3,5
782,"미정","전공선택","GEN5100-12823-","커리어개발Ⅱ:취.창업진로포트폴리오","박진성",1,"화(16:00-17:00)","","없음","화",8,9
783,"미정","전공선택","MAE3028-12831-","신소재공학요소설계4(URIP)","한태희",2,"월(18:00-20:00),목(18:00-20:00)","","없음","목",10,10
784,"미정","전공선택","SOI3010-12957-","데이터사이언스연구실현장실습2","백성용",1,"목(16:00-17:00)","","없음","목",8,9
785,"미정","전공선택","SOI3010-12954-","데이터사이언스연구실현장실습2","한경식",1,"목(16:00-17:00)","","없음","목",8,9
786,"미정","전공선택","GEN5026-10026-","테크노경영학(스타트업종합설계)","안광일",3,"수(09:00-10:30)","","없음","수",1,2
787,"미정","전공선택","EGY3008-10065-","배터리특론","선양국",3,"월(10:30-12:00),화(09:00-10:30)","","없음","화",1,2
788,"미정","전공선택","GEN5100-11031-","커리어개발Ⅱ:취.창업진로포트폴리오","김성신",1,"수(12:00-13:00)","","없음","수",4,5
789,"미정","전공선택","SOI4012-11046-","비정형데이터분석","김미숙",3,"화(09:00-11:00),목(09:00-11:00)","","없음","목",1,3
790,"미정","전공선택","BNG3021-12802-","생체공학연구실현장실습2","김안모",1,"시간미지정강좌","","없음",,,
791,"미정","전공선택","BNG3023-12809-","생체공학연구실현장실습4","임창환",1,"시간미지정강좌","","없음",,,
792,"미정","전공선택","HYP2023-12829-","신소재공학HY-UP(실용연구실습)2","오누리",1,"시간미지정강좌","","없음",,,
793,"미정","전공선택","MSE4004-12844-","신소재공학종합설계2(URIP)","한혁수",3,"시간미지정강좌","","없음",,,
794,"미정","전공선택","CIE2066-10001-","프리스트레스트콘크리트구조설계","유재석",3,"월(09:00-10:30),수(09:00-10:30)","","없음","수",1,2
795,"미정","전공선택","CIE3075-10004-","전산구조동역학","이용국",3,"화(13:00-14:30),수(13:00-14:30)","","없음","수",5,6
796,"미정","전공선택","GEN5100-10012-","커리어개발Ⅱ:취.창업진로포트폴리오","김영모",1,"화(17:00-18:00)","","없음","화",9,10
797,"미정","전공선택","FET4004-10025-","광전에너지변환소자","이성민",3,"시간미지정강좌,시간미지정강좌","","없음",,,
798,"미정","전공선택","GEN5100-10027-","커리어개발Ⅱ:취.창업진로포트폴리오","이성민",1,"목(17:00-18:00)","","없음","목",9,10
799,"미정","전공선택","MAT3008-10042-","수치해석","유은종",3,"금(09:00-10:30),금(10:30-12:00)","","없음","금",2,4
800,"미정","전공선택","PBL4001-10799-","컴퓨터소프트웨어캡스톤PBL(알고리즘테스트실습)","박희진",3,"시간미지정강좌,목(15:00-17:00)","","없음",,,
801,"미정","전공선택","BIO3081-10993-","생체소재공학","김선정",3,"월(13:00-14:30),월(14:30-16:00)","","없음","월",6,8
802,"미정","전공선택","ICH2002-12002-","공업유기화학2","신흥수",3,"월(10:30-12:00),수(10:30-12:00)","","없음","수",2,4
803,"미정","전공선택","GEN1100-12485-","공학도를위한창의적프로그래밍","홍석준",2,"수(11:00-12:00),수(12:00-13:00)","","없음","수",4,5
804,"미정","전공선택","MSE4004-12842-","신소재공학종합설계2(URIP)","박원일",3,"시간미지정강좌","","없음",,,
805,"미정","전공선택","GEN5100-12854-","커리어개발Ⅱ:취.창업진로포트폴리오","이상경",1,"월(16:00-17:00)","","없음","월",8,9
806,"미정","전공선택","COE1011-12858-","실용공학연구2","정인환",1,"시간미지정강좌","","없음",,,
807,"미정","전공선택","COE1011-12859-","실용공학연구2","안희준",1,"시간미지정강좌","","없음",,,
808,"미정","전공선택","DME2055-12869-","기계재료학","한석영",3,"월(13:00-14:30),목(16:00-17:30)","","없음","목",8,9
809,"미정","전공선택","SOI3010-12958-","데이터사이언스연구실현장실습2","김동진",1,"목(16:00-17:00)","","없음","목",8,9
810,"미정","전공선택","APA4010-10077-","기구학","서태원",3,"월(10:30-12:00),화(13:00-14:30)","","없음","화",5,6
811,"미정","전공선택","COE2022-11978-","공학입문설계","전상환",3,"월(13:00-15:00),수(13:00-15:00)","","없음","수",5,7
812,"미정","전공선택","COE2003-12868-","정역학","왕웨이",3,"수(09:00-10:30),수(10:30-12:00)","","없음","수",2,4
813,"미정","전공선택","DME2002-12873-","재료역학2","한석영",3,"화(10:30-12:00),목(13:00-14:30)","","없음","목",5,6
814,"미정","전공선택","GEN5100-12877-","커리어개발Ⅱ:취.창업진로포트폴리오","김민구",1,"목(16:00-17:00)","","없음","목",8,9
815,"미정","전공선택","GEN5100-10049-","커리어개발Ⅱ:취.창업진로포트폴리오","정인환",1,"화(15:00-16:00)","","없음","화",7,8
816,"미정","전공선택","ICH4022-10050-","고분자재료","엄영호",3,"화(09:00-10:30),수(09:00-10:30)","","없음","수",1,2
817,"미정","전공선택","ONE4005-10053-","전공세미나(유기나노공학)URIP","안희준",3,"월(13:00-15:00),수(13:00-15:00)","","없음","수",5,7
818,"미정","전공선택","TXE4019-10057-","재료유변학","엄영호",3,"월(10:30-12:00),수(10:30-12:00)","","없음","수",2,4
819,"미정","전공선택","EGY4021-10069-","에너지소자공정","송태섭",3,"월(10:30-12:00),수(10:30-12:00)","","없음","수",2,4
820,"미정","전공선택","BIO4067-10994-","바이오메디컬공학특강2","이종민",2,"월(17:00-19:00)","","없음","월",9,10
821,"미정","전공선택","BNG4004-11003-","생체시스템설계프로젝트","이병훈",3,"월(16:00-18:00),수(15:00-17:00)","","없음","수",7,9
822,"미정","전공선택","BNG4022-11005-","의료기기","유형석",3,"화(15:00-16:30),화(16:30-18:00)","","없음","화",8,10
823,"미정","전공선택","SOI4015-11039-","마인드풀니스와테크놀로지","김형숙",3,"목(13:00-15:00),목(15:00-17:00)","","없음","목",7,9
824,"미정","전공선택","ECE4024-11049-","광전자공학","박진섭",4,"월(09:00-10:30),월(10:30-12:00),월(18:00-20:00)","","없음","월",10,10
825,"미정","전공선택","GEN2053-12497-","미분적분학2","변양현",3,"수(13:00-14:30),금(09:00-10:30)","","없음","금",1,2
826,"미정","전공선택","CUL3012-12509-","일반물리학및실험2","이인숙",3,"월(11:00-13:00),금(11:00-13:00)","","없음","금",3,5
827,"미정","전공선택","ENE3063-12871-","전자공학","김민구",3,"수(09:00-10:30)","","없음","수",1,2
828,"미정","전공선택","DME2002-12875-","재료역학2","하성규",3,"목(13:00-14:30),목(14:30-16:00)","","없음","목",6,8
829,"미정","전공선택","GEN5100-12876-","커리어개발Ⅱ:취.창업진로포트폴리오","김동립",1,"시간미지정강좌","","없음",,,
830,"미정","전공선택","DME3063-10080-","열유체공학실험1","곽노균",2,"수(15:00-19:00)","","없음","수",7,10
831,"미정","전공선택","ICH2002-11986-","공업유기화학2","서동학",3,"화(14:30-16:00),목(13:00-14:30)","","없음","목",5,6
832,"미정","전공선택","CSE4007-12022-","인공지능","김태욱",3,"월(13:00-14:30),목(10:30-12:00)","","없음","목",2,4
833,"미정","전공선택","GEN5100-12878-","커리어개발Ⅱ:취.창업진로포트폴리오","김학성",1,"시간미지정강좌","","없음",,,
834,"미정","전공선택","GEN5100-12882-","커리어개발Ⅱ:취.창업진로포트폴리오","배지웅",1,"시간미지정강좌","","없음",,,
835,"미정","전공선택","DME4074-12901-","미래모빌리티및스마트제조PBL2","김영범",3,"금(15:00-16:00),금(16:00-20:00)","","없음","금",8,10
836,"미정","전공선택","GEN5026-10111-","테크노경영학(스타트업종합설계)","안광일",3,"목(13:00-14:30)","","없음","목",5,6
837,"미정","전공선택","MEE4035-10113-","차량동역학시스템","허건수",3,"수(13:00-14:30),목(10:30-12:00)","","없음","목",2,4
838,"미정","전공선택","AUE3031-10099-","설계공학","이동진",3,"월(16:00-17:30),수(16:00-17:30)","","없음","수",8,9
839,"미정","전공선택","NUE4068-10128-","핵연료주기공학","조용흠",3,"월(16:00-17:30),화(10:30-12:00)","","없음","화",2,4
840,"미정","전공선택","CHE3007-10131-","환경화학","송호철",3,"월(09:00-10:30),수(09:00-10:30)","","없음","수",1,2
841,"미정","전공선택","MME4008-10138-","석유생산공학","이근상",3,"월(13:00-14:30),수(13:00-14:30)","","없음","수",5,6
842,"미정","전공선택","CUL0202-12025-","문화기술인간","이기태",2,"목(11:00-13:00)","","없음","목",3,5
843,"미정","전공선택","MAT2003-12032-","선형대수","장의선",3,"월(09:00-10:30),수(10:30-12:00)","","없음","수",2,4
844,"미정","전공선택","GEN5100-12879-","커리어개발Ⅱ:취.창업진로포트폴리오","박관규",1,"화(12:00-13:00)","","없음","화",4,5
845,"미정","전공선택","DME3065-12893-","재료및생산가공실험1","김학성",2,"수(15:00-19:00)","","없음","수",7,10
846,"미정","전공선택","PME3002-12895-","기계진동학","장건희",3,"금(09:00-10:30),금(10:30-12:00)","","없음","금",2,4
847,"미정","전공선택","DME3068-10084-","스마트기계공작법","이승환",3,"월(09:00-10:30)","","없음","월",1,2
848,"미정","전공선택","ENE4019-10440-","컴퓨터네트워크","원영준",3,"금(09:00-10:30),금(10:30-12:00)","","없음","금",2,4
849,"미정","전공선택","ARE3096-10454-","건축통합시스템","맹민정",3,"월(09:00-10:30),월(10:30-12:00)","","없음","월",2,4
850,"미정","전공선택","CIE2014-11168-","건설CAD및전산응용","서종원",3,"월(15:00-17:00),목(13:00-15:00)","","없음","목",5,7
851,"미정","전공선택","CIE2067-11169-","고체재료역학및실험","최동호",3,"화(11:00-13:00),수(13:00-15:00)","","없음","수",5,7
852,"미정","전공선택","CUL0204-12026-","통합사고와읽기의기술","정애진",2,"화(11:00-13:00)","","없음","화",3,5
853,"미정","전공선택","ENE4041-12027-","마이크로프로세서응용","조영필",3,"월(09:00-11:00),수(09:00-11:00)","","없음","수",1,3
854,"미정","전공선택","GEN5100-12905-","커리어개발Ⅱ:취.창업진로포트폴리오","이정표",1,"수(17:30-18:30)","","없음","수",9,10
855,"미정","전공선택","GEN5100-12918-","커리어개발Ⅱ:취.창업진로포트폴리오","조기춘",1,"화(17:30-18:30)","","없음","화",9,10
856,"미정","전공선택","TRE2001-10161-","교통공학","고준호",3,"화(16:00-17:30),수(10:30-12:00)","","없음","수",2,4
857,"미정","전공선택","URE4032-10169-","부동산평가및자산관리","손지형",3,"월(16:00-17:30),월(17:30-19:00)","","없음","월",9,10
858,"미정","전공선택","ECE3004-10171-","안테나공학","왕성식",4,"화(16:00-17:30),목(16:00-17:30),목(18:00-20:00)","","없음","목",10,10
859,"미정","전공선택","ELE3040-10175-","모빌리티기술기초및산업동향","김선우",3,"월(16:00-17:30),수(16:00-17:30)","","없음","수",8,9
860,"미정","전공선택","MEE4086-12904-","기계공학종합설계2","왕웨이",3,"시간미지정강좌","","없음",,,
861,"미정","전공선택","GEN5100-10089-","커리어개발Ⅱ:취.창업진로포트폴리오","곽노균",1,"시간미지정강좌","","없음",,,
862,"미정","전공선택","AUE4039-10108-","자동차소프트웨어","조기춘",3,"수(14:30-16:00),금(14:30-16:00)","","없음","금",6,8
863,"미정","전공선택","COE1011-10115-","실용공학연구2","김상태",1,"시간미지정강좌","","없음",,,
864,"미정","전공선택","GEN5100-10467-","커리어개발Ⅱ:취.창업진로포트폴리오","전한종",1,"시간미지정강좌","","없음",,,
865,"미정","전공선택","GEN1031-11189-","공학도를위한창의적컴퓨팅","원정임",3,"화(11:00-13:00),금(13:00-15:00)","","없음","금",5,7
866,"미정","전공선택","CUL0205-11202-","Technology and AI: Utopia or Dystopia?","Ed Topliffe",2,"월(11:00-13:00)","","없음","월",3,5
867,"미정","전공선택","CHE3019-11209-","공업유기화학실험","정인환",2,"수(15:00-19:00)","","없음","수",7,10
868,"미정","전공선택","COE2022-11212-","공학입문설계","윤수경",3,"화(11:00-13:00),수(09:00-11:00)","","없음","수",1,3
869,"미정","전공선택","CHM1002-11221-","일반화학및실험2","탁정애",3,"월(09:00-11:00),수(15:00-17:00)","","없음","수",7,9
870,"미정","전공선택","COE3052-11237-","공업수학2","노우석",3,"화(13:00-14:30),금(10:30-12:00)","","없음","금",2,4
871,"미정","전공선택","GEN2053-12028-","미분적분학2","정예원",3,"월(10:30-12:00),수(09:00-10:30)","","없음","수",1,2
872,"미정","전공선택","AUE3033-12927-","미래자동차공학연구실현장실습2","황순민",1,"시간미지정강좌","","없음",,,
873,"미정","전공선택","ELE3075-10176-","전자회로2","박상규",4,"월(10:30-12:00),수(10:30-12:00),화(11:00-13:00)","","없음","화",3,5
874,"미정","전공선택","ELE4031-10180-","통신시스템","윤동원",3,"월(13:00-14:30),월(14:30-16:00)","","없음","월",6,8
875,"미정","전공선택","ENE4019-10188-","컴퓨터네트워크","문희찬",4,"화(14:30-16:00),수(14:30-16:00),금(13:00-15:00)","","없음","금",5,7
876,"미정","전공선택","COE1011-12907-","실용공학연구2","정윤선",1,"시간미지정강좌","","없음",,,
877,"미정","전공선택","GEN5100-12910-","커리어개발Ⅱ:취.창업진로포트폴리오","김태복",1,"화(17:30-18:30)","","없음","화",9,10
878,"미정","전공선택","AUE3030-12929-","자동차공학실험","황순민",2,"목(15:00-19:00)","","없음","목",7,10
879,"미정","전공선택","AUE4025-12940-","미래자동차공학종합설계2","황순민",1,"시간미지정강좌","","없음",,,
880,"미정","전공선택","SOI1010-12942-","머신러닝2","백성용",3,"화(13:00-15:00),수(09:00-11:00)","","없음","수",1,3
881,"미정","전공선택","NUE2055-10119-","응용재료공학","김상태",3,"화(10:30-12:00),목(13:00-14:30)","","없음","목",5,6
882,"미정","전공선택","COE3052-11270-","공업수학2","노우석",3,"월(10:30-12:00),목(10:30-12:00)","","없음","목",2,4
883,"미정","전공선택","CUL0202-11285-","문화기술인간","정혜경",2,"목(11:00-13:00)","","없음","목",3,5
884,"미정","전공선택","COE3003-11300-","응용통계학","배석주",3,"월(09:00-10:30),수(13:00-14:30)","","없음","수",5,6
885,"미정","전공선택","INE1017-11308-","산업인공지능시스템응용","정지훈",3,"월(16:00-17:30),목(09:00-10:30)","","없음","목",1,2
886,"미정","전공선택","INE2009-11309-","선형계획법","이동호",3,"화(10:30-12:00),목(14:30-16:00)","","없음","목",6,8
887,"미정","전공선택","SOI2007-12205-","인지과학기초","김성신",3,"목(15:00-16:30),목(16:30-18:00)","","없음","목",8,10
888,"미정","전공선택","ECC1006-12233-","회로이론2","송윤흡",3,"화(14:30-16:00),목(14:30-16:00)","","없음","목",6,8
889,"미정","전공선택","GEN5100-12949-","커리어개발Ⅱ:취.창업진로포트폴리오","이경용",1,"수(12:00-13:00)","","없음","수",4,5
890,"미정","전공선택","MAT3008-12193-","수치해석","최성용",3,"화(16:00-17:30),수(16:00-17:30)","","없음","수",8,9
891,"미정","전공선택","ITE2039-12202-","알고리즘및문제해결기법","박희진",3,"월(14:30-16:00)","","없음","월",6,8
892,"미정","전공선택","COE3052-12229-","공업수학2","김재희",3,"월(10:30-12:00),목(10:30-12:00)","","없음","목",2,4
893,"미정","전공선택","COM2018-12230-","객체지향프로그래밍","김근배",3,"화(09:00-11:00),수(18:00-20:00)","","없음","수",10,10
894,"미정","전공선택","SOI3010-12959-","데이터사이언스연구실현장실습2","김미숙",1,"목(16:00-17:00)","","없음","목",8,9
895,"미정","전공선택","MEE3001-12872-","열역학1","박성욱",3,"월(10:30-12:00)","","없음","월",2,4
896,"미정","전공선택","GEN5100-12880-","커리어개발Ⅱ:취.창업진로포트폴리오","박성욱",1,"시간미지정강좌","","없음",,,
897,"미정","전공선택","GEN5100-10132-","커리어개발Ⅱ:취.창업진로포트폴리오","송호철",1,"시간미지정강좌","","없음",,,
898,"미정","전공선택","NUE4064-10124-","핵융합발전소설계","이정표",3,"금(09:00-11:00),금(11:00-13:00)","","없음","금",3,5
899,"미정","전공선택","GEN1031-11317-","공학도를위한창의적컴퓨팅","이주호",3,"월(09:00-11:00),월(11:00-13:00)","","없음","월",3,5
900,"미정","전공선택","URE3018-11326-","컴퓨터응용도시설계","김현수",3,"월(09:00-11:00),월(11:00-13:00)","","없음","월",3,5
901,"미정","전공선택","CSE2011-11330-","마이크로프로세서","김지훈",4,"화(13:00-14:30),수(14:30-16:00),수(16:00-18:00)","","없음","수",8,10
902,"미정","전공선택","ELE1011-12236-","일반전자물리2","유창재",3,"월(10:30-12:00),목(09:00-10:30)","","없음","목",1,2
903,"미정","전공선택","CUL0205-12322-","Technology and AI: Utopia or Dystopia?","Matthew John Clement",2,"월(11:00-13:00)","","없음","월",3,5
904,"미정","전공선택","GEN1031-12541-","공학도를위한창의적컴퓨팅","조호성",3,"월(11:00-13:00),금(13:00-15:00)","","없음","금",5,7
905,"미정","전공선택","COE3052-12552-","공업수학2","김주형",3,"화(13:00-14:30),금(10:30-12:00)","","없음","금",2,4
906,"미정","전공선택","ELE3020-11678-","컴퓨터구조2","오현옥",3,"월(09:00-10:30),화(09:00-10:30)","","없음","화",1,2
907,"미정","전공선택","MAT4015-11685-","확률및통계","안종창",3,"월(10:30-12:00),수(09:00-10:30)","","없음","수",1,2
908,"미정","전공선택","ENE4029-12237-","반도체소자","박재근",3,"월(13:00-14:30),월(14:30-16:00)","","없음","월",6,8
909,"미정","전공선택","MAE3020-10197-","전자소자재료2","최창환",3,"월(13:00-14:30),화(13:00-14:30)","","없음","화",5,6
910,"미정","전공선택","GEN5100-10193-","커리어개발Ⅱ:취.창업진로포트폴리오","한태희",1,"화(16:00-17:00)","","없음","화",8,9
911,"미정","전공선택","ELE1011-11335-","일반전자물리2","김재훈",3,"화(16:00-17:30),목(16:00-17:30)","","없음","목",8,9
912,"미정","전공선택","CUL0205-12325-","Technology and AI: Utopia or Dystopia?","Douglas N. McIntosh",2,"월(09:00-11:00)","","없음","월",1,3
913,"미정","전공선택","CUL0206-12317-","Personal Branding in Digital Markets","S. Afflick-Smith",2,"목(09:00-11:00)","","없음","목",1,3
914,"미정","전공선택","GEN1031-12542-","공학도를위한창의적컴퓨팅","탁문호",3,"화(13:00-15:00),화(15:00-17:00)","","없음","화",7,9
915,"미정","전공선택","COE3052-12550-","공업수학2","이성열",3,"화(13:00-14:30),금(10:30-12:00)","","없음","금",2,4
916,"미정","전공선택","ITE4050-10448-","IT와경영전략","박현석",3,"금(13:00-14:30),금(14:30-16:00)","","없음","금",6,8
917,"미정","전공선택","ITE4085-10449-","정보시스템학종합설계2","이욱",1,"시간미지정강좌","","없음",,,
918,"미정","전공선택","URE4010-10470-","도시설계론","유영원",3,"목(09:00-10:30),목(10:30-12:00)","","없음","목",2,4
919,"미정","전공선택","GEN5100-12730-","커리어개발Ⅱ:취.창업진로포트폴리오","정재경",1,"월(17:30-18:30)","","없음","월",9,10
920,"미정","전공선택","ITE2038-12751-","데이터베이스시스템및응용","강수용",3,"화(09:00-10:30),금(09:00-10:30)","","없음","금",1,2
921,"미정","전공선택","BTN4005-10757-","생물나노소재","이동윤",3,"월(10:30-12:00),수(10:30-12:00)","","없음","수",2,4
922,"미정","전공선택","COE1013-10762-","실용공학연구4","윤채옥",1,"시간미지정강좌","","없음",,,
923,"미정","전공선택","ITE1017-10787-","전공멘토링2","강수용",1,"시간미지정강좌","","없음",,,
924,"미정","전공선택","ITE4055-10795-","캡스톤소프트웨어프로젝트2","이윤상",1,"시간미지정강좌","","없음",,,
925,"미정","전공선택","MAT3008-11987-","수치해석","김진국",3,"월(10:30-12:00),수(14:30-16:00)","","없음","수",6,8
926,"미정","전공선택","MSE4004-12840-","신소재공학종합설계2(URIP)","박진성",3,"시간미지정강좌","","없음",,,
927,"미정","전공선택","DME1002-12867-","Adventure Design(기계융합1)","박우성",3,"화(15:00-16:00),화(16:00-20:00)","","없음","화",8,10
928,"미정","전공선택","ITE4076-10796-","CSE융합세미나2","백은옥",2,"수(16:00-18:00)","","없음","수",8,10
929,"미정","전공선택","CUL3012-11995-","일반물리학및실험2","천병구",3,"목(11:00-13:00),월(15:00-17:00)","","없음","월",7,9
930,"미정","전공선택","DBC2002-11997-","생화학2","이민형",3,"월(09:00-10:30),수(09:00-10:30)","","없음","수",1,2
931,"미정","전공선택","ITE1015-12030-","창의적소프트웨어프로그래밍","조동현",4,"시간미지정강좌,수(15:00-17:00),금(11:00-13:00)","","없음",,,
932,"미정","전공선택","BNG3009-10996-","생체영상처리","이종민",3,"화(14:30-16:00),목(14:30-16:00)","","없음","목",6,8
933,"미정","전공선택","MAT3008-12034-","수치해석","박종일",3,"월(16:00-17:30),수(16:00-17:30)","","없음","수",8,9
934,"미정","전공선택","CUL0204-12433-","통합사고와읽기의기술","이은실",2,"화(11:00-13:00)","","없음","화",3,5
935,"미정","전공선택","CUL0202-12441-","문화기술인간","김준수",2,"목(11:00-13:00)","","없음","목",3,5
936,"미정","전공선택","CUL0202-12447-","문화기술인간","김준수",2,"목(13:00-15:00)","","없음","목",5,7
937,"미정","전공선택","DME3063-12890-","열유체공학실험1","문승재",2,"월(15:00-19:00)","","없음","월",7,10
938,"미정","전공선택","GEN5100-12906-","커리어개발Ⅱ:취.창업진로포트폴리오","조용흠",1,"수(17:30-18:30)","","없음","수",9,10
939,"미정","전공선택","GEN5100-12911-","커리어개발Ⅱ:취.창업진로포트폴리오","정인재",1,"화(17:30-18:30)","","없음","화",9,10
940,"미정","전공선택","AUE3033-12922-","미래자동차공학연구실현장실습2","유지형",1,"시간미지정강좌","","없음",,,
941,"미정","전공선택","AUE3033-12925-","미래자동차공학연구실현장실습2","조기춘",1,"시간미지정강좌","","없음",,,
942,"미정","전공선택","SOI4007-11045-","인공지능프로젝트2","임형욱",3,"수(15:00-16:00),수(16:00-20:00)","","없음","수",8,10
943,"미정","전공선택","SCE3005-11058-","반도체소자공정실험","이승백",3,"화(11:00-13:00),금(09:00-11:00)","","없음","금",1,3
944,"미정","전공선택","SOI3014-12946-","심리뇌과학연구실현장실습2","임형욱",1,"금(11:00-12:00)","","없음","금",3,4
945,"미정","전공선택","SOI3010-12956-","데이터사이언스연구실현장실습2","김현준",1,"목(16:00-17:00)","","없음","목",8,9
946,"미정","전공선택","GEN2053-11177-","미분적분학2","김동영",3,"화(09:00-10:30),금(10:30-12:00)","","없음","금",2,4
947,"미정","전공선택","MEE3007-11179-","유체역학","전정숙",3,"수(16:00-17:30),목(10:30-12:00)","","없음","목",2,4
948,"미정","전공선택","ELE2002-11186-","회로망이론","김성열",3,"월(10:30-12:00),화(10:30-12:00)","","없음","화",2,4
949,"미정","전공선택","ARE1057-11194-","스마트건축의이해","박창한",2,"금(09:00-11:00)","","없음","금",1,3
950,"미정","전공선택","CUL3012-11203-","일반물리학및실험2","하은자",3,"월(13:00-15:00),목(15:00-17:00)","","없음","목",7,9
951,"미정","전공선택","COE1004-11211-","재료과학개론","이상규",3,"금(09:00-10:30),금(10:30-12:00)","","없음","금",2,4
952,"미정","전공선택","MAT2003-12203-","선형대수","김동진",3,"월(10:30-12:00),수(10:30-12:00)","","없음","수",2,4
953,"미정","전공선택","ECN1001-12235-","디지털논리설계","정기석",4,"화(13:00-14:30),화(14:30-16:00),월(13:00-15:00)","","없음","월",5,7
954,"미정","전공선택","GEN2053-12239-","미분적분학2","박영선",3,"월(09:00-10:30),수(10:30-12:00)","","없음","수",2,4
955,"미정","전공선택","GEN1100-11216-","공학도를위한창의적프로그래밍","김도희",2,"금(13:00-14:00),금(14:00-15:00)","","없음","금",6,7
956,"미정","전공선택","GEN2053-11248-","미분적분학2","연미정",3,"화(10:30-12:00),목(09:00-10:30)","","없음","목",1,2
957,"미정","전공선택","AUE1002-11253-","미래자동차공학개론","허건수",3,"수(17:00-18:30),목(16:00-17:30)","","없음","목",8,9
958,"미정","전공선택","CHM1002-11254-","일반화학및실험2","탁정애",3,"수(09:00-11:00),월(13:00-15:00)","","없음","월",5,7
959,"미정","전공선택","GEN2053-11263-","미분적분학2","연미정",3,"화(13:00-14:30),금(14:30-16:00)","","없음","금",6,8
960,"미정","전공선택","GEN1100-12486-","공학도를위한창의적프로그래밍","지정은",2,"목(11:00-12:00),목(12:00-13:00)","","없음","목",4,5
961,"미정","전공선택","GEN2053-12491-","미분적분학2","이선경",3,"화(14:30-16:00),금(16:00-17:30)","","없음","금",8,9
962,"미정","전공선택","GEN5026-12514-","테크노경영학(스타트업종합설계)","이재석",3,"목(13:00-14:30)","","없음","목",5,6
963,"미정","전공선택","NUE3038-11280-","방사선량과생물학적영향","정윤선",3,"화(13:00-14:30),수(14:30-16:00)","","없음","수",6,8
964,"미정","전공선택","COE3052-11284-","공업수학2","김재희",3,"화(14:30-16:00),금(13:00-14:30)","","없음","금",5,6
965,"미정","전공선택","MME3026-11294-","암반공학","이승원",3,"화(10:30-12:00),목(10:30-12:00)","","없음","목",2,4
966,"미정","전공선택","GEN3058-11305-","공업경제학","정인재",3,"수(10:30-12:00),금(10:30-12:00)","","없음","금",2,4
967,"미정","전공선택","INE2011-11310-","데이터구조론","김경환",3,"화(16:00-17:30),화(17:30-19:00)","","없음","화",9,10
968,"미정","전공선택","URE1007-11323-","도시와디자인","한재원",3,"목(15:00-17:00),목(17:00-19:00)","","없음","목",9,10
969,"미정","전공선택","URE3012-11325-","도시설계2","박진아",4,"화(13:00-15:00),화(15:00-19:00)","","없음","화",7,10
970,"미정","전공선택","COE2022-11346-","공학입문설계","전상환",3,"월(09:00-11:00),금(13:00-15:00)","","없음","금",5,7
971,"미정","전공선택","GEN2053-11353-","미분적분학2","송정환",3,"수(13:00-14:30),금(09:00-10:30)","","없음","금",1,2
972,"미정","전공선택","MAE2002-11355-","재료과학2","최선진",3,"월(16:00-17:30),목(16:00-17:30)","","없음","목",8,9
973,"미정","전공선택","MAE2010-11356-","결정구조분석","이승용",3,"금(15:00-16:30),금(16:30-18:00)","","없음","금",8,10
974,"미정","전공선택","CIE3007-10002-","수문학","강석구",3,"금(13:00-14:30),금(14:30-16:00)","","없음","금",6,8
975,"미정","전공선택","ECL3012-10016-","전력시스템경제","김성열",3,"월(14:30-16:00),금(13:00-14:30)","","없음","금",5,6
976,"미정","전공선택","ARE4030-10037-","전기회로및조명시스템","기유경",3,"월(16:00-17:30),월(17:30-19:00)","","없음","월",9,10
977,"미정","전공선택","AUE3030-10098-","자동차공학실험","임명섭",2,"목(15:00-19:00)","","없음","목",7,10
978,"미정","전공선택","AUE3035-10101-","자동차커넥티비티","조한신",3,"화(09:00-11:00),목(11:00-13:00)","","없음","목",3,5
979,"미정","전공선택","CSE4007-12754-","인공지능","김은솔",3,"월(13:00-14:30),목(10:30-12:00)","","없음","목",2,4
980,"미정","전공선택","AUE4025-10103-","미래자동차공학종합설계2","조한신",1,"시간미지정강좌","","없음",,,
981,"미정","전공선택","NUE4067-10127-","소형모듈원자로안전해석","송민섭",3,"수(13:00-14:30),금(10:30-12:00)","","없음","금",2,4
982,"미정","전공선택","MME4062-10140-","자원환경공학종합설계","권일한",3,"시간미지정강좌","","없음",,,
983,"미정","전공선택","INE4044-10152-","신뢰성및보전공학","배석주",3,"월(13:00-14:30),수(10:30-12:00)","","없음","수",2,4
984,"미정","전공선택","CSE4009-12771-","시스템프로그래밍","설웅",3,"화(15:00-17:00),목(15:00-17:00)","","없음","목",7,9
985,"미정","전공선택","GEN5100-12772-","커리어개발Ⅱ:취.창업진로포트폴리오","김윤호",1,"화(17:00-18:00)","","없음","화",9,10
986,"미정","전공선택","ITE4055-12785-","캡스톤소프트웨어프로젝트2","채동규",1,"시간미지정강좌","","없음",,,
987,"미정","전공선택","PHY2014-12794-","전자장","Ming-Chieh Lin",3,"월(09:00-10:30),화(09:00-10:30)","","없음","화",1,2
988,"미정","전공선택","BNG3023-12815-","생체공학연구실현장실습4","최창순",1,"시간미지정강좌","","없음",,,
989,"미정","전공선택","MAE2002-12819-","재료과학2","신동욱",3,"월(16:00-17:30),목(16:00-17:30)","","없음","목",8,9
990,"미정","전공선택","GEN5100-12821-","커리어개발Ⅱ:취.창업진로포트폴리오","최선진",1,"화(16:00-17:00)","","없음","화",8,9
991,"미정","전공선택","INE4100-10154-","제조시스템공학","이동호",3,"화(14:30-16:00),목(10:30-12:00)","","없음","목",2,4
992,"미정","전공선택","URE4022-10166-","부동산개발및마케팅분석","이창무",3,"월(13:00-14:30),월(14:30-16:00)","","없음","월",6,8
993,"미정","전공선택","ELE4092-10183-","컴퓨터비전개론","홍제형",3,"화(10:30-12:00),목(10:30-12:00)","","없음","목",2,4
994,"미정","전공선택","NUE1002-12534-","원자력과AI입문","조용흠",3,"수(14:30-16:00),목(10:30-12:00)","","없음","목",2,4
995,"미정","전공선택","MAE4028-10201-","재료의기계적거동","장재일",3,"월(14:30-16:00),수(14:30-16:00)","","없음","수",6,8
996,"미정","전공선택","APA2054-11676-","데이터구조","원영준",3,"목(09:00-10:30)","","없음","목",1,2
997,"미정","전공선택","CUL0206-11695-","Personal Branding in Digital Markets","Ian Gareth Robert Jones",2,"목(09:00-11:00)","","없음","목",1,3
998,"미정","전공선택","ARE4096-12662-","건축설계스튜디오6","김미희",6,"월(13:00-14:00),목(13:00-14:00),월(14:00-18:00),목(14:00-18:00)","","없음","목",6,10
999,"미정","전공선택","ARE4096-12664-","건축설계스튜디오6","박종진",6,"월(13:00-14:00),목(13:00-14:00),월(14:00-18:00),목(14:00-18:00)","","없음","목",6,10
1000,"미정","전공선택","ARE4087-12669-","기본설계2","이완정",3,"수(13:00-14:00),수(14:00-18:00)","","없음","수",6,10
1001,"미정","전공선택","GEN5100-12685-","커리어개발Ⅱ:취.창업진로포트폴리오","김진우",1,"화(17:00-18:00)","","없음","화",9,10
1002,"미정","전공선택","URE1007-12689-","도시와디자인","박자영",3,"목(15:00-17:00),목(17:00-19:00)","","없음","목",9,10
1003,"미정","전공선택","GEN5100-12692-","커리어개발Ⅱ:취.창업진로포트폴리오","최성택",1,"목(11:00-12:00)","","없음","목",3,4
1004,"미정","전공선택","URE4009-12695-","도시공학종합설계2(URIP)","이창무",4,"시간미지정강좌,시간미지정강좌","","없음",,,
1005,"미정","전공선택","CHE4054-10737-","화학공학종합설계2(URIP)","염봉준",2,"시간미지정강좌","","없음",,,
1006,"미정","전공선택","GEN5100-10442-","커리어개발Ⅱ:취.창업진로포트폴리오","이욱",1,"목(17:00-18:00)","","없음","목",9,10
1007,"미정","전공선택","ARE3097-10455-","건축법과실무","엄정달",3,"화(13:00-14:30),화(14:30-16:00)","","없음","화",6,8
1008,"미정","전공선택","ARE4027-10456-","건축상세미학","신민재",3,"수(09:00-10:30),수(10:30-12:00)","","없음","수",2,4
1009,"미정","전공선택","ARE4096-10458-","건축설계스튜디오6","맹민정",6,"월(13:00-14:00),목(13:00-14:00),월(14:00-18:00),목(14:00-18:00)","","없음","목",6,10
1010,"미정","전공선택","ARE4109-10460-","건축과인터랙션","한민지",3,"수(13:00-14:30),수(14:30-16:00)","","없음","수",6,8
1011,"미정","전공선택","ARE5043-10464-","건축형태이론","이세진",3,"금(09:00-10:30),금(10:30-12:00)","","없음","금",2,4
1012,"미정","전공선택","ENE4029-12711-","반도체소자","정예환",3,"월(14:30-16:00),수(09:00-10:30)","","없음","수",1,2
1013,"미정","전공선택","ECE4024-10172-","광전자공학","박진섭",4,"화(13:00-14:30),목(13:00-14:30),목(18:00-20:00)","","없음","목",10,10
1014,"미정","전공선택","ELE4107-10186-","캡스톤디자인:반도체소자","유호천",3,"수(13:00-15:00),수(15:00-17:00)","","없음","수",7,9
1015,"미정","전공선택","ELE5001-10187-","융합전자공학종합설계2","권대웅",1,"시간미지정강좌","","없음",,,
1016,"미정","전공선택","MAE3028-10199-","신소재공학요소설계4(URIP)","박원일",2,"월(18:00-20:00),목(18:00-20:00)","","없음","목",10,10
1017,"미정","전공선택","CUL3012-11303-","일반물리학및실험2","김준하",3,"월(09:00-11:00),목(13:00-15:00)","","없음","목",5,7
1018,"미정","전공선택","GEN2053-11304-","미분적분학2","황신철",3,"화(13:00-14:30),목(16:00-17:30)","","없음","목",8,9
1019,"미정","전공선택","CHM1002-11313-","일반화학및실험2","이경림",3,"화(13:00-15:00),목(09:00-11:00)","","없음","목",1,3
1020,"미정","전공선택","GEN1100-11318-","공학도를위한창의적프로그래밍","조문기",2,"수(13:00-14:00),수(14:00-15:00)","","없음","수",6,7
1021,"미정","전공선택","ECE3008-11333-","신호와시스템","문희찬",3,"월(16:00-17:30),화(16:00-17:30)","","없음","화",8,9
1022,"미정","전공선택","CUL0205-12320-","Technology and AI: Utopia or Dystopia?","Brian A. Wildeboer",2,"월(09:00-11:00)","","없음","월",1,3
1023,"미정","전공선택","CUL0205-12323-","Technology and AI: Utopia or Dystopia?","Brian A. Wildeboer",2,"월(11:00-13:00)","","없음","월",3,5
1024,"미정","전공선택","GEN6032-12327-","전문학술영어","Connie Park",3,"화(09:00-10:30),금(09:00-10:30)","","없음","금",1,2
1025,"미정","전공선택","ENE3001-11188-","전자회로","김래영",3,"월(16:00-17:30),화(16:00-17:30)","","없음","화",8,9
1026,"미정","전공선택","ARE4087-11197-","기본설계2","홍유찬",3,"수(13:00-14:00),수(14:00-18:00)","","없음","수",6,10
1027,"미정","전공선택","ARE5009-11198-","Adventure_Design(건축융합2)","이순석",3,"화(13:00-14:00),화(14:00-18:00)","","없음","화",6,10
1028,"미정","전공선택","COE2003-11236-","정역학","박우성",3,"수(09:00-10:30),수(10:30-12:00)","","없음","수",2,4
1029,"미정","전공선택","CUL3012-11239-","일반물리학및실험2","조진호",3,"금(09:00-11:00),수(13:00-15:00)","","없음","수",5,7
1030,"미정","전공선택","CSE2011-12231-","마이크로프로세서","이채은",4,"화(11:00-12:30),수(10:30-12:00),금(13:00-15:00)","","없음","금",5,7
1031,"미정","전공선택","CUL0206-12318-","Personal Branding in Digital Markets","Esther du Plessis",2,"목(09:00-11:00)","","없음","목",1,3
1032,"미정","전공선택","GEN2053-12489-","미분적분학2","황신철",3,"화(09:00-10:30),금(10:30-12:00)","","없음","금",2,4
1033,"미정","전공선택","GEN2053-12493-","미분적분학2","오수진",3,"월(10:30-12:00),수(09:00-10:30)","","없음","수",1,2
1034,"미정","전공선택","MAE4065-10203-","전자소자및회로","김형진",3,"월(09:00-10:30),목(10:30-12:00)","","없음","목",2,4
1035,"미정","전공선택","PHY2014-11343-","전자장","박완준",3,"월(10:30-12:00),수(10:30-12:00)","","없음","수",2,4
1036,"미정","전공선택","CHM1002-11345-","일반화학및실험2","탁정애",3,"수(15:00-17:00),목(13:00-15:00)","","없음","목",5,7
1037,"미정","전공선택","CUL3012-11352-","일반물리학및실험2","김호영",3,"월(11:00-13:00),금(11:00-13:00)","","없음","금",3,5
1038,"미정","전공선택","GEN5100-12675-","커리어개발Ⅱ:취.창업진로포트폴리오","유은종",1,"월(11:00-12:00)","","없음","월",3,4
1039,"미정","전공선택","PBL4004-12681-","건축공학캡스톤PBL(스마트건축구조시스템)","유은종",3,"시간미지정강좌,시간미지정강좌","","없음",,,
1040,"미정","전공선택","CIE4068-12687-","건설환경공학종합설계2","김종오",1,"시간미지정강좌","","없음",,,
1041,"미정","전공선택","MME4062-12699-","자원환경공학종합설계","전병훈",3,"시간미지정강좌","","없음",,,
1042,"미정","전공선택","ECE3008-12713-","신호와시스템","신동준",3,"수(13:00-14:30),금(13:00-14:30)","","없음","금",5,6
1043,"미정","전공선택","ARE5009-12673-","Adventure_Design(건축융합2)","김산",3,"화(13:00-14:00),화(14:00-18:00)","","없음","화",6,10
1044,"미정","전공선택","DME2002-11242-","재료역학2","왕웨이",3,"화(10:30-12:00),목(13:00-14:30)","","없음","목",5,6
1045,"미정","전공선택","ENE3063-11245-","전자공학","박관규",3,"월(09:00-10:30),수(09:00-10:30)","","없음","수",1,2
1046,"미정","전공선택","MEE3001-11251-","열역학1","김동립",3,"월(10:30-12:00)","","없음","월",2,4
1047,"미정","전공선택","GEN2053-12498-","미분적분학2","변양현",3,"수(16:00-17:30),금(14:30-16:00)","","없음","금",6,8
1048,"미정","전공선택","GEN2053-12499-","미분적분학2","정예원",3,"화(10:30-12:00),목(09:00-10:30)","","없음","목",1,2
1049,"미정","전공선택","GEN2053-12500-","미분적분학2","최나리",3,"화(10:30-12:00),목(09:00-10:30)","","없음","목",1,2
1050,"미정","전공선택","ARE4087-12644-","기본설계2","최수희",3,"화(13:00-14:00),화(14:00-18:00)","","없음","화",6,10
1051,"미정","전공선택","ARE4093-12657-","건축설계스튜디오4","안진호",6,"월(13:00-14:00),목(13:00-14:00),월(14:00-18:00),목(14:00-18:00)","","없음","목",6,10
1052,"미정","전공선택","URE4009-12694-","도시공학종합설계2(URIP)","박진아",4,"시간미지정강좌,시간미지정강좌","","없음",,,
1053,"미정","전공선택","ECN1001-12705-","디지털논리설계","IGBAFE ORIKUMHI",4,"월(14:30-16:00),금(13:00-14:30),월(18:00-20:00)","","없음","월",10,10
1054,"미정","전공선택","MAT2003-13180-","선형대수","김동진",3,"월(13:00-14:30),수(13:00-14:30)","","없음","수",5,6
1055,"미정","전공선택","COE2022-11256-","공학입문설계","윤수경",3,"월(15:00-17:00),수(11:00-13:00)","","없음","수",3,5
1056,"미정","전공선택","MAT3008-11276-","수치해석","이정표",3,"월(13:00-14:30),수(13:00-14:30)","","없음","수",5,6
1057,"미정","전공선택","MME2054-11292-","탄성파탐사의원리","설순지",3,"월(15:00-16:30),월(16:30-17:00)","","없음","월",8,9
1058,"미정","전공선택","MPE2001-11296-","지구환경공학개론","전병훈",3,"금(13:00-14:30),금(14:30-16:00)","","없음","금",6,8
1059,"미정","전공선택","INE2076-11311-","투자과학","송재욱",3,"화(09:00-10:30),목(16:00-17:30)","","없음","목",8,9
1060,"미정","전공선택","COE2022-11314-","공학입문설계","전상환",3,"화(15:00-17:00),수(15:00-17:00)","","없음","수",7,9
1061,"미정","전공선택","MAE3065-12535-","데이터의구조","정두석",3,"화(14:30-16:00),목(14:30-16:00)","","없음","목",6,8
1062,"미정","전공선택","GEN1031-12544-","공학도를위한창의적컴퓨팅","탁문호",3,"금(13:00-15:00),금(15:00-17:00)","","없음","금",7,9
1063,"미정","전공선택","CUL3012-12503-","일반물리학및실험2","이경수",3,"월(13:00-15:00),목(15:00-17:00)","","없음","목",7,9
1064,"미정","전공선택","CUL3012-12504-","일반물리학및실험2","남창우",3,"화(13:00-15:00),목(09:00-11:00)","","없음","목",1,3
1065,"미정","전공선택","CUL3012-12507-","일반물리학및실험2","이원욱",3,"금(09:00-11:00),수(15:00-17:00)","","없음","수",7,9
1066,"미정","전공선택","ECN1001-12707-","디지털논리설계","정준영",4,"수(14:30-16:00),금(14:30-16:00),금(18:00-20:00)","","없음","금",10,10
1067,"미정","전공선택","ECN1001-12708-","디지털논리설계","정준영",4,"수(13:00-14:30),금(13:00-14:30),수(18:00-20:00)","","없음","수",10,10
1068,"미정","전공선택","MME3062-10135-","자원시장분석론","김진수",3,"화(10:30-12:00),목(10:30-12:00)","","없음","목",2,4
1069,"미정","전공선택","GEN5100-10144-","커리어개발Ⅱ:취.창업진로포트폴리오","송재욱",1,"화(17:30-18:30)","","없음","화",9,10
1070,"미정","전공선택","INE1006-10145-","시뮬레이션","박철진",3,"목(09:00-10:30),금(10:30-12:00)","","없음","금",2,4
1071,"미정","전공선택","HYP4018-10195-","신소재공학HY-UP(실용연구실습)4","김형진",1,"시간미지정강좌","","없음",,,
1072,"미정","전공선택","MAT2017-11321-","확률통계론","최성택",3,"화(10:30-12:00),수(13:00-14:30)","","없음","수",5,6
1073,"미정","전공선택","ELE5002-11336-","융합전자설계입문","윤동원",1,"화(18:30-19:30)","","없음","화",10,10
1074,"미정","전공선택","ENE4029-11337-","반도체소자","유호천",3,"월(14:30-16:00),수(09:00-10:30)","","없음","수",1,2
1075,"미정","전공선택","CUL0203-12400-","AI시대쓰기의힘","이나윤",2,"월(09:00-11:00)","","없음","월",1,3
1076,"미정","전공선택","GEN1031-12547-","공학도를위한창의적컴퓨팅","원정임",3,"목(11:00-13:00),금(15:00-17:00)","","없음","금",7,9
1077,"미정","전공선택","COE2022-12548-","공학입문설계","윤수경",3,"화(13:00-15:00),목(11:00-13:00)","","없음","목",3,5
1078,"미정","전공선택","COE3052-12549-","공업수학2","김주형",3,"월(13:00-14:30),목(13:00-14:30)","","없음","목",5,6
1079,"미정","전공선택","CUL0201-11981-","상상과학성찰","권무순",2,"수(11:00-13:00)","","없음","수",3,5
1080,"미정","전공선택","ITE2039-12031-","알고리즘및문제해결기법","박희진",3,"금(10:30-12:00)","","없음","금",2,4
1081,"미정","전공선택","ECE3008-12714-","신호와시스템","오윤선",3,"월(16:00-17:30),화(16:00-17:30)","","없음","화",8,9
1082,"미정","전공선택","PHY2014-12716-","전자장","정해준",3,"월(10:30-12:00),수(10:30-12:00)","","없음","수",2,4
1083,"미정","전공선택","GEN5100-12723-","커리어개발Ⅱ:취.창업진로포트폴리오","송익현",1,"수(17:30-18:30)","","없음","수",9,10
1084,"미정","전공선택","ITE3051-10443-","인공지능및응용","원영준",3,"목(13:00-14:30)","","없음","목",5,6
1085,"미정","전공선택","ARD2052-10452-","건축환경공학","민현준",3,"금(16:00-17:30),금(17:30-19:00)","","없음","금",9,10
1086,"미정","전공선택","ARE4098-10459-","건축설계스튜디오8","노승범",6,"토(09:00-11:00),토(11:00-15:00),토(15:00-19:00)","","없음","토",7,10
1087,"미정","전공선택","URE4006-10469-","조경이론및설계","임한솔",3,"수(09:00-10:30),수(10:30-12:00)","","없음","수",2,4
1088,"미정","전공선택","CUL0203-12396-","AI시대쓰기의힘","황인건",2,"월(09:00-11:00)","","없음","월",1,3
1089,"미정","전공선택","IME4007-10196-","자성재료","윤종승",3,"수(11:00-13:00),금(11:00-13:00)","","없음","금",3,5
1090,"미정","전공선택","CUL0202-11349-","문화기술인간","구재령",2,"금(15:00-17:00)","","없음","금",7,9
1091,"미정","전공선택","PHY2008-11359-","현대물리학","오누리",3,"수(16:00-17:30),목(13:00-14:30)","","없음","목",5,6
1092,"미정","전공선택","CUL0204-12434-","통합사고와읽기의기술","김선화",2,"화(11:00-13:00)","","없음","화",3,5
1093,"미정","전공선택","ITE4087-13159-","데이터사이언스기반의사결정지원","김은찬",3,"금(16:00-17:30),금(17:30-19:00)","","없음","금",9,10
1094,"미정","전공선택","ECL3013-13190-","인공지능이해","강창묵",3,"수(10:30-12:00),목(10:30-12:00)","","없음","목",2,4
1095,"미정","전공선택","COE1011-13194-","실용공학연구2","이수기",1,"시간미지정강좌","","없음",,,
1096,"미정","전공선택","CHM4013-10741-","고분자물성","고민재",3,"월(10:30-12:00),수(10:30-12:00)","","없음","수",2,4
1097,"미정","전공선택","COE1011-10761-","실용공학연구2","윤채옥",1,"시간미지정강좌","","없음",,,
1098,"미정","전공선택","COE1013-10779-","실용공학연구4","박희진",1,"시간미지정강좌","","없음",,,
1099,"미정","전공선택","ITE4007-10793-","컴퓨터보안","임을규",3,"월(09:00-10:30),수(09:00-10:30)","","없음","수",1,2
1100,"미정","전공선택","BNG2002-12181-","생체신호처리","임창환",3,"월(13:00-14:30),화(13:00-14:30)","","없음","화",5,6
1101,"미정","전공선택","GEN1100-12190-","공학도를위한창의적프로그래밍","장병철",2,"화(09:00-10:00),화(10:00-11:00)","","없음","화",2,3
1102,"미정","전공선택","ITE2038-12201-","데이터베이스시스템및응용","이경용",3,"화(15:00-16:30),화(16:30-18:00)","","없음","화",8,10
1103,"미정","전공선택","ELE3075-12737-","전자회로2","최병덕",4,"화(10:30-12:00),목(10:30-12:00),수(11:00-13:00)","","없음","수",3,5
1104,"미정","전공선택","ELE5001-12740-","융합전자공학종합설계2","신동준",1,"시간미지정강좌","","없음",,,
1105,"미정","전공선택","CUL0203-12397-","AI시대쓰기의힘","최가은",2,"월(09:00-11:00)","","없음","월",1,3
1106,"미정","전공선택","GEN5026-10441-","테크노경영학(스타트업종합설계)","김수진",3,"월(13:00-14:30)","","없음","월",5,6
1107,"미정","전공선택","ITE4037-10445-","시스템플래닝실습","이욱",3,"화(13:00-16:00)","","없음","화",5,8
1108,"미정","전공선택","CIE4068-10007-","건설환경공학종합설계2","유재석",1,"시간미지정강좌","","없음",,,
1109,"미정","전공선택","FET4002-10024-","스마트그리드","장문석",3,"시간미지정강좌,시간미지정강좌","","없음",,,
1110,"미정","전공선택","ARE3081-10032-","건축융합설계2","박운종",3,"목(13:00-14:00),목(14:00-18:00)","","없음","목",6,10
1111,"미정","전공선택","ARE4026-10036-","환경과생태건축","전진용",3,"금(13:00-14:30),금(14:30-16:00)","","없음","금",6,8
1112,"미정","전공선택","ELE5001-12746-","융합전자공학종합설계2","정기석",1,"시간미지정강좌","","없음",,,
1113,"미정","전공선택","ELE5001-12748-","융합전자공학종합설계2","홍제형",1,"시간미지정강좌","","없음",,,
1114,"미정","전공선택","ELE4107-12749-","캡스톤디자인:반도체소자","정재경",3,"목(09:00-11:00),목(11:00-13:00)","","없음","목",3,5
1115,"미정","전공선택","ITE3016-11684-","데이터베이스시스템","원영준",3,"목(10:30-12:00)","","없음","목",2,4
1116,"미정","전공선택","ARE3083-11691-","건축구조역학","정지훈",3,"화(09:00-10:30),화(10:30-12:00)","","없음","화",2,4
1117,"미정","전공선택","ARE3087-10453-","건축과도시설계","손주휘",3,"금(09:00-10:30),금(10:30-12:00)","","없음","금",2,4
1118,"미정","전공선택","ARE5011-10462-","건축시공계획","현길용",3,"수(13:00-14:30),수(14:30-16:00)","","없음","수",6,8
1119,"미정","전공선택","CUL1138-10466-","인공지능과기계학습","성기혁",2,"시간미지정강좌","","없음",,,
1120,"미정","전공선택","CUL0201-12471-","상상과학성찰","김성희",2,"수(11:00-13:00)","","없음","수",3,5
1121,"미정","전공선택","ARE4089-12651-","건축설계스튜디오2","서진석",6,"화(13:00-14:00),금(13:00-14:00),화(14:00-18:00),금(14:00-18:00)","","없음","금",6,10
1122,"미정","전공선택","ARE4093-12655-","건축설계스튜디오4","함인선",6,"월(13:00-14:00),목(13:00-14:00),월(14:00-18:00),목(14:00-18:00)","","없음","목",6,10
1123,"미정","전공선택","ARE5009-12674-","Adventure_Design(건축융합2)","윤병희",3,"화(13:00-14:00),화(14:00-18:00)","","없음","화",6,10
1124,"미정","전공선택","ARE3081-12680-","건축융합설계2","백준현",3,"목(13:00-14:00),목(14:00-18:00)","","없음","목",6,10
1125,"미정","전공선택","ONE4015-10054-","고분자구조물리","위정재",3,"월(14:30-16:00),수(14:30-16:00)","","없음","수",6,8
1126,"미정","전공선택","EGY4018-10067-","에너지환경기술","도시현",3,"월(13:00-14:30),수(13:00-14:30)","","없음","수",5,6
1127,"미정","전공선택","PBL4025-10075-","에너지공학캡스톤PBL(ESS에너지효율화솔루션)","도시현",3,"월(17:00-19:00),화(17:00-19:00)","","없음","화",9,10
1128,"미정","전공선택","DME4074-10087-","미래모빌리티및스마트제조PBL2","김동립",3,"수(15:00-16:00),수(16:00-20:00)","","없음","수",8,10
1129,"미정","전공선택","BNG3005-10995-","기초신경과학","이제연",3,"화(13:00-14:30),목(13:00-14:30)","","없음","목",5,6
1130,"미정","전공선택","BNG3023-11000-","생체공학연구실현장실습4","김선정",1,"시간미지정강좌","","없음",,,
1131,"미정","전공선택","GEN5100-11007-","커리어개발Ⅱ:취.창업진로포트폴리오","김성환",1,"화(12:00-13:00)","","없음","화",4,5
1132,"미정","전공선택","ENE4041-12768-","마이크로프로세서응용","조영필",3,"월(11:00-13:00),수(11:00-13:00)","","없음","수",3,5
1133,"미정","전공선택","CSE4009-12769-","시스템프로그래밍","설웅",3,"월(11:00-13:00),수(13:00-15:00)","","없음","수",5,7
1134,"미정","전공선택","ACC2056-11675-","회계학","이윤기",3,"월(09:00-10:30),월(10:30-12:00)","","없음","월",2,4
1135,"미정","전공선택","BUS3002-11677-","재무관리","안종창",3,"화(10:30-12:00),수(10:30-12:00)","","없음","수",2,4
1136,"미정","전공선택","CUL0201-12472-","상상과학성찰","박민아",2,"수(11:00-13:00)","","없음","수",3,5
1137,"미정","전공선택","GEN2053-12492-","미분적분학2","권윤기",3,"월(10:30-12:00),수(09:00-10:30)","","없음","수",1,2
1138,"미정","전공선택","GEN2053-12496-","미분적분학2","박춘길",3,"수(13:00-14:30),금(09:00-10:30)","","없음","금",1,2
1139,"미정","전공선택","ECN1001-12706-","디지털논리설계","IGBAFE ORIKUMHI",4,"월(16:00-17:30),금(14:30-16:00),화(18:00-20:00)","","없음","화",10,10
1140,"미정","전공선택","ENE4029-12712-","반도체소자","남인호",3,"화(14:30-16:00),목(14:30-16:00)","","없음","목",6,8
1141,"미정","전공선택","GEN5100-12697-","커리어개발Ⅱ:취.창업진로포트폴리오","권일한",1,"시간미지정강좌","","없음",,,
1142,"미정","전공선택","MEE3004-10090-","유체역학2","곽노균",3,"월(13:00-14:30),수(13:00-14:30)","","없음","수",5,6
1143,"미정","전공선택","MEE4088-10093-","반도체및MEMS공정개론","문승재",3,"월(13:00-14:30),수(13:00-14:30)","","없음","수",5,6
1144,"미정","전공선택","NUE4014-10121-","원자로열수력학","송민섭",3,"수(10:30-12:00),금(14:30-16:00)","","없음","금",6,8
1145,"미정","전공선택","NUE4037-10122-","원자로물리","홍서기",3,"목(10:30-12:00),금(13:00-14:30)","","없음","금",5,6
1146,"미정","전공선택","GEN1016-11174-","일반생물학","김백호",3,"금(13:00-14:30),금(14:30-16:00)","","없음","금",6,8
1147,"미정","전공선택","ECE3008-11184-","신호와시스템","IGBAFE ORIKUMHI",3,"수(10:30-12:00),목(10:30-12:00)","","없음","목",2,4
1148,"미정","전공선택","GEN5100-12777-","커리어개발Ⅱ:취.창업진로포트폴리오","이헌준",1,"화(17:00-18:00)","","없음","화",9,10
1149,"미정","전공선택","ITE4055-12782-","캡스톤소프트웨어프로젝트2","조동현",1,"시간미지정강좌","","없음",,,
1150,"미정","전공선택","ITE1017-12789-","전공멘토링2","김태현",1,"시간미지정강좌","","없음",,,
1151,"미정","전공선택","ITE1012-11680-","정보시스템개론","안종창",3,"월(16:00-17:30),월(17:30-19:00)","","없음","월",9,10
1152,"미정","전공선택","ITE2030-11683-","정보시스템설계","김은찬",3,"월(16:00-17:30),월(17:30-19:00)","","없음","월",9,10
1153,"미정","전공선택","CHM1002-12511-","일반화학및실험2","김완주",3,"수(15:00-17:00),목(13:00-15:00)","","없음","목",5,7
1154,"미정","전공선택","GEN5026-12512-","테크노경영학(스타트업종합설계)","이재석",3,"수(09:00-10:30)","","없음","수",1,2
1155,"미정","전공선택","GEN5026-12513-","테크노경영학(스타트업종합설계)","안광일",3,"목(09:00-10:30)","","없음","목",1,2
1156,"미정","전공선택","GEN5100-12722-","커리어개발Ⅱ:취.창업진로포트폴리오","박진섭",1,"화(17:30-18:30)","","없음","화",9,10
1157,"미정","전공선택","GEN5100-12725-","커리어개발Ⅱ:취.창업진로포트폴리오","유호천",1,"수(17:30-18:30)","","없음","수",9,10
1158,"미정","전공선택","NUE4060-10123-","안전공학기초및원자력안전법","제무성",3,"월(09:00-10:30),월(10:30-12:00)","","없음","월",2,4
1159,"미정","전공선택","MME3032-10133-","암반공학실험및설계","이승원",2,"목(13:00-17:00)","","없음","목",5,9
1160,"미정","전공선택","MME3059-10134-","물리탐사실험및설계","설순지",2,"금(13:00-17:00)","","없음","금",5,9
1161,"미정","전공선택","MME3068-10137-","이산화탄소지중저장설계","왕지훈",3,"월(14:30-16:00),수(14:30-16:00)","","없음","수",6,8
1162,"미정","전공선택","INE1008-10146-","공급사슬경영(SCM)","정인재",3,"수(13:00-15:00),금(13:00-15:00)","","없음","금",5,7
1163,"미정","전공선택","INE3080-10148-","경영과학과운영연구2","박철진",3,"목(10:30-12:00),금(09:00-10:30)","","없음","금",1,2
1164,"미정","전공선택","URE3022-10162-","도시설계4","리나",4,"목(13:00-15:00),목(15:00-19:00)","","없음","목",7,10
1165,"미정","전공선택","URE3055-10164-","도시계획사","김흥순",3,"월(16:00-17:30),화(10:30-12:00)","","없음","화",2,4
1166,"미정","전공선택","ARE2022-11196-","건물유체및열역학","김종엽",3,"수(13:00-14:30),수(14:30-16:00)","","없음","수",6,8
1167,"미정","전공선택","CHM1002-11210-","일반화학및실험2","탁정애",3,"금(13:00-15:00),월(11:00-13:00)","","없음","월",3,5
1168,"미정","전공선택","GEN2053-11230-","미분적분학2","황신철",3,"월(13:00-14:30),금(13:00-14:30)","","없음","금",5,6
1169,"미정","전공선택","ICH2002-11232-","공업유기화학2","김영훈",3,"화(10:30-12:00),목(10:30-12:00)","","없음","목",2,4
1170,"미정","전공선택","COE2004-11255-","동역학","한경석",3,"월(10:30-12:00),수(10:30-12:00)","","없음","수",2,4
1171,"미정","전공선택","GEN5100-12795-","커리어개발Ⅱ:취.창업진로포트폴리오","김성열",1,"목(17:00-18:00)","","없음","목",9,10
1172,"미정","전공선택","BNG3023-12813-","생체공학연구실현장실습4","이병훈",1,"시간미지정강좌","","없음",,,
1173,"미정","전공선택","GEN5100-12824-","커리어개발Ⅱ:취.창업진로포트폴리오","오누리",1,"화(16:00-17:00)","","없음","화",8,9
1174,"미정","전공선택","GEN5100-12827-","커리어개발Ⅱ:취.창업진로포트폴리오","이종원",1,"화(16:00-17:00)","","없음","화",8,9
1175,"미정","전공선택","GEN3052-10747-","환경공학","장윤정",3,"화(10:30-12:00),수(10:30-12:00)","","없음","수",2,4
1176,"미정","전공선택","ITE3074-10791-","소프트웨어기술창업1","백필호",3,"월(13:00-14:30),월(14:30-16:00)","","없음","월",6,8
1177,"미정","전공선택","GEN2053-12495-","미분적분학2","김동영",3,"월(13:00-14:30),목(14:30-16:00)","","없음","목",6,8
1178,"미정","전공선택","GEN2053-12502-","미분적분학2","최나리",3,"화(13:00-14:30),목(16:00-17:30)","","없음","목",8,9
1179,"미정","전공선택","CUL3012-12510-","일반물리학및실험2","윤승언",3,"목(11:00-13:00),월(15:00-17:00)","","없음","월",7,9
1180,"미정","전공선택","ELE3081-12732-","VLSI공학","임재명",3,"화(13:00-14:30),목(13:00-14:30)","","없음","목",5,6
1181,"미정","전공선택","ELE3081-12733-","VLSI공학","정기석",3,"금(09:00-10:30),금(10:30-12:00)","","없음","금",2,4
1182,"미정","전공선택","ELE5001-12741-","융합전자공학종합설계2","유창재",1,"시간미지정강좌","","없음",,,
1183,"미정","전공선택","ELE3039-10174-","알고리즘","David Phillip Wagner",3,"화(13:00-14:30),목(13:00-14:30)","","없음","목",5,6
1184,"미정","전공선택","ELE3077-10177-","디지털신호처리2","김정희",4,"금(13:00-14:30),월(14:30-16:00),월(12:30-14:30)","","없음","월",4,6
1185,"미정","전공선택","ELE3081-10178-","VLSI공학","김지훈",3,"수(13:00-14:30),목(14:30-16:00)","","없음","목",6,8
1186,"미정","전공선택","GEN1031-11261-","공학도를위한창의적컴퓨팅","탁문호",3,"금(09:00-11:00),금(11:00-13:00)","","없음","금",3,5
1187,"미정","전공선택","INE1001-11307-","산업공학개론","김태복",3,"월(14:30-16:00),화(16:00-17:30)","","없음","화",8,9
1188,"미정","전공선택","URE3006-11324-","토지이용","이수기",3,"월(16:00-17:30),월(17:30-19:00)","","없음","월",9,10
1189,"미정","전공선택","CUL0205-11331-","Technology and AI: Utopia or Dystopia?","Matthew John Clement",2,"월(09:00-11:00)","","없음","월",1,3
1190,"미정","전공선택","ECN1001-11334-","디지털논리설계","김근배",4,"수(14:30-16:00),목(14:30-16:00),목(18:00-20:00)","","없음","목",10,10
1191,"미정","전공선택","MAE3028-12832-","신소재공학요소설계4(URIP)","한혁수",2,"월(18:00-20:00),목(18:00-20:00)","","없음","목",10,10
1192,"미정","전공선택","GEN5100-12848-","커리어개발Ⅱ:취.창업진로포트폴리오","김경학",1,"목(16:00-17:00)","","없음","목",8,9
1193,"미정","전공선택","COE1011-12860-","실용공학연구2","엄영호",1,"시간미지정강좌","","없음",,,
1194,"미정","전공선택","EGY4013-12865-","에너지공학종합설계2","김영훈",3,"시간미지정강좌","","없음",,,
1195,"미정","전공선택","GEN5100-12886-","커리어개발Ⅱ:취.창업진로포트폴리오","이승환",1,"시간미지정강좌","","없음",,,
1196,"미정","전공선택","GEN5100-12919-","커리어개발Ⅱ:취.창업진로포트폴리오","임명섭",1,"화(17:30-18:30)","","없음","화",9,10
1197,"미정","전공선택","GEN5026-12515-","테크노경영학(스타트업종합설계)","안광일",3,"월(13:00-14:30)","","없음","월",5,6
1198,"미정","전공선택","GEN1031-12545-","공학도를위한창의적컴퓨팅","조호성",3,"화(11:00-13:00),수(09:00-11:00)","","없음","수",1,3
1199,"미정","전공선택","ITE2038-12752-","데이터베이스시스템및응용","차재혁",3,"화(09:00-10:30),금(09:00-10:30)","","없음","금",1,2
1200,"미정","전공선택","ITE1015-12755-","창의적소프트웨어프로그래밍","노미나",4,"월(15:00-17:00),수(15:00-17:00),금(11:00-13:00)","","없음","금",3,5
1201,"미정","전공선택","ELE4084-10182-","디스플레이구동회로","최병덕",3,"화(13:00-14:30),목(13:00-14:30)","","없음","목",5,6
1202,"미정","전공선택","ELE4106-10185-","캡스톤디자인:아날로그설계","송익현",3,"월(13:00-15:00),월(15:00-17:00)","","없음","월",7,9
1203,"미정","전공선택","MAE3064-11357-","바이오신소재공학","정현도",3,"월(13:00-14:30),수(13:00-14:30)","","없음","수",5,6
1204,"미정","전공선택","AUE3033-12923-","미래자동차공학연구실현장실습2","조한신",1,"시간미지정강좌","","없음",,,
1205,"미정","전공선택","AUE4030-12935-","미래자동차공학연구실현장실습4","임명섭",1,"시간미지정강좌","","없음",,,
1206,"미정","전공선택","GEN5100-12944-","커리어개발Ⅱ:취.창업진로포트폴리오","임형욱",1,"수(12:00-13:00)","","없음","수",4,5
1207,"미정","전공선택","GEN5100-12952-","커리어개발Ⅱ:취.창업진로포트폴리오","김동진",1,"수(12:00-13:00)","","없음","수",4,5
1208,"미정","전공선택","SOI3014-11034-","심리뇌과학연구실현장실습2","김성신",1,"금(11:00-12:00)","","없음","금",3,4
1209,"미정","전공선택","ITE3062-11042-","인간컴퓨터상호작용","한경식",3,"수(09:00-10:30),수(10:30-12:00)","","없음","수",2,4
1210,"미정","전공선택","COE3052-11979-","공업수학2","신교일",3,"월(14:30-16:00),목(14:30-16:00)","","없음","목",6,8
1211,"미정","전공선택","CHE2002-11989-","공업물리화학2","임동현",3,"화(13:00-14:30),수(13:00-14:30)","","없음","수",5,6
1212,"미정","전공선택","CUL0203-11994-","AI시대쓰기의힘","최은정",2,"목(13:00-15:00)","","없음","목",5,7
1213,"미정","전공선택","CSE4009-12770-","시스템프로그래밍","설웅",3,"화(11:00-13:00),목(13:00-15:00)","","없음","목",5,7
1214,"미정","전공선택","GEN5100-12778-","커리어개발Ⅱ:취.창업진로포트폴리오","조동현",1,"화(17:00-18:00)","","없음","화",9,10
1215,"미정","전공선택","GEN5100-10190-","커리어개발Ⅱ:취.창업진로포트폴리오","김지훈",1,"화(17:30-18:30)","","없음","화",9,10
1216,"미정","전공선택","MTE4004-10206-","박막공학","박진성",3,"월(10:30-12:00),수(16:00-17:30)","","없음","수",8,9
1217,"미정","전공선택","CIE4081-10008-","건설정보모델링","한상욱",3,"월(13:00-15:00),수(13:00-15:00)","","없음","수",5,7
1218,"미정","전공선택","SOI4013-11047-","시계열데이터분석및실습","노영태",3,"화(13:00-15:00),목(11:00-13:00)","","없음","목",3,5
1219,"미정","전공선택","ELE3081-11054-","VLSI공학","임재명",3,"화(14:30-16:00),목(16:00-17:30)","","없음","목",8,9
1220,"미정","전공선택","GEN5100-11055-","커리어개발Ⅱ:취.창업진로포트폴리오","박진섭",1,"월(16:00-17:00)","","없음","월",8,9
1221,"미정","전공선택","GEN1031-11999-","공학도를위한창의적컴퓨팅","원정임",3,"월(11:00-13:00),화(15:00-17:00)","","없음","화",7,9
1222,"미정","전공선택","CSE4009-12023-","시스템프로그래밍","조인휘",3,"화(15:00-17:00),목(15:00-17:00)","","없음","목",7,9
1223,"미정","전공선택","ARE4089-12653-","건축설계스튜디오2","정대건",6,"화(13:00-14:00),금(13:00-14:00),화(14:00-18:00),금(14:00-18:00)","","없음","금",6,10
1224,"미정","전공선택","GEN5100-12661-","커리어개발Ⅱ:취.창업진로포트폴리오","김재경",1,"시간미지정강좌","","없음",,,
1225,"미정","전공선택","ITE1017-12793-","전공멘토링2","유민수",1,"시간미지정강좌","","없음",,,
1226,"미정","전공선택","BNG3023-12811-","생체공학연구실현장실습4","최성용",1,"시간미지정강좌","","없음",,,
1227,"미정","전공선택","BNG3023-12812-","생체공학연구실현장실습4","김안모",1,"시간미지정강좌","","없음",,,
1228,"미정","전공선택","MSE4004-12837-","신소재공학종합설계2(URIP)","이승용",3,"시간미지정강좌","","없음",,,
1229,"미정","전공선택","CUL0203-12393-","AI시대쓰기의힘","장예영",2,"금(15:00-17:00)","","없음","금",7,9
1230,"미정","전공선택","ELE4019-10022-","전력시스템공학","장문석",3,"월(16:00-17:30),월(17:30-19:00)","","없음","월",9,10
1231,"미정","전공선택","ECL4017-10019-","플라즈마전자공학","정진욱",3,"화(16:00-17:30),수(13:00-14:30)","","없음","수",5,6
1232,"미정","전공선택","ELE3004-10020-","제어공학","문준",3,"월(13:00-14:30),화(13:00-14:30)","","없음","화",5,6
1233,"미정","전공선택","ELE3013-10021-","전기기기","이주",3,"수(14:30-16:00),목(14:30-16:00)","","없음","목",6,8
1234,"미정","전공선택","MME3026-10013-","암반공학","추현욱",3,"화(10:30-12:00),목(10:30-12:00)","","없음","목",2,4
1235,"미정","전공선택","ARE3086-10033-","스마트건축생산","배성철",3,"화(13:00-15:00),화(15:00-17:00)","","없음","화",7,9
1236,"미정","전공선택","ARE4022-10035-","건축음향","전진용",3,"목(09:00-11:00)","","없음","목",1,3
1237,"미정","전공선택","ARE5005-10038-","건설프로젝트기획및개발","박민규",3,"수(13:00-14:30),수(14:30-16:00)","","없음","수",6,8
1238,"미정","전공선택","PBL4004-10043-","건축공학캡스톤PBL(건설경영및IT)","김주형",3,"시간미지정강좌,시간미지정강좌","","없음",,,
1239,"미정","전공선택","EGY4024-10071-","물화학","도시현",3,"화(10:30-12:00),수(10:30-12:00)","","없음","수",2,4
1240,"미정","전공선택","PME3002-10095-","기계진동학","오기용",3,"금(09:00-10:30),금(10:30-12:00)","","없음","금",2,4
1241,"미정","전공선택","GEN5026-10763-","테크노경영학(스타트업종합설계)","이재석",3,"목(10:30-12:00)","","없음","목",2,4
1242,"미정","전공선택","COE1011-10778-","실용공학연구2","박희진",1,"시간미지정강좌","","없음",,,
1243,"미정","전공선택","CSE4006-10780-","소프트웨어공학","김윤호",3,"수(13:00-14:30),목(13:00-14:30)","","없음","목",5,6
1244,"미정","전공선택","CHE1001-11976-","화학공학개론","함동효",3,"화(10:30-12:00),목(10:30-12:00)","","없음","목",2,4
1245,"미정","전공선택","CHE2013-11977-","생명과학과공학","상병인",3,"월(09:00-10:30),화(10:30-12:00)","","없음","화",2,4
1246,"미정","전공선택","GEN2053-11984-","미분적분학2","장정환",3,"수(16:00-17:30),금(14:30-16:00)","","없음","금",6,8
1247,"미정","전공선택","MSE4004-12839-","신소재공학종합설계2(URIP)","임원빈",3,"시간미지정강좌","","없음",,,
1248,"미정","전공선택","MSE4004-12843-","신소재공학종합설계2(URIP)","이종원",3,"시간미지정강좌","","없음",,,
1249,"미정","전공선택","GEN5100-12853-","커리어개발Ⅱ:취.창업진로포트폴리오","윤채옥",1,"월(16:00-17:00)","","없음","월",8,9
1250,"미정","전공선택","GEN5100-12883-","커리어개발Ⅱ:취.창업진로포트폴리오","서태원",1,"시간미지정강좌","","없음",,,
1251,"미정","전공선택","CUL0204-12431-","통합사고와읽기의기술","문혜연",2,"화(11:00-13:00)","","없음","화",3,5
1252,"미정","전공선택","CUL0203-12416-","AI시대쓰기의힘","김지선",2,"금(11:00-13:00)","","없음","금",3,5
1253,"미정","전공선택","CIE3070-10039-","철근콘크리트구조2","최창식",3,"월(09:00-10:30),화(09:00-10:30)","","없음","화",1,2
1254,"미정","전공선택","GEN5026-10048-","테크노경영학(스타트업종합설계)","김수진",3,"월(09:00-10:30)","","없음","월",1,2
1255,"미정","전공선택","ONE4018-10055-","유기나노공학실험2","정인환",2,"목(15:00-19:00)","","없음","목",7,10
1256,"미정","전공선택","EGY4022-10070-","이차전지기초설계","황장연",3,"월(14:30-16:00),수(14:30-16:00)","","없음","수",6,8
1257,"미정","전공선택","MEE4086-10092-","기계공학종합설계2","박우성",3,"시간미지정강좌","","없음",,,
1258,"미정","전공선택","CUL3012-11183-","일반물리학및실험2","이원욱",3,"화(13:00-15:00),목(09:00-11:00)","","없음","목",1,3
1259,"미정","전공선택","CHM1002-11199-","일반화학및실험2","최한",3,"화(13:00-15:00),금(11:00-13:00)","","없음","금",3,5
1260,"미정","전공선택","BNG2004-12182-","생체구조및기능1","김인영",3,"월(15:00-16:30),월(16:30-18:00)","","없음","월",8,10
1261,"미정","전공선택","GEN5100-10117-","커리어개발Ⅱ:취.창업진로포트폴리오","송민섭",1,"수(17:30-18:30)","","없음","수",9,10
1262,"미정","전공선택","BNG3021-10999-","생체공학연구실현장실습2","김선정",1,"시간미지정강좌","","없음",,,
1263,"미정","전공선택","SOI3010-11043-","데이터사이언스연구실현장실습2","노영태",1,"목(16:00-17:00)","","없음","목",8,9
1264,"미정","전공선택","GEN5100-12885-","커리어개발Ⅱ:취.창업진로포트폴리오","오기용",1,"시간미지정강좌","","없음",,,
1265,"미정","전공선택","DME3063-12889-","열유체공학실험1","박성욱",2,"화(15:00-19:00)","","없음","화",7,10
1266,"미정","전공선택","DME3003-12897-","시스템해석","박종현",3,"화(13:00-14:30),목(13:00-14:30)","","없음","목",5,6
1267,"미정","전공선택","ITE4035-10444-","시스템감리론","안종창",3,"월(09:00-10:30),화(09:00-10:30)","","없음","화",1,2
1268,"미정","전공선택","ARE5045-10465-","UX기반공간연구","양형모",3,"화(13:00-14:30),화(14:30-16:00)","","없음","화",6,8
1269,"미정","전공선택","ARD3005-11688-","서양건축사","남경훈",3,"금(16:00-17:30),금(17:30-19:00)","","없음","금",9,10
1270,"미정","전공선택","ARE2078-11690-","건축과컴퓨터","전한종",3,"월(13:00-15:00),월(15:00-17:00)","","없음","월",7,9
1271,"미정","전공선택","CUL0202-12443-","문화기술인간","김준수",2,"목(09:00-11:00)","","없음","목",1,3
1272,"미정","전공선택","COE3052-12551-","공업수학2","김재희",3,"화(13:00-14:30),금(10:30-12:00)","","없음","금",2,4
1273,"미정","전공선택","ENE4054-10110-","자동제어","박장현",3,"월(10:30-12:00),수(10:30-12:00)","","없음","수",2,4
1274,"미정","전공선택","NUE3066-10120-","원자력화학","조용흠",3,"월(13:00-15:00),목(15:00-17:00)","","없음","목",7,9
1275,"미정","전공선택","MME4072-10142-","폐기물에너지전환공학","권일한",3,"월(16:00-17:30),수(10:30-12:00)","","없음","수",2,4
1276,"미정","전공선택","CHE2002-11208-","공업물리화학2","정재윤",3,"화(13:00-14:30),수(13:00-14:30)","","없음","수",5,6
1277,"미정","전공선택","MEE2010-11250-","기계공학기초실험및설계","송시몬",3,"금(13:00-14:00),금(14:00-18:00)","","없음","금",6,10
1278,"미정","전공선택","GEN1100-11262-","공학도를위한창의적프로그래밍","홍석준",2,"수(13:00-14:00),수(14:00-15:00)","","없음","수",6,7
1279,"미정","전공선택","COE2022-11269-","공학입문설계","전상환",3,"화(09:00-11:00),금(11:00-13:00)","","없음","금",3,5
1280,"미정","전공선택","COE2022-11171-","공학입문설계","윤수경",3,"월(11:00-13:00),목(09:00-11:00)","","없음","목",1,3
1281,"미정","전공선택","GEN1100-11176-","공학도를위한창의적프로그래밍","신수연",2,"월(13:00-14:00),월(14:00-15:00)","","없음","월",6,7
1282,"미정","전공선택","MAT2017-11178-","확률통계론","김창훈",3,"수(15:00-16:30),수(16:30-18:00)","","없음","수",8,10
1283,"미정","전공선택","COE3052-11181-","공업수학2","김재희",3,"월(14:30-16:00),목(14:30-16:00)","","없음","목",6,8
1284,"미정","전공선택","BNG2009-12183-","생체전자및실습","장동표",3,"수(13:00-15:00),월(09:00-11:00)","","없음","월",1,3
1285,"미정","전공선택","COE3052-12184-","공업수학2","노우석",3,"화(14:30-16:00),금(14:30-16:00)","","없음","금",6,8
1286,"미정","전공선택","GEN1031-12189-","공학도를위한창의적컴퓨팅","원정임",3,"월(15:00-17:00),금(11:00-13:00)","","없음","금",3,5
1287,"미정","전공선택","GEN2053-12198-","미분적분학2","권윤기",3,"월(09:00-10:30),수(10:30-12:00)","","없음","수",2,4
1288,"미정","전공선택","SOI1010-12204-","머신러닝2","백성용",3,"화(09:00-11:00),수(13:00-15:00)","","없음","수",5,7
1289,"미정","전공선택","MEE4001-12898-","열전달","문승재",3,"월(10:30-12:00),수(10:30-12:00)","","없음","수",2,4
1290,"미정","전공선택","COE1011-12908-","실용공학연구2","조용흠",1,"시간미지정강좌","","없음",,,
1291,"미정","전공선택","COE1013-12909-","실용공학연구4","조용흠",1,"시간미지정강좌","","없음",,,
1292,"미정","전공선택","INE3100-12913-","산업공학연구실현장실습2","송재욱",1,"시간미지정강좌","","없음",,,
1293,"미정","전공선택","AUE4025-12941-","미래자동차공학종합설계2","한경석",1,"시간미지정강좌","","없음",,,
1294,"미정","전공선택","ECC1006-12720-","회로이론2","남인호",3,"화(10:30-12:00),목(09:00-10:30)","","없음","목",1,2
1295,"미정","전공선택","MSE4004-12838-","신소재공학종합설계2(URIP)","최선진",3,"시간미지정강좌","","없음",,,
1296,"미정","전공선택","MSE4004-12841-","신소재공학종합설계2(URIP)","오누리",3,"시간미지정강좌","","없음",,,
1297,"미정","전공선택","ICH2002-12846-","공업유기화학2","김종만",3,"화(13:00-14:30),목(13:00-14:30)","","없음","목",5,6
1298,"미정","전공선택","GEN5100-12857-","커리어개발Ⅱ:취.창업진로포트폴리오","안희준",1,"화(15:00-16:00)","","없음","화",7,8
1299,"미정","전공선택","ONE4004-12861-","유기나노공학종합설계2","박희준",3,"시간미지정강좌","","없음",,,
1300,"미정","전공선택","PBL4025-12864-","에너지공학캡스톤PBL(반도체:CMP공정)","도시현",3,"금(11:00-13:00),금(13:00-15:00)","","없음","금",5,7
1301,"미정","전공선택","ITE4055-12786-","캡스톤소프트웨어프로젝트2","최진식",1,"시간미지정강좌","","없음",,,
1302,"미정","전공선택","ECE3008-12715-","신호와시스템","남상원",3,"수(13:00-14:30),금(13:00-14:30)","","없음","금",5,6
1303,"미정","전공선택","BNG3023-12808-","생체공학연구실현장실습4","이종민",1,"시간미지정강좌","","없음",,,
1304,"미정","전공선택","GEN5100-12822-","커리어개발Ⅱ:취.창업진로포트폴리오","장재일",1,"화(16:00-17:00)","","없음","화",8,9
1305,"미정","전공선택","ELE3075-12735-","전자회로2","송익현",4,"월(09:00-10:30),월(10:30-12:00),목(11:00-13:00)","","없음","목",3,5
1306,"미정","전공선택","ELE5001-12738-","융합전자공학종합설계2","김선우",1,"시간미지정강좌","","없음",,,
1307,"미정","전공선택","GEN5100-12797-","커리어개발Ⅱ:취.창업진로포트폴리오","최창순",1,"화(12:00-13:00)","","없음","화",4,5
1308,"미정","전공선택","MAE3028-12830-","신소재공학요소설계4(URIP)","임원빈",2,"월(18:00-20:00),목(18:00-20:00)","","없음","목",10,10
1309,"미정","전공선택","GEN5100-12774-","커리어개발Ⅱ:취.창업진로포트폴리오","김태욱",1,"화(17:00-18:00)","","없음","화",9,10
1310,"미정","전공선택","ELE4029-12780-","컴파일러설계","이헌준",3,"화(14:30-16:00),목(10:30-12:00)","","없음","목",2,4
1311,"미정","전공선택","GEN5100-12726-","커리어개발Ⅱ:취.창업진로포트폴리오","윤동원",1,"화(17:30-18:30)","","없음","화",9,10
1312,"미정","전공선택","GEN5100-12729-","커리어개발Ⅱ:취.창업진로포트폴리오","정예환",1,"화(17:30-18:30)","","없음","화",9,10
1313,"미정","전공선택","DME2055-12870-","기계재료학","김학성",3,"월(13:00-14:30)","","없음","월",5,6
1314,"미정","전공선택","ELE5001-12742-","융합전자공학종합설계2","윤기중",1,"시간미지정강좌","","없음",,,
1315,"미정","전공선택","ELE5001-12744-","융합전자공학종합설계2","이채은",1,"시간미지정강좌","","없음",,,
1316,"미정","전공선택","GEN5100-12759-","커리어개발Ⅱ:취.창업진로포트폴리오","오현옥",1,"금(17:00-18:00)","","없음","금",9,10
1317,"미정","전공선택","MAT2020-12767-","이산수학","최진식",3,"화(14:30-16:00),목(16:00-17:30)","","없음","목",8,9
1318,"미정","전공선택","MAE3020-12834-","전자소자재료2","김형진",3,"월(13:00-14:30),목(13:00-14:30)","","없음","목",5,6
1319,"미정","전공선택","DBC3011-11363-","생물리학","조항준",2,"목(11:00-13:00)","","없음","목",3,5
1320,"미정","전공선택","PRE1019-11367-","사람.의료.사회1-2","박훈기",2,"화(15:00-17:00)","","없음","화",7,9
1321,"미정","전공선택","PRE1022-13188-","의과학기초실습","장미윤",1,"목(15:00-17:00)","","없음","목",7,9
1322,"미정","전공선택","PRE1022-13187-","의과학기초실습","장미윤",1,"목(13:00-15:00)","","없음","목",5,7
1323,"미정","전공선택","PRE1015-11365-","인간심리학","김은경",2,"금(13:00-15:00)","","없음","금",5,7
1324,"미정","전공선택","PRE2033-11374-","의학생화학입문","김용석",3,"금(09:00-10:30),금(10:30-12:00)","","없음","금",2,4
1325,"미정","전공선택","PRE2034-11375-","의학생리학입문","조항준",3,"수(10:00-12:00),수(13:00-15:00)","","없음","수",5,7
1326,"미정","전공선택","PRE1022-13002-","의과학기초실습","장미윤",1,"수(15:00-17:00)","","없음","수",7,9
1327,"미정","전공선택","PRE2013-11372-","의학용어학1","황세진",2,"화(09:00-11:00)","","없음","화",1,3
1328,"미정","전공선택","PRE2036-11376-","인구집단과건강","김민주",2,"화(09:00-11:00)","","없음","화",1,3
1329,"미정","전공선택","PRE1023-11370-","인체영양학개론","김미경",2,"목(09:00-11:00)","","없음","목",1,3
1330,"미정","전공선택","PRE1024-11371-","의료데이터사이언스입문","황우창",2,"수(11:00-13:00)","","없음","수",3,5
1331,"미정","전공선택","PRE2031-11373-","사람.의료.사회2-2","신영전",2,"목(10:00-12:00)","","없음","목",2,4
1332,"미정","전공선택","BNG3005-11362-","기초신경과학","황세진",2,"월(15:00-17:00)","","없음","월",7,9
1333,"미정","전공선택","PRE1017-11366-","의료기기의이해","이제연",2,"금(09:00-11:00)","","없음","금",1,3
1334,"미정","전공선택","PRE1021-11368-","유기화학","이경림",2,"월(11:00-13:00)","","없음","월",3,5
1335,"미정","전공선택","PRE1022-11369-","의과학기초실습","장미윤",1,"수(13:00-15:00)","","없음","수",5,7
1336,"미정","전공선택","BIO2022-11361-","세포생물학","김용석",3,"월(14:00-15:30),월(15:30-17:00)","","없음","월",7,9
1337,"미정","전공선택","MED2010-11364-","유전학","허준호",3,"화(13:00-14:30),목(13:00-14:30)","","없음","목",5,6
1338,"미정","전공선택","EDU2014-13041-","교육철학및교육사","윤지혜",2,"금(13:00-15:00)","","없음","금",5,7
1339,"미정","전공선택","EDU3078-13043-","교육과정론","김혜실",2,"수(15:00-17:00)","","없음","수",7,9
1340,"미정","전공선택","EDU2071-10209-","신경과학과교육","임수현",3,"수(15:00-16:30),수(16:30-18:00)","","없음","수",8,10
1341,"미정","전공선택","EDU3085-10212-","학습과학","신서경",3,"금(13:00-14:30),금(14:30-16:00)","","없음","금",6,8
1342,"미정","전공선택","KLE3017-10222-","현대소설교육론","김수지",3,"화(13:00-14:30),화(14:30-16:00)","","없음","화",6,8
1343,"미정","전공선택","DET2024-10257-","HRD와조직변화","김희배",3,"수(13:00-14:00),수(14:00-16:00)","","없음","수",6,8
1344,"미정","전공선택","MAT3002-10273-","현대대수2","신동의",3,"화(10:30-12:00),목(10:30-12:00)","","없음","목",2,4
1345,"미정","전공선택","EDU3034-10210-","교직실무","배성철",2,"월(11:00-13:00)","","없음","월",3,5
1346,"미정","전공선택","EDU2018-11387-","상담이론","조한익",3,"화(13:00-14:30),화(14:30-16:00)","","없음","화",6,8
1347,"미정","전공선택","CUL0204-11394-","통합사고와읽기의기술","박다솜",2,"월(13:00-15:00)","","없음","월",5,7
1348,"미정","전공선택","APA2034-11428-","2D컴퓨터그래픽","표재연",2,"목(15:00-16:00),목(16:00-18:00)","","없음","목",8,10
1349,"미정","전공선택","MAT2068-11474-","수학사와수학교육사","송륜진",3,"화(13:00-14:30),목(13:00-14:30)","","없음","목",5,6
1350,"미정","전공선택","GEN6032-12380-","전문학술영어","Mark A. Rublik",3,"월(13:00-14:30),목(16:00-17:30)","","없음","목",8,9
1351,"미정","전공선택","APA2031-10243-","서양미술사2","권영진",3,"화(13:00-14:30),화(14:30-16:00)","","없음","화",6,8
1352,"미정","전공선택","GEN5100-10268-","커리어개발Ⅱ:취.창업진로포트폴리오","정수정",1,"수(17:00-18:00)","","없음","수",9,10
1353,"미정","전공선택","MAT4057-11477-","미분기하학2","조상범",3,"월(16:00-17:30),수(16:00-17:30)","","없음","수",8,9
1354,"미정","전공선택","DEE1007-11412-","영어의사소통의기초","Joshua Huewe",3,"화(13:00-14:30),금(13:00-14:30)","","없음","금",5,6
1355,"미정","전공선택","APA3006-11429-","시각디자인2","오형균",3,"수(09:00-11:00),수(11:00-13:00)","","없음","수",3,5
1356,"미정","전공선택","ELE3037-11470-","확률과통계","유다혜",3,"수(15:00-16:30),수(16:30-18:00)","","없음","수",8,10
1357,"미정","전공선택","GEN2053-11471-","미분적분학2","김기택",3,"화(10:30-12:00),목(10:30-12:00)","","없음","목",2,4
1358,"미정","전공선택","GEN5100-10215-","커리어개발Ⅱ:취.창업진로포트폴리오","함승환",1,"금(11:00-12:00)","","없음","금",3,4
1359,"미정","전공선택","DEE3052-10230-","사회언어학과영어교육","이지훈",3,"화(13:00-14:30),화(14:30-16:00)","","없음","화",6,8
1360,"미정","전공선택","ENG4007-10238-","영어학특강","서영미",3,"월(10:30-12:00),수(10:30-12:00)","","없음","수",2,4
1361,"미정","전공선택","GEN5100-10239-","커리어개발Ⅱ:취.창업진로포트폴리오","전유아",1,"수(16:00-17:00)","","없음","수",8,9
1362,"미정","전공선택","CUL0202-12464-","문화기술인간","천미림",2,"화(13:00-15:00)","","없음","화",5,7
1363,"미정","전공선택","APA3114-10246-","소셜디자인","황의진",2,"월(13:00-14:00),월(14:00-16:00)","","없음","월",6,8
1364,"미정","전공선택","APA3021-10245-","미술과교재연구","김미남",3,"월(16:00-17:30),월(17:30-19:00)","","없음","월",9,10
1365,"미정","전공선택","EDU4036-10267-","산업교육프로그램개발","설동준",3,"화(13:00-14:00),화(14:00-16:00)","","없음","화",6,8
1366,"미정","전공선택","DET3035-10260-","학습동기와게임","배윤희",3,"화(09:00-10:00),화(10:00-12:00)","","없음","화",2,4
1367,"미정","전공선택","MAT3025-10274-","복소함수론1","오병근",3,"월(14:30-16:00),수(14:30-16:00)","","없음","수",6,8
1368,"미정","전공선택","MAT4004-10275-","위상수학2","조상범",3,"월(13:00-14:30),수(13:00-14:30)","","없음","수",5,6
1369,"미정","전공선택","EDU2003-11397-","교육사회학","김재영",2,"수(09:00-11:00)","","없음","수",1,3
1370,"미정","전공선택","KLE2004-11402-","국어과교육론","김세림",3,"수(09:00-10:30),수(10:30-12:00)","","없음","수",2,4
1371,"미정","전공선택","DEE2015-11414-","영어음성학연구","강선미",3,"수(09:00-10:30),수(10:30-12:00)","","없음","수",2,4
1372,"미정","전공선택","DEE2035-11417-","다문화사회의영어교육","이지훈",3,"목(13:00-14:30),목(14:30-16:00)","","없음","목",6,8
1373,"미정","전공선택","EDU3034-13035-","교직실무","김효정",2,"목(09:00-11:00)","","없음","목",1,3
1374,"미정","전공선택","EDU1002-13037-","교육심리학","천미람",2,"금(11:00-13:00)","","없음","금",3,5
1375,"미정","전공선택","DEE2036-11418-","글로벌영어커뮤니케이션","Connie Park",2,"화(13:00-15:00)","","없음","화",5,7
1376,"미정","전공선택","DET2014-11451-","교수학습이론및교수설계","신윤희",3,"월(13:00-15:00),월(15:00-16:00)","","없음","월",7,8
1377,"미정","전공선택","MAT2076-11475-","해석학개론2","전성민",3,"화(16:00-17:30),목(14:30-16:00)","","없음","목",6,8
1378,"미정","전공선택","DEE4031-10232-","영어과교육과정과교재연구","전유아",3,"목(11:00-13:00),수(14:30-15:30)","","없음","수",6,7
1379,"미정","전공선택","APA4028-10248-","미술과논리및논술","김미남",2,"목(15:00-17:00)","","없음","목",7,9
1380,"미정","전공선택","EDU3042-10253-","교육봉사활동2","김선아",2,"시간미지정강좌","","없음",,,
1381,"미정","전공선택","EDU3034-13036-","교직실무","김효정",2,"목(11:00-13:00)","","없음","목",3,5
1382,"미정","전공선택","DET3028-10259-","이러닝개발","신윤희",3,"목(09:00-11:00),목(11:00-12:00)","","없음","목",3,4
1383,"미정","전공선택","DET4029-10263-","교육공학사례연구","주재홍",3,"수(09:00-10:00),수(10:00-12:00)","","없음","수",2,4
1384,"미정","전공선택","GEN5100-10272-","커리어개발Ⅱ:취.창업진로포트폴리오","조상범",1,"금(16:00-17:00)","","없음","금",8,9
1385,"미정","전공선택","GEN5100-13047-","커리어개발Ⅱ:취.창업진로포트폴리오","김미영",1,"수(16:00-17:00)","","없음","수",8,9
1386,"미정","전공선택","KLE2024-11403-","국어규범론","김정선",3,"목(13:00-15:00),월(11:00-12:00)","","없음","월",3,4
1387,"미정","전공선택","KOR1019-11406-","AI시대의리터러시교육","조병영",3,"월(15:00-16:30),월(16:30-18:00)","","없음","월",8,10
1388,"미정","전공선택","KOR2001-11408-","국문학개론","최인찬",3,"금(09:00-10:30),금(10:30-12:00)","","없음","금",2,4
1389,"미정","전공선택","EDU3079-13045-","교육평가론","이종아",2,"수(13:00-15:00)","","없음","수",5,7
1390,"미정","전공선택","APA3065-11430-","디자인스튜디오","현은령",3,"목(09:00-10:30),목(10:30-12:00)","","없음","목",2,4
1391,"미정","전공선택","I-D2004-11443-","포토그래피","서찬석",2,"화(13:00-14:00),화(14:00-16:00)","","없음","화",6,8
1392,"미정","전공선택","GEN5100-13050-","커리어개발Ⅱ:취.창업진로포트폴리오","이동영",1,"화(17:00-18:00)","","없음","화",9,10
1393,"미정","전공선택","EDU2014-13042-","교육철학및교육사","윤지혜",2,"금(15:00-17:00)","","없음","금",7,9
1394,"미정","전공선택","EDU3078-13044-","교육과정론","김혜실",2,"금(15:00-17:00)","","없음","금",7,9
1395,"미정","전공선택","EDU2003-13039-","교육사회학","김재영",2,"수(13:00-15:00)","","없음","수",5,7
1396,"미정","전공선택","CUL0202-11382-","문화기술인간","정세권",2,"화(13:00-15:00)","","없음","화",5,7
1397,"미정","전공선택","APA1015-11427-","드로잉","김도희",2,"수(09:00-10:00),수(10:00-12:00)","","없음","수",2,4
1398,"미정","전공선택","I-D4025-11444-","영상디자인1","Tammy Ko Robinson",2,"수(13:00-14:00),수(14:00-16:00)","","없음","수",6,8
1399,"미정","전공선택","CUL0203-11383-","AI시대쓰기의힘","김유진",2,"월(13:00-15:00)","","없음","월",5,7
1400,"미정","전공선택","EDU2007-11386-","발달심리학","장형심",3,"금(13:00-14:30),금(14:30-16:00)","","없음","금",6,8
1401,"미정","전공선택","DEE1015-11413-","영어쓰기의기초","Caroline Sommerville Ward",2,"목(13:00-15:00)","","없음","목",5,7
1402,"미정","전공선택","DEE2033-11416-","영어음운론연구","강선미",3,"수(13:00-14:30),수(14:30-16:00)","","없음","수",6,8
1403,"미정","전공선택","DET3037-11454-","HRD와컨설팅","곽훈",3,"월(09:00-10:00),월(10:00-12:00)","","없음","월",2,4
1404,"미정","전공선택","EDU3078-11458-","교육과정론","김혜실",2,"수(13:00-15:00)","","없음","수",5,7
1405,"미정","전공선택","DEE4040-10233-","AI와영어논리논술","김성연",3,"월(15:00-16:30),월(16:30-18:00)","","없음","월",8,10
1406,"미정","전공선택","PBL4011-10255-","응용미술교육캡스톤PBL(졸업전시개최)","황의진",3,"수(13:00-15:00),수(15:00-17:00)","","없음","수",7,9
1407,"미정","전공선택","EDU1002-13038-","교육심리학","천미람",2,"금(13:00-15:00)","","없음","금",5,7
1408,"미정","전공선택","EDU2019-10208-","교육현장연구","박주호",3,"화(15:00-16:30),화(16:30-18:00)","","없음","화",8,10
1409,"미정","전공선택","KLE3016-10221-","현대시교육론","정재찬",3,"월(13:00-14:30),수(14:30-16:00)","","없음","수",6,8
1410,"미정","전공선택","KLE4013-10223-","화법교육론","김정선",3,"화(10:30-12:00),수(13:00-14:30)","","없음","수",5,6
1411,"미정","전공선택","ENG4004-10237-","영문학특강","이근성",3,"월(15:00-16:30),월(16:30-18:00)","","없음","월",8,10
1412,"미정","전공선택","APA2021-10241-","가상공간연구","Tammy Ko Robinson",2,"목(13:00-14:00),목(14:00-16:00)","","없음","목",6,8
1413,"미정","전공선택","APA4057-13051-","도예실기","김영호",3,"수(09:00-11:00),수(11:00-13:00)","","없음","수",3,5
1414,"미정","전공선택","APA4108-10250-","사회문제해결을위한Hands-onExperienceDesign","현은령",3,"월(09:00-11:00),월(11:00-13:00)","","없음","월",3,5
1415,"미정","전공선택","MAT4034-10276-","수학교육논술","김소형",3,"목(13:00-14:30),목(14:30-16:00)","","없음","목",6,8
1416,"미정","전공선택","EDU2001-11385-","교육과정","신서경",3,"월(14:30-16:00),수(14:30-16:00)","","없음","수",6,8
1417,"미정","전공선택","KLE2029-11405-","현대소설작품론","김미영",3,"수(13:00-15:00)","","없음","수",5,7
1418,"미정","전공선택","APA1012-11426-","미술교육학원론1","김미남",3,"월(09:00-10:30),월(10:30-12:00)","","없음","월",2,4
1419,"미정","전공선택","EDU3079-11440-","교육평가론","이종아",2,"화(13:00-15:00)","","없음","화",5,7
1420,"미정","전공선택","DET1003-11449-","HRD개론","송지훈",3,"수(13:00-15:00),수(15:00-16:00)","","없음","수",7,8
1421,"미정","전공선택","EDU2014-11467-","교육철학및교육사","최정희",2,"월(15:00-17:00)","","없음","월",7,9
1422,"미정","전공선택","MAT2024-11473-","선형대수2","신동의",3,"월(10:30-12:00),수(10:30-12:00)","","없음","수",2,4
1423,"미정","전공선택","MAT3057-11476-","수학교재연구및지도법","주미경",3,"화(13:00-14:30),화(14:30-16:00)","","없음","화",6,8
1424,"미정","전공선택","DET3038-10262-","LMS와학습분석학","정수정",3,"목(13:00-14:00),목(14:00-16:00)","","없음","목",6,8
1425,"미정","전공선택","CED2012-11380-","교육학교과교육론","신서경",3,"수(13:00-14:30),목(13:00-14:30)","","없음","목",5,6
1426,"미정","전공선택","EDU2059-11388-","인지심리","임수현",3,"수(09:00-10:30),수(10:30-12:00)","","없음","수",2,4
1427,"미정","전공선택","CUL0203-12401-","AI시대쓰기의힘","장예영",2,"월(13:00-15:00)","","없음","월",5,7
1428,"미정","전공선택","DEE2030-11415-","영어학과영어교육","서영미",3,"월(13:00-14:30),수(13:00-14:30)","","없음","수",5,6
1429,"미정","전공선택","DEE3018-11419-","영어과교육론","김성연",3,"월(13:00-14:30)","","없음","월",5,6
1430,"미정","전공선택","EDU1002-11420-","교육심리학","정유선",2,"화(15:00-17:00)","","없음","화",7,9
1431,"미정","전공선택","DET3014-11453-","AI와데이터리터러시","이윤수",3,"수(09:00-11:00),수(11:00-12:00)","","없음","수",3,4
1432,"미정","전공선택","GEN6032-11390-","전문학술영어","Joshua Huewe",3,"월(13:00-14:30),목(16:00-17:30)","","없음","목",8,9
1433,"미정","전공선택","EDU4094-10213-","뇌기반교육과상담","조한익",3,"월(13:00-14:30),월(14:30-16:00)","","없음","월",6,8
1434,"미정","전공선택","GEN5100-10219-","커리어개발Ⅱ:취.창업진로포트폴리오","류수열",1,"수(16:00-17:00)","","없음","수",8,9
1435,"미정","전공선택","KLE4023-10224-","문법교육론","김정선",3,"월(14:30-16:00),수(10:30-12:00)","","없음","수",2,4
1436,"미정","전공선택","KLE2027-11404-","국어통사론","김순옥",3,"화(09:00-10:30),화(10:30-12:00)","","없음","화",2,4
1437,"미정","전공선택","KOR1020-11407-","고전소설작품론","류수열",3,"화(13:00-15:00),수(11:00-12:00)","","없음","수",3,4
1438,"미정","전공선택","DET2038-11452-","4차산업혁명시대의인재경영론","송영수",3,"화(13:00-14:00),화(14:00-16:00)","","없음","화",6,8
1439,"미정","전공선택","GEN6032-12381-","전문학술영어","John Finucane",3,"월(13:00-14:30),목(16:00-17:30)","","없음","목",8,9
1440,"미정","전공선택","EDU2003-13040-","교육사회학","김재영",2,"목(09:00-11:00)","","없음","목",1,3
1441,"미정","전공선택","KOR3006-10228-","국어사","이성우",3,"월(16:00-17:30),월(17:30-19:00)","","없음","월",9,10
1442,"미정","전공선택","APA2030-10242-","문화예술콘텐츠","서제희",2,"화(15:00-17:00)","","없음","화",7,9
1443,"미정","전공선택","APA4057-10249-","도예실기","김영호",3,"월(09:00-11:00),월(11:00-13:00)","","없음","월",3,5
1444,"미정","전공선택","MAT4060-10277-","조합론","김기택",3,"화(09:00-10:30),목(09:00-10:30)","","없음","목",1,2
1445,"미정","전공선택","EDU3079-13046-","교육평가론","이종아",2,"수(15:00-17:00)","","없음","수",7,9
1446,"미정","전공선택","GEN5100-12960-","커리어개발Ⅱ:취.창업진로포트폴리오","신효진",1,"시간미지정강좌","","없음",,,
1447,"미정","전공선택","CMU3012-10281-","합창6","이민영",2,"시간미지정강좌","","없음",,,
1448,"미정","전공선택","CMU4054-10282-","전공쏠페지오4","이민영",2,"월(11:00-13:00)","","없음","월",3,5
1449,"미정","전공선택","CMU3032-10297-","서양음악사4","강지영",2,"화(11:00-13:00)","","없음","화",3,5
1450,"미정","전공선택","COP3062-10300-","연주와비평6","박명훈",1,"시간미지정강좌","","없음",,,
1451,"미정","전공선택","COP3080-10301-","기악및국악기실습4","박명훈",1,"시간미지정강좌","","없음",,,
1452,"미정","전공선택","COP3084-10302-","관현악워크샾2","이근형",2,"화(13:00-15:00)","","없음","화",5,7
1453,"미정","전공선택","COP4016-10303-","20세기음악4","박명훈",2,"금(15:00-17:00)","","없음","금",7,9
1454,"미정","전공선택","COP4032-10305-","작곡워크샵2","이문희",2,"화(13:00-15:00)","","없음","화",5,7
1455,"미정","전공선택","GEN5100-10317-","커리어개발Ⅱ:취.창업진로포트폴리오","허재원",1,"시간미지정강좌","","없음",,,
1456,"미정","전공선택","VOC4028-10293-","성악전공실기8","Kathleen Jihyun Kim",1,"시간미지정강좌","","없음",,,
1457,"미정","전공선택","OCH3033-10319-","기악앙상블2","허재원",1,"시간미지정강좌","","없음",,,
1458,"미정","전공선택","COP1066-10332-","현대음악연주2","백승완",1,"화(09:00-10:00)","","없음","화",1,2
1459,"미정","전공선택","KTM3044-10355-","국악전공실기6","서순정",1,"시간미지정강좌","","없음",,,
1460,"미정","전공선택","KTM4006-10358-","국악실내악6","유병진",1,"시간미지정강좌","","없음",,,
1461,"미정","전공선택","OCH2006-10318-","특수악기2","장은경",1,"시간미지정강좌","","없음",,,
1462,"미정","전공선택","GEN5100-10335-","커리어개발Ⅱ:취.창업진로포트폴리오","최희준",1,"시간미지정강좌","","없음",,,
1463,"미정","전공선택","OCH3028-10339-","관현악전공실기6","최희준",1,"시간미지정강좌","","없음",,,
1464,"미정","전공선택","GEN5100-10350-","커리어개발Ⅱ:취.창업진로포트폴리오","손정화",1,"시간미지정강좌","","없음",,,
1465,"미정","전공선택","KTM4089-10361-","민요실습2","최정아",1,"목(11:00-12:00)","","없음","목",3,4
1466,"미정","전공선택","CMU1012-11479-","합창2","이민영",2,"월(13:00-15:00)","","없음","월",5,7
1467,"미정","전공선택","CMU2042-11482-","시창및청음4","김지영",2,"수(11:00-13:00)","","없음","수",3,5
1468,"미정","전공선택","VOC1013-11492-","딕션2","김종국",2,"목(15:00-17:00)","","없음","목",7,9
1469,"미정","전공선택","CMU1042-11498-","시창및청음2","박수정",2,"금(11:00-13:00)","","없음","금",3,5
1470,"미정","전공선택","CMU2042-11500-","시창및청음4","박수정",2,"월(13:00-15:00)","","없음","월",5,7
1471,"미정","전공선택","COP1017-11503-","고급화성","박수정",2,"월(11:00-13:00)","","없음","월",3,5
1472,"미정","전공선택","GEN3074-11517-","연주와비평2","이문희",1,"시간미지정강좌","","없음",,,
1473,"미정","전공선택","CMU2042-11523-","시창및청음4","한진희",2,"수(09:00-11:00)","","없음","수",1,3
1474,"미정","전공선택","CUL0204-12421-","통합사고와읽기의기술","전철희",2,"금(15:00-17:00)","","없음","금",7,9
1475,"미정","전공선택","GEN3076-11531-","연주와비평4","김희재",1,"월(12:00-13:00)","","없음","월",4,5
1476,"미정","전공선택","PNO1004-11533-","피아노전공실기2","허재원",1,"시간미지정강좌","","없음",,,
1477,"미정","전공선택","PNO3033-11536-","피아노앙상블1","허재원",1,"시간미지정강좌","","없음",,,
1478,"미정","전공선택","GEN3074-11547-","연주와비평2","최성원",1,"화(13:00-14:00)","","없음","화",5,6
1479,"미정","전공선택","GEN3076-11548-","연주와비평4","최성원",1,"시간미지정강좌","","없음",,,
1480,"미정","전공선택","KTM2006-11570-","국악실내악2","최광일",1,"시간미지정강좌","","없음",,,
1481,"미정","전공선택","COP2038-11484-","음악이론4","이수민",2,"화(13:00-15:00)","","없음","화",5,7
1482,"미정","전공선택","CUL0204-11486-","통합사고와읽기의기술","임보람",2,"월(15:00-17:00)","","없음","월",7,9
1483,"미정","전공선택","GEN3076-11489-","연주와비평4","신효진",1,"시간미지정강좌","","없음",,,
1484,"미정","전공선택","VOC1004-11491-","성악전공실기2","Kathleen Jihyun Kim",1,"시간미지정강좌","","없음",,,
1485,"미정","전공선택","GEN3076-11518-","연주와비평4","박명훈",1,"시간미지정강좌","","없음",,,
1486,"미정","전공선택","OCH3004-11557-","관악.현악합주4","이신애",2,"시간미지정강좌","","없음",,,
1487,"미정","전공선택","GEN3076-11565-","연주와비평4","손정화",1,"시간미지정강좌","","없음",,,
1488,"미정","전공선택","KTM2014-11571-","국악특수악기2","서순정",1,"시간미지정강좌","","없음",,,
1489,"미정","전공선택","KTM2091-11574-","정가실습2","김윤지",1,"월(15:00-16:00)","","없음","월",7,8
1490,"미정","전공선택","GEN5100-13162-","커리어개발Ⅱ:취.창업진로포트폴리오","김희재",1,"시간미지정강좌","","없음",,,
1491,"미정","전공선택","CMU2032-13161-","서양음악사2","권현석",2,"화(15:00-17:00)","","없음","화",7,9
1492,"미정","전공선택","OCH2006-11553-","특수악기2","최희준",1,"시간미지정강좌","","없음",,,
1493,"미정","전공선택","OCH2012-11554-","관현악4","신주용",4,"시간미지정강좌","","없음",,,
1494,"미정","전공선택","OCH2014-11555-","실내악4","최희준",1,"시간미지정강좌","","없음",,,
1495,"미정","전공선택","CMU1042-11559-","시창및청음2","김봄이",2,"수(11:00-13:00)","","없음","수",3,5
1496,"미정","전공선택","KTM3006-11578-","국악실내악4","서순정",1,"시간미지정강좌","","없음",,,
1497,"미정","전공선택","CMU3004-10280-","전공쏠페지오2","이민영",2,"월(09:00-11:00)","","없음","월",1,3
1498,"미정","전공선택","VOC3059-10290-","연주기획과평론2","김우경",2,"시간미지정강좌","","없음",,,
1499,"미정","전공선택","PNO3044-10325-","음악교육프로그램개발","강서희",2,"수(13:00-15:00)","","없음","수",5,7
1500,"미정","전공선택","VOC4065-10295-","무대예술6","이강호",3,"금(13:00-16:00)","","없음","금",5,8
1501,"미정","전공선택","COP4044-10316-","중등음악교육실습2","유정은",2,"목(13:00-15:00)","","없음","목",5,7
1502,"미정","전공선택","OCH4028-10320-","기악앙상블4","허재원",1,"시간미지정강좌","","없음",,,
1503,"미정","전공선택","PNO3040-10324-","피아노구조와관리","이남인",2,"수(15:00-17:00)","","없음","수",7,9
1504,"미정","전공선택","CMU2032-13160-","서양음악사2","정의경",2,"목(13:00-15:00)","","없음","목",5,7
1505,"미정","전공선택","GEN5100-13166-","커리어개발Ⅱ:취.창업진로포트폴리오","조인혁",1,"시간미지정강좌","","없음",,,
1506,"미정","전공선택","PNO3045-10326-","문화예술교육현장실습과이해","이예진",2,"수(11:00-12:00),수(12:00-13:00)","","없음","수",4,5
1507,"미정","전공선택","PNO4026-10328-","피아노전공실기8","허재원",1,"시간미지정강좌","","없음",,,
1508,"미정","전공선택","OCH3033-10340-","기악앙상블2","최희준",1,"시간미지정강좌","","없음",,,
1509,"미정","전공선택","OCH4014-10344-","관악.현악합주8","이신애",2,"시간미지정강좌","","없음",,,
1510,"미정","전공선택","OCH4024-10345-","관현악전공실기8","최희준",1,"시간미지정강좌","","없음",,,
1511,"미정","전공선택","CMU2012-11481-","합창4","이민영",2,"월(15:00-17:00)","","없음","월",7,9
1512,"미정","전공선택","VOC2073-11496-","딕션4","신효진",2,"목(15:00-17:00)","","없음","목",7,9
1513,"미정","전공선택","COP1015-11501-","푸가","이한신",2,"수(11:00-13:00)","","없음","수",3,5
1514,"미정","전공선택","COP4025-11512-","음악학개론","정경영",2,"목(11:00-13:00)","","없음","목",3,5
1515,"미정","전공선택","GEN3074-11530-","연주와비평2","김희재",1,"월(11:00-12:00)","","없음","월",3,4
1516,"미정","전공선택","PNO4028-11538-","피아노문헌4","이소영",2,"금(15:00-17:00)","","없음","금",7,9
1517,"미정","전공선택","OCH2016-11556-","관현악전공실기4","최희준",1,"시간미지정강좌","","없음",,,
1518,"미정","전공선택","COP2012-11560-","서양음악이론2","이한신",2,"수(15:00-17:00)","","없음","수",7,9
1519,"미정","전공선택","KTM1090-11569-","정악합주2","김기엽",1,"시간미지정강좌","","없음",,,
1520,"미정","전공선택","GEN5100-12961-","커리어개발Ⅱ:취.창업진로포트폴리오","조주선",1,"시간미지정강좌","","없음",,,
1521,"미정","전공선택","GEN5100-10283-","커리어개발Ⅱ:취.창업진로포트폴리오","김우경",1,"시간미지정강좌","","없음",,,
1522,"미정","전공선택","COP3058-10299-","작곡전공실기6","박명훈",1,"시간미지정강좌","","없음",,,
1523,"미정","전공선택","COP4030-10304-","작곡전공실기8","박명훈",1,"시간미지정강좌","","없음",,,
1524,"미정","전공선택","COP3077-10315-","연주를위한음악분석2","이수민",2,"화(15:00-17:00)","","없음","화",7,9
1525,"미정","전공선택","OCH3016-10338-","특수악기4","최희준",1,"시간미지정강좌","","없음",,,
1526,"미정","전공선택","KTM4058-10359-","국악전공실기8","서순정",1,"시간미지정강좌","","없음",,,
1527,"미정","전공선택","KTM4091-10363-","국악관현실습4","최광일",1,"시간미지정강좌","","없음",,,
1528,"미정","전공선택","COP1016-11502-","악기의이론과실제","김지향",2,"수(13:00-15:00)","","없음","수",5,7
1529,"미정","전공선택","COP3071-11511-","음악형식과분석2","계희승",2,"목(15:00-17:00)","","없음","목",7,9
1530,"미정","전공선택","COP1064-11524-","음악이론2","송경진",2,"화(11:00-13:00)","","없음","화",3,5
1531,"미정","전공선택","CUL0203-11528-","AI시대쓰기의힘","박주혜",2,"화(13:00-15:00)","","없음","화",5,7
1532,"미정","전공선택","PNO2009-11535-","피아노반주법2","채은경",2,"목(11:00-13:00)","","없음","목",3,5
1533,"미정","전공선택","CUL0204-12420-","통합사고와읽기의기술","정애진",2,"월(15:00-17:00)","","없음","월",7,9
1534,"미정","전공선택","VOC1014-11493-","피아노실습2","이수연",1,"수(13:00-14:00)","","없음","수",5,6
1535,"미정","전공선택","PNO2006-11534-","피아노전공실기4","허재원",1,"시간미지정강좌","","없음",,,
1536,"미정","전공선택","OCH1006-11550-","실내악2","최희준",1,"시간미지정강좌","","없음",,,
1537,"미정","전공선택","KTM1054-11567-","국악전공실기2","서순정",1,"시간미지정강좌","","없음",,,
1538,"미정","전공선택","KTM1089-11568-","국악실습2","조주선",2,"시간미지정강좌","","없음",,,
1539,"미정","전공선택","KTM2089-11573-","국악실습4","조주선",2,"시간미지정강좌","","없음",,,
1540,"미정","전공선택","KTM2095-11577-","공연예술산업2","송혁규",2,"금(13:00-15:00)","","없음","금",5,7
1541,"미정","전공선택","VOC3034-10286-","성악전공실기6","Kathleen Jihyun Kim",1,"시간미지정강좌","","없음",,,
1542,"미정","전공선택","TEA3036-10312-","음악논리및논술","이수진",2,"수(11:00-13:00)","","없음","수",3,5
1543,"미정","전공선택","COP3062-10314-","연주와비평6","김희재",1,"시간미지정강좌","","없음",,,
1544,"미정","전공선택","OCH1014-10337-","오케스트라4","최희준",4,"시간미지정강좌","","없음",,,
1545,"미정","전공선택","OCH4043-10346-","마스터클래스2","조인혁",2,"수(15:00-17:00)","","없음","수",7,9
1546,"미정","전공선택","KTM3014-10353-","국악특수악기4","서순정",1,"시간미지정강좌","","없음",,,
1547,"미정","전공선택","VOC3055-10287-","딕션6","소라",2,"금(11:00-13:00)","","없음","금",3,5
1548,"미정","전공선택","VOC4067-10296-","예술가곡2","정록기",2,"수(13:00-15:00)","","없음","수",5,7
1549,"미정","전공선택","COP1052-10313-","건반화성2","김지영",2,"수(13:00-15:00)","","없음","수",5,7
1550,"미정","전공선택","PNO4009-10327-","피아노교수법2","박부경",2,"수(09:00-11:00)","","없음","수",1,3
1551,"미정","전공선택","COP2038-10333-","음악이론4","송세라",2,"월(13:00-15:00)","","없음","월",5,7
1552,"미정","전공선택","OCH4004-10342-","관악.현악합주6","이신애",2,"시간미지정강좌","","없음",,,
1553,"미정","전공선택","KTM2010-10352-","국악문헌2","정진",2,"목(15:00-17:00)","","없음","목",7,9
1554,"미정","전공선택","KTM4087-10360-","국악실습8","조주선",2,"시간미지정강좌","","없음",,,
1555,"미정","전공선택","KTM4090-10362-","정악합주8","김영헌",1,"시간미지정강좌","","없음",,,
1556,"미정","전공선택","CMU1042-11480-","시창및청음2","김지영",2,"수(09:00-11:00)","","없음","수",1,3
1557,"미정","전공선택","COP1064-11483-","음악이론2","유정은",2,"금(11:00-13:00)","","없음","금",3,5
1558,"미정","전공선택","VOC2072-11495-","피아노실습4","이수연",1,"수(15:00-16:00)","","없음","수",7,8
1559,"미정","전공선택","COP1060-11505-","작곡전공실기2","박명훈",1,"시간미지정강좌","","없음",,,
1560,"미정","전공선택","COP2034-11507-","작곡전공실기4","박명훈",1,"시간미지정강좌","","없음",,,
1561,"미정","전공선택","COP3018-11510-","20세기음악2","이문희",2,"화(11:00-13:00)","","없음","화",3,5
1562,"미정","전공선택","CUL0011-11514-","창의적컴퓨팅","성기혁",3,"시간미지정강좌,수(09:00-11:00)","","없음",,,
1563,"미정","전공선택","PNO4004-11537-","피아노문헌2","이소영",2,"금(13:00-15:00)","","없음","금",5,7
1564,"미정","전공선택","OCH1004-11549-","관현악2","신주용",4,"화(10:00-12:00),금(13:00-15:00)","","없음","금",5,7
1565,"미정","전공선택","VOC3056-10288-","가곡과앙상블2","정록기",2,"수(15:00-17:00)","","없음","수",7,9
1566,"미정","전공선택","COP4058-10308-","미디어음악실습2","김태희",2,"화(15:00-17:00)","","없음","화",7,9
1567,"미정","전공선택","GEN5100-10310-","커리어개발Ⅱ:취.창업진로포트폴리오","박명훈",1,"금(17:00-18:00)","","없음","금",9,10
1568,"미정","전공선택","PBL4003-10321-","피아노과캡스톤PBL(연주기획및실습)","김진욱",3,"금(10:00-12:00),금(12:00-13:00)","","없음","금",4,5
1569,"미정","전공선택","OCH1012-10336-","오케스트라2","최희준",4,"월(10:00-12:00),금(10:00-12:00)","","없음","금",2,4
1570,"미정","전공선택","COP3062-10349-","연주와비평6","조주선",1,"시간미지정강좌","","없음",,,
1571,"미정","전공선택","GEN5100-13165-","커리어개발Ⅱ:취.창업진로포트폴리오","김응수",1,"시간미지정강좌","","없음",,,
1572,"미정","전공선택","KTM2034-11572-","국악전공실기4","서순정",1,"시간미지정강좌","","없음",,,
1573,"미정","전공선택","KTM1014-10351-","국악총론2","임혜정",2,"수(15:00-17:00)","","없음","수",7,9
1574,"미정","전공선택","KTM3033-10354-","국악특수악기6","서순정",1,"시간미지정강좌","","없음",,,
1575,"미정","전공선택","KTM3088-10356-","국악실습6","조주선",2,"시간미지정강좌","","없음",,,
1576,"미정","전공선택","KTM3090-10357-","정악합주6","김영헌",1,"시간미지정강좌","","없음",,,
1577,"미정","전공선택","VOC2060-11494-","성악전공실기4","Kathleen Jihyun Kim",1,"시간미지정강좌","","없음",,,
1578,"미정","전공선택","VOC2074-11497-","무대예술2","조은비",3,"월(09:00-12:00)","","없음","월",1,4
1579,"미정","전공선택","CMU1042-11521-","시창및청음2","한진희",2,"수(11:00-13:00)","","없음","수",3,5
1580,"미정","전공선택","CMU1042-11540-","시창및청음2","장춘희",2,"월(15:00-17:00)","","없음","월",7,9
1581,"미정","전공선택","OCH2004-11552-","관악.현악합주2","이신애",2,"시간미지정강좌","","없음",,,
1582,"미정","전공선택","KTM2092-11575-","정악합주4","김기엽",1,"시간미지정강좌","","없음",,,
1583,"미정","전공선택","GEN3074-11488-","연주와비평2","신효진",1,"시간미지정강좌","","없음",,,
1584,"미정","전공선택","CMU2032-11499-","서양음악사2","정경영",2,"목(13:00-15:00)","","없음","목",5,7
1585,"미정","전공선택","COP4046-10306-","포스트프로덕션2","장은지",2,"월(13:00-15:00)","","없음","월",5,7
1586,"미정","전공선택","COP4055-10307-","국악작곡기법2","박병오",2,"월(11:00-13:00)","","없음","월",3,5
1587,"미정","전공선택","VOC3057-10289-","무대예술4","정호정",3,"월(12:00-15:00)","","없음","월",4,7
1588,"미정","전공선택","VOC4063-10294-","딕션8","Kim, Sabina Hyunjee",2,"목(15:00-17:00)","","없음","목",7,9
1589,"미정","전공선택","COP3054-10298-","전자음악2","송향숙",2,"수(09:00-11:00)","","없음","수",1,3
1590,"미정","전공선택","COP1018-11504-","현대음악감상","이문희",1,"월(13:00-14:00)","","없음","월",5,6
1591,"미정","전공선택","COP1070-11506-","미디어와음악","원유선",2,"월(09:00-11:00)","","없음","월",1,3
1592,"미정","전공선택","COP2052-11508-","기악및국악기실습2","박명훈",1,"시간미지정강좌","","없음",,,
1593,"미정","전공선택","COP3006-11509-","관현악법2","김봄이",2,"월(11:00-13:00)","","없음","월",3,5
1594,"미정","전공선택","COP2038-11525-","음악이론4","송경진",2,"화(13:00-15:00)","","없음","화",5,7
1595,"미정","전공선택","CMU2042-11541-","시창및청음4","장춘희",2,"월(11:00-13:00)","","없음","월",3,5
1596,"미정","전공선택","COP1064-11542-","음악이론2","박경미",2,"목(13:00-15:00)","","없음","목",5,7
1597,"미정","전공선택","CUL0204-11545-","통합사고와읽기의기술","정치훈",2,"금(15:00-17:00)","","없음","금",7,9
1598,"미정","전공선택","COP3062-10334-","연주와비평6","최성원",1,"시간미지정강좌","","없음",,,
1599,"미정","전공선택","OCH4012-10343-","지휘법2","이신애",2,"목(15:00-17:00)","","없음","목",7,9
1600,"미정","전공선택","PNO3020-10322-","피아노전공실기6","허재원",1,"시간미지정강좌","","없음",,,
1601,"미정","전공선택","OCH1008-11551-","관현악전공실기2","최희준",1,"시간미지정강좌","","없음",,,
1602,"미정","전공선택","KTM1002-11566-","국악개론 2","한영숙",2,"목(13:00-15:00)","","없음","목",5,7
1603,"미정","전공선택","KTM2093-11576-","국악관현실습2","김기엽",1,"시간미지정강좌","","없음",,,
1604,"미정","전공선택","KTM3091-11580-","판소리실습2","김혜미",1,"수(13:00-14:00)","","없음","수",5,6
1605,"미정","전공선택","ENG2092-13145-","글로벌영어","James H. Clitheroe",3,"월(14:30-16:00),수(14:30-16:00)","","없음","수",6,8
1606,"미정","전공선택","ENG1069-13140-","영미문학읽기","장혜선",3,"화(13:00-14:30),목(13:00-14:30)","","없음","목",5,6
1607,"미정","전공선택","ENG1068-13141-","영어읽기와토론2","James H. Clitheroe",3,"화(16:00-17:00),화(17:00-17:30),목(16:00-17:30)","","없음","목",8,9
1608,"미정","전공선택","TEA3044-10387-","외국어논리및논술","이영인",2,"화(13:00-15:00)","","없음","화",5,7
1609,"미정","전공선택","GER4101-10392-","글로벌사회문화변동의비교와분석","Wirsching Cornelia Song",3,"월(10:30-12:00),금(10:30-11:00),금(11:00-12:00)","","없음","금",3,4
1610,"미정","전공선택","HIS3006-10415-","서양사학사","김승우",3,"화(14:30-16:00),목(14:30-16:00)","","없음","목",6,8
1611,"미정","전공선택","PHL2035-10423-","현대유럽철학","김수진",3,"목(13:00-14:30),목(14:30-16:00)","","없음","목",6,8
1612,"미정","전공선택","KOR3079-10373-","고전시가의감상과융합적이해","박수진",3,"화(13:00-14:30),화(14:30-16:00)","","없음","화",6,8
1613,"미정","전공선택","KOR4035-10374-","한국문학과동아시아적사유를통한재해석","권은",3,"화(14:30-16:00),목(14:30-16:00)","","없음","목",6,8
1614,"미정","전공선택","KOR4075-10375-","지역속의한국어모습이해","손상미",3,"화(09:00-10:30),화(10:30-12:00)","","없음","화",2,4
1615,"미정","전공선택","ENG3083-10379-","제2언어습득과영어교육","이신웅",3,"화(10:30-12:00),목(13:00-14:30)","","없음","목",5,6
1616,"미정","전공선택","HYP2020-10393-","독어독문학HY-UP(실용연구실습)2","남윤주",1,"시간미지정강좌","","없음",,,
1617,"미정","전공선택","HIS4062-10419-","문화로본서양사회경제사","김승우",3,"화(10:30-12:00),목(10:30-12:00)","","없음","목",2,4
1618,"미정","전공선택","PHL3068-10426-","한국실학","이재복",3,"금(13:00-14:30),금(14:30-16:00)","","없음","금",6,8
1619,"미정","전공선택","PHL4054-10428-","글로벌시대의경제윤리와정치사상","허성범",3,"화(14:30-16:00),목(14:30-16:00)","","없음","목",6,8
1620,"미정","전공선택","PHL2038-10424-","서양근대철학사","이현복",3,"월(13:00-14:30),월(14:30-16:00)","","없음","월",6,8
1621,"미정","전공선택","PHL4036-10427-","불교철학","마해륜",3,"목(09:00-10:30),목(10:30-12:00)","","없음","목",2,4
1622,"미정","전공선택","GEN6032-11606-","전문학술영어","Nathan John Lucas",3,"월(13:00-14:30),목(16:00-17:30)","","없음","목",8,9
1623,"미정","전공선택","GER2005-11615-","중급독문법","최지수",3,"월(13:00-14:30),월(14:30-16:00)","","없음","월",6,8
1624,"미정","전공선택","CHI2066-11629-","중국고전읽기","함영은",3,"화(13:00-14:30),목(13:00-14:30)","","없음","목",5,6
1625,"미정","전공선택","PHL1051-11651-","윤리학","허성범",3,"화(16:00-17:30),화(17:30-19:00)","","없음","화",9,10
1626,"미정","전공선택","PHL4005-11657-","과학철학","이상욱",3,"화(11:00-12:30),화(12:30-13:00)","","없음","화",4,5
1627,"미정","전공선택","ENG1068-13142-","영어읽기와토론2","박주영",3,"수(09:00-10:00),수(10:00-12:00)","","없음","수",2,4
1628,"미정","전공선택","KOR2066-11589-","한글맞춤법과교정의실제","조성문",3,"화(10:30-12:00),목(10:30-12:00)","","없음","목",2,4
1629,"미정","전공선택","ENG1068-11596-","영어읽기와토론2","James H. Clitheroe",3,"월(13:00-14:00),월(14:00-14:30),수(13:00-14:30)","","없음","수",5,6
1630,"미정","전공선택","GER1064-11612-","유럽문화지역의이해","김희근",3,"화(14:30-16:00),목(14:30-16:00)","","없음","목",6,8
1631,"미정","전공선택","GER2082-11619-","유럽모더니즘예술","김희근",3,"화(16:00-17:30),목(16:00-17:30)","","없음","목",8,9
1632,"미정","전공선택","CHI1035-11623-","집중중국어연습","서원남",4,"월(11:00-13:00),수(11:00-13:00)","","없음","수",3,5
1633,"미정","전공선택","PHL3066-11656-","유가철학","박영미",3,"화(09:00-10:30),화(10:30-12:00)","","없음","화",2,4
1634,"미정","전공선택","GEN5100-13131-","커리어개발Ⅱ:취.창업진로포트폴리오","고광민",1,"목(16:00-17:00)","","없음","목",8,9
1635,"미정","전공선택","GEN5100-13137-","커리어개발Ⅱ:취.창업진로포트폴리오","윤일환",1,"수(17:00-18:00)","","없음","수",9,10
1636,"미정","전공선택","GEN5100-13138-","커리어개발Ⅱ:취.창업진로포트폴리오","김세영",1,"수(17:00-18:00)","","없음","수",9,10
1637,"미정","전공선택","KOR2063-11587-","한국문학의역사1","정민",3,"금(09:00-10:30),금(10:30-12:00)","","없음","금",2,4
1638,"미정","전공선택","KOR3074-11591-","4차산업혁명시대의문예비평","권은",3,"화(13:00-14:30),목(13:00-14:30)","","없음","목",5,6
1639,"미정","전공선택","ENG2075-11601-","소설과현대","김소연",3,"금(09:00-10:30),금(10:30-12:00)","","없음","금",2,4
1640,"미정","전공선택","ENG2079-11602-","언어습득과영어학","이미선",3,"화(13:00-14:30),목(13:00-14:30)","","없음","목",5,6
1641,"미정","전공선택","GEN6032-11611-","전문학술영어","Connie Park",3,"월(16:00-17:30),목(14:30-16:00)","","없음","목",6,8
1642,"미정","전공선택","GER1067-11613-","독일어회화B2-2","Wirsching Cornelia Song",3,"화(09:00-10:30),목(09:00-10:30)","","없음","목",1,2
1643,"미정","전공선택","GER1069-11614-","언어와마음","남윤주",3,"화(13:00-14:30),목(13:00-14:30)","","없음","목",5,6
1644,"미정","전공선택","CHI4047-11631-","실무중국어","노은정",3,"목(09:00-10:30),목(10:30-12:00)","","없음","목",2,4
1645,"미정","전공선택","HIS1005-11640-","세계의고전읽기","문수현",3,"수(09:00-10:30),금(09:00-10:30)","","없음","금",1,2
1646,"미정","전공선택","CUL0202-12451-","문화기술인간","정원교",2,"금(11:00-13:00)","","없음","금",3,5
1647,"미정","전공선택","CUL0202-12449-","문화기술인간","이영민",2,"월(13:00-15:00)","","없음","월",5,7
1648,"미정","전공선택","CHI2046-13134-","중국고대문학의이해","고광민",3,"월(13:00-14:30),목(14:30-16:00)","","없음","목",6,8
1649,"미정","전공선택","ENG3007-13144-","영어학개론","김세영",3,"화(14:30-16:00),목(14:30-15:00),목(15:00-16:00)","","없음","목",7,8
1650,"미정","전공선택","CUL0202-12450-","문화기술인간","임장원",2,"금(11:00-13:00)","","없음","금",3,5
1651,"미정","전공선택","ENG3091-10380-","영어쓰기캡스톤디자인","James H. Clitheroe",3,"화(13:00-14:30),목(13:00-14:30)","","없음","목",5,6
1652,"미정","전공선택","ENG3073-10378-","영국사회와소설","박민영",3,"수(13:00-14:30),수(14:30-16:00)","","없음","수",6,8
1653,"미정","전공선택","ENG4095-10382-","셰익스피어","이형섭",3,"수(13:00-14:30),금(13:00-14:30)","","없음","금",5,6
1654,"미정","전공선택","GEN5100-10384-","커리어개발Ⅱ:취.창업진로포트폴리오","이미선",1,"수(17:00-18:00)","","없음","수",9,10
1655,"미정","전공선택","GEN5100-10388-","커리어개발Ⅱ:취.창업진로포트폴리오","김희근",1,"목(13:00-14:00)","","없음","목",5,6
1656,"미정","전공선택","GER3103-10390-","유럽영상문화와예술","박현용",3,"목(16:00-17:30),목(17:30-19:00)","","없음","목",9,10
1657,"미정","전공선택","GEN5100-13133-","커리어개발Ⅱ:취.창업진로포트폴리오","이상임",1,"수(17:00-18:00)","","없음","수",9,10
1658,"미정","전공선택","GEN5100-10411-","커리어개발Ⅱ:취.창업진로포트폴리오","소순규",1,"금(12:00-13:00)","","없음","금",4,5
1659,"미정","전공선택","KOR2023-11586-","국문학입문","이승수",3,"월(10:30-12:00),목(10:30-12:00)","","없음","목",2,4
1660,"미정","전공선택","ENG1069-11597-","영미문학읽기","윤일환",3,"수(15:00-15:30),수(15:30-17:00)","","없음","수",7,9
1661,"미정","전공선택","GER2068-11616-","독일어회화A2","Wirsching Cornelia Song",3,"화(10:30-12:00),목(10:30-12:00)","","없음","목",2,4
1662,"미정","전공선택","GER2084-11620-","독일어권시사토픽","이하늘",3,"화(13:00-14:30),목(13:00-14:30)","","없음","목",5,6
1663,"미정","전공선택","GEN6032-12332-","전문학술영어","Sung Il Park",3,"월(16:00-17:30),목(14:30-16:00)","","없음","목",6,8
1664,"미정","전공선택","KOR3069-10370-","창의적시쓰기와철학적해석","권경아",3,"금(13:00-14:30),금(14:30-16:00)","","없음","금",6,8
1665,"미정","전공선택","PBL4018-10385-","영어영문캡스톤PBL(비트코인내러티브)","윤성호",3,"월(16:00-19:00)","","없음","월",8,10
1666,"미정","전공선택","CHI3059-10398-","당송시가감상","김의정",3,"화(13:00-14:30),목(13:00-14:30)","","없음","목",5,6
1667,"미정","전공선택","CHI3063-10399-","고급중국어연습2","방건춘",3,"월(13:00-14:30),수(13:00-14:30)","","없음","수",5,6
1668,"미정","전공선택","HIS3038-10416-","동아시아속의조선시대사","소순규",3,"금(09:00-10:30),금(10:30-12:00)","","없음","금",2,4
1669,"미정","전공선택","TEA3026-10421-","역사논리및논술","이승일",2,"화(11:00-13:00)","","없음","화",3,5
1670,"미정","전공선택","GEN5100-10422-","커리어개발Ⅱ:취.창업진로포트폴리오","김용헌",1,"월(12:00-13:00)","","없음","월",4,5
1671,"미정","전공선택","CUL0204-12423-","통합사고와읽기의기술","박다솜",2,"월(15:00-17:00)","","없음","월",7,9
1672,"미정","전공선택","GEN6032-12328-","전문학술영어","Brian A. Wildeboer",3,"월(13:00-14:30),목(16:00-17:30)","","없음","목",8,9
1673,"미정","전공선택","GEN6032-12329-","전문학술영어","Mimi Eun Newton",3,"월(13:00-14:30),목(16:00-17:30)","","없음","목",8,9
1674,"미정","전공선택","KOR2072-11590-","현대명작감상","우미영",3,"월(16:00-17:30),화(09:00-10:30)","","없음","화",1,2
1675,"미정","전공선택","ENG2005-11599-","영어음운론","Hatcher Jr Richard John",3,"월(10:30-12:00),화(10:30-12:00)","","없음","화",2,4
1676,"미정","전공선택","ENG4085-11605-","영국역사와영어발달","챔사이통크리스다",3,"수(09:00-10:30),수(10:30-11:00)","","없음","수",2,3
1677,"미정","전공선택","CHI2057-11626-","중급중국어2","임미주",3,"월(13:00-14:30),월(14:30-16:00)","","없음","월",6,8
1678,"미정","전공선택","HIS3061-11645-","유럽사특강","염운옥",3,"금(13:00-14:30),금(14:30-16:00)","","없음","금",6,8
1679,"미정","전공선택","PHL2009-11652-","형이상학","민찬홍",3,"수(09:00-10:30),수(10:30-12:00)","","없음","수",2,4
1680,"미정","전공선택","KOR3068-10369-","역사속의한국어변화해독","이성우",3,"월(09:00-10:30),월(10:30-12:00)","","없음","월",2,4
1681,"미정","전공선택","KOR3070-10371-","동서양신화읽기","강민경",3,"금(09:00-10:30),금(10:30-12:00)","","없음","금",2,4
1682,"미정","전공선택","HYR0007-10395-","독어독문학HY-UROP(실용연구심화)","남윤주",3,"시간미지정강좌","","없음",,,
1683,"미정","전공선택","CHI4058-10403-","한중언어비교와브랜드네이밍","엄익상",3,"화(09:00-10:30),화(10:30-12:00)","","없음","화",2,4
1684,"미정","전공선택","HIS2027-10412-","동아시아비교경제사","한상협",3,"수(13:00-14:30),수(14:30-16:00)","","없음","수",6,8
1685,"미정","전공선택","HIS4027-10418-","20세기세계와중국","김지훈",3,"수(09:00-10:30),수(10:30-12:00)","","없음","수",2,4
1686,"미정","전공선택","GEN5100-13129-","커리어개발Ⅱ:취.창업진로포트폴리오","조성문",1,"목(17:00-18:00)","","없음","목",9,10
1687,"미정","전공선택","CHI2073-13135-","중국어음성학","이상임",3,"목(13:00-14:30),금(13:00-14:30)","","없음","금",5,6
1688,"미정","전공선택","CHI1035-13136-","집중중국어연습","방건춘",4,"월(11:00-13:00),수(11:00-13:00)","","없음","수",3,5
1689,"미정","전공선택","ENG3007-13143-","영어학개론","김세영",3,"화(10:30-12:00),목(10:30-11:00),목(11:00-12:00)","","없음","목",3,4
1690,"미정","전공선택","GEN5100-10367-","커리어개발Ⅱ:취.창업진로포트폴리오","유성호",1,"수(17:00-18:00)","","없음","수",9,10
1691,"미정","전공선택","ENG4075-10381-","언어심리와영어학","조태홍",3,"수(10:30-12:00),금(10:30-12:00)","","없음","금",2,4
1692,"미정","전공선택","HYP4015-10394-","독어독문학HY-UP(실용연구실습)4","남윤주",1,"시간미지정강좌","","없음",,,
1693,"미정","전공선택","CHI3064-10400-","중국음운의세계","윤보라",3,"금(13:00-14:30),금(14:30-16:00)","","없음","금",6,8
1694,"미정","전공선택","HYR0008-10408-","중어중문학HY-UROP(실용연구심화)","이상임",3,"목(14:30-16:00),금(14:30-16:00)","","없음","금",6,8
1695,"미정","전공선택","GEN5100-13132-","커리어개발Ⅱ:취.창업진로포트폴리오","백지영",1,"목(15:00-16:00)","","없음","목",7,8
1696,"미정","전공선택","GEN5100-13139-","커리어개발Ⅱ:취.창업진로포트폴리오","조태홍",1,"수(17:00-18:00)","","없음","수",9,10
1697,"미정","전공선택","HIS2039-10413-","동아시아세계속의일본사","김형진",3,"화(13:00-14:30),화(14:30-16:00)","","없음","화",6,8
1698,"미정","전공선택","CUL0204-12422-","통합사고와읽기의기술","황인건",2,"월(15:00-17:00)","","없음","월",7,9
1699,"미정","전공선택","GEN6032-11585-","전문학술영어","Kimberley Jean Blount",3,"월(13:00-14:30),목(16:00-17:30)","","없음","목",8,9
1700,"미정","전공선택","CUL0202-11594-","문화기술인간","구재령",2,"금(11:00-13:00)","","없음","금",3,5
1701,"미정","전공선택","ENG1072-11598-","영어연극이론과실습캡스톤디자인","챔사이통크리스다",2,"월(16:00-17:00),월(17:00-18:00)","","없음","월",9,10
1702,"미정","전공선택","CHI2046-11624-","중국고대문학의이해","김의정",3,"화(10:30-12:00),목(10:30-12:00)","","없음","목",2,4
1703,"미정","전공선택","CHI2059-11628-","현대중국어독해","손주연",3,"화(10:30-12:00),수(10:30-12:00)","","없음","수",2,4
1704,"미정","전공선택","HIS3030-11644-","중화제국의발전과유목세계","심호성",3,"화(13:00-14:30),목(13:00-14:30)","","없음","목",5,6
1705,"미정","전공선택","KOR3072-10372-","문학텍스트의상징재해석","박수밀",3,"목(13:00-14:30),목(14:30-16:00)","","없음","목",6,8
1706,"미정","전공선택","GEN5100-10405-","커리어개발Ⅱ:취.창업진로포트폴리오","최형욱",1,"목(16:00-17:00)","","없음","목",8,9
1707,"미정","전공선택","TEA3044-10410-","외국어논리및논술","이경휘",2,"화(11:00-13:00)","","없음","화",3,5
1708,"미정","전공선택","GEN6032-12331-","전문학술영어","Hugh Newton",3,"월(16:00-17:30),목(14:30-16:00)","","없음","목",6,8
1709,"미정","전공선택","CUL0202-11583-","문화기술인간","정혜경",2,"월(13:00-15:00)","","없음","월",5,7
1710,"미정","전공선택","ENG2038-11600-","영국역사와문학","이형섭",3,"수(16:00-17:30),금(16:00-17:30)","","없음","금",8,9
1711,"미정","전공선택","ENG2092-11603-","글로벌영어","James H. Clitheroe",3,"화(14:30-16:00),목(14:30-16:00)","","없음","목",6,8
1712,"미정","전공선택","GER2072-11617-","독일어회화B2","Wirsching Cornelia Song",3,"월(13:00-14:30),월(14:30-16:00)","","없음","월",6,8
1713,"미정","전공선택","CHI2073-11630-","중국어음성학","이상임",3,"목(10:30-12:00),금(10:30-12:00)","","없음","금",2,4
1714,"미정","전공선택","HIS1008-11641-","한국문화유산의이해","소순규",3,"금(13:00-15:00),금(15:00-16:00)","","없음","금",7,8
1715,"미정","전공선택","HIS2003-11642-","한국고대사","김수진",3,"월(13:00-14:30),월(14:30-16:00)","","없음","월",6,8
1716,"미정","전공선택","PHL2034-11653-","중국철학사","나우권",3,"금(09:00-10:30),금(10:30-12:00)","","없음","금",2,4
1717,"미정","전공선택","KOR3048-10368-","한국어의미론","정종수",3,"월(13:00-14:30),월(14:30-16:00)","","없음","월",6,8
1718,"미정","전공선택","ENG4097-10383-","언어학과언어장애","이미선",3,"화(10:30-12:00),목(10:30-12:00)","","없음","목",2,4
1719,"미정","전공선택","CHI3054-10397-","현대중국의문학과사회문화","최형욱",3,"화(14:30-16:00),수(14:30-16:00)","","없음","수",6,8
1720,"미정","전공선택","CHI4050-10402-","중국공연예술과미디어문화","임미주",3,"목(11:00-11:30),목(11:30-13:00)","","없음","목",3,5
1721,"미정","전공선택","CHI4062-10404-","중국도시발전과지역문화의이해","서원남",3,"수(13:00-13:30),수(13:30-15:00)","","없음","수",5,7
1722,"미정","전공선택","ENG3007-11604-","영어학개론","챔사이통크리스다",3,"월(13:00-15:00),월(15:00-16:00)","","없음","월",7,8
1723,"미정","전공선택","GER2080-11618-","독일어텍스트분석","남윤주",3,"화(14:30-16:00),목(10:30-12:00)","","없음","목",2,4
1724,"미정","전공선택","CHI2056-11625-","중국어작문2","이경휘",3,"수(13:00-14:30),수(14:30-16:00)","","없음","수",6,8
1725,"미정","전공선택","CHI2058-11627-","실용중국어회화2","함영은",3,"화(14:30-16:00),목(14:30-16:00)","","없음","목",6,8
1726,"미정","전공선택","HIS2067-10414-","일제지배정책과한국독립운동","신효승",3,"금(13:00-14:30),금(14:30-16:00)","","없음","금",6,8
1727,"미정","전공선택","HIS2034-11643-","중국고전과역사의만남","심호성",3,"월(09:00-10:30),월(10:30-12:00)","","없음","월",2,4
1728,"미정","전공선택","PHL2041-11654-","물질과마음철학","이상욱",3,"화(13:00-14:30),화(14:30-15:00)","","없음","화",6,7
1729,"미정","전공선택","LAW3015-10688-","국제법","김성원",3,"목(13:00-14:30),목(14:30-16:00)","","없음","목",6,8
1730,"미정","전공선택","PSD3003-10691-","한국정치론","이원영",3,"화(16:00-17:30),화(17:30-19:00)","","없음","화",9,10
1731,"미정","전공선택","GEN5100-10687-","커리어개발Ⅱ:취.창업진로포트폴리오","송원준",1,"목(16:00-17:00)","","없음","목",8,9
1732,"미정","전공선택","LAW3024-10689-","법과정치","윤성원",3,"목(13:00-14:30),목(14:30-16:00)","","없음","목",6,8
1733,"미정","전공선택","SOC3053-10705-","기업사회학","이상민",3,"월(13:00-14:30),월(14:30-16:00)","","없음","월",6,8
1734,"미정","전공선택","SOC4015-10708-","한국사회의이해","이유신",3,"화(13:00-14:30),화(14:30-16:00)","","없음","화",6,8
1735,"미정","전공선택","JOU3062-10720-","디지털방송저널리즘","박진우",3,"화(16:00-17:30),수(16:00-17:30)","","없음","수",8,9
1736,"미정","전공선택","PSD4017-11931-","일본정치론","윤성원",3,"월(16:00-17:30),월(17:30-19:00)","","없음","월",9,10
1737,"미정","전공선택","JMC2008-11952-","방송론","김도겸",3,"화(09:00-10:30),화(10:30-12:00)","","없음","화",2,4
1738,"미정","전공선택","JMC2027-11954-","광고전략과비평","이자연",3,"수(13:00-14:30),수(14:30-16:00)","","없음","수",6,8
1739,"미정","전공선택","GEN5100-13007-","커리어개발Ⅱ:취.창업진로포트폴리오","박진우",1,"수(11:00-12:00)","","없음","수",3,4
1740,"미정","전공선택","GEN6032-12334-","전문학술영어","Hugh Newton",3,"화(16:00-17:30),금(14:30-16:00)","","없음","금",6,8
1741,"미정","전공선택","GEN6032-12373-","전문학술영어","Douglas N. McIntosh",3,"화(10:30-12:00),금(10:30-12:00)","","없음","금",2,4
1742,"미정","전공선택","GEN6032-12375-","전문학술영어","Mimi Eun Newton",3,"화(13:00-14:30),금(13:00-14:30)","","없음","금",5,6
1743,"미정","전공선택","TOU4047-10437-","축제이벤트기획프로젝트","최혜영",3,"화(13:00-14:30),화(14:30-16:00)","","없음","화",6,8
1744,"미정","전공선택","CUL0204-12429-","통합사고와읽기의기술","이나윤",2,"월(11:00-13:00)","","없음","월",3,5
1745,"미정","전공선택","TOU3081-10435-","글로벌서비스론","장아름",3,"금(13:00-14:30),금(14:30-16:00)","","없음","금",6,8
1746,"미정","전공선택","CUL0203-12414-","AI시대쓰기의힘","오혜정",2,"화(15:00-17:00)","","없음","화",7,9
1747,"미정","전공선택","TOU1013-11665-","레저학의이해","이혜린",2,"월(15:00-17:00)","","없음","월",7,9
1748,"미정","전공선택","TOU1022-11667-","호텔의이해","조민호",3,"목(13:00-14:30),목(14:30-16:00)","","없음","목",6,8
1749,"미정","전공선택","TOU2023-11670-","관광영어1","현성협",3,"화(13:00-14:30),화(14:30-16:00)","","없음","화",6,8
1750,"미정","전공선택","CUL0011-12478-","창의적컴퓨팅","지정은",3,"시간미지정강좌,화(11:00-13:00)","","없음",,,
1751,"미정","전공선택","TOU1012-11664-","관광개발의이해","하동원",2,"화(09:00-11:00)","","없음","화",1,3
1752,"미정","전공선택","JOU2004-13196-","취재보도론","엄기영",3,"금(16:00-17:30),금(17:30-19:00)","","없음","금",9,10
1753,"미정","전공선택","TOU2044-11673-","여행관광행복론","정주영",3,"화(09:00-10:30),화(10:30-12:00)","","없음","화",2,4
1754,"미정","전공선택","GEN6032-12372-","전문학술영어","Shelley L. Collins",3,"화(09:00-10:30),금(09:00-10:30)","","없음","금",1,2
1755,"미정","전공선택","GEN5100-10700-","커리어개발Ⅱ:취.창업진로포트폴리오","유삼현",1,"월(16:00-17:00)","","없음","월",8,9
1756,"미정","전공선택","SOC2003-10701-","사회변동과발전","박순석",3,"금(13:00-14:30),금(14:30-16:00)","","없음","금",6,8
1757,"미정","전공선택","SOC4027-10709-","일과직업의사회학","김병수",3,"화(16:00-17:30),목(16:00-17:30)","","없음","목",8,9
1758,"미정","전공선택","JOU3067-10721-","미디어와문화","김수철",3,"금(09:00-10:30),금(10:30-12:00)","","없음","금",2,4
1759,"미정","전공선택","PSD3059-10695-","국가발전론","윤성원",3,"수(13:00-14:30),수(14:30-16:00)","","없음","수",6,8
1760,"미정","전공선택","PSD4016-10696-","중국의정치","박병광",3,"월(16:00-17:30),월(17:30-19:00)","","없음","월",9,10
1761,"미정","전공선택","JOU3021-10718-","여론과캠페인","박진우",3,"화(09:00-10:30),화(10:30-12:00)","","없음","화",2,4
1762,"미정","전공선택","JOU3069-10722-","프로젝트리더십커뮤니케이션","이동형",3,"월(13:00-14:30),월(14:30-16:00)","","없음","월",6,8
1763,"미정","전공선택","CUL0011-11922-","창의적컴퓨팅","김도희",3,"시간미지정강좌,화(11:00-13:00)","","없음",,,
1764,"미정","전공선택","GEN6032-11925-","전문학술영어","Ian Gareth Robert Jones",3,"화(09:00-10:30),금(09:00-10:30)","","없음","금",1,2
1765,"미정","전공선택","CUL2000-11937-","사회학의이해","이상민",3,"수(13:00-14:30),수(14:30-16:00)","","없음","수",6,8
1766,"미정","전공선택","CUL0203-11949-","AI시대쓰기의힘","박주혜",2,"화(15:00-17:00)","","없음","화",7,9
1767,"미정","전공선택","JMC2022-11953-","미디어전략과기획","이용문",3,"수(09:00-10:30),수(10:30-12:00)","","없음","수",2,4
1768,"미정","전공선택","CUL0202-12452-","문화기술인간","이영민",2,"월(11:00-13:00)","","없음","월",3,5
1769,"미정","전공선택","JOU2015-11957-","매스컴론","김지현",3,"목(13:00-14:30),목(14:30-16:00)","","없음","목",6,8
1770,"미정","전공선택","JOU4009-11959-","매체비평","김건",3,"목(16:00-17:30),목(17:30-19:00)","","없음","목",9,10
1771,"미정","전공선택","GEN5100-13003-","커리어개발Ⅱ:취.창업진로포트폴리오","홍용표",1,"화(15:00-16:00)","","없음","화",7,8
1772,"미정","전공선택","GEN5100-13005-","커리어개발Ⅱ:취.창업진로포트폴리오","성필두",1,"화(12:00-13:00)","","없음","화",4,5
1773,"미정","전공선택","JOU2015-13015-","매스컴론","김지현",3,"월(16:00-17:30),월(17:30-19:00)","","없음","월",9,10
1774,"미정","전공선택","GEN5100-13004-","커리어개발Ⅱ:취.창업진로포트폴리오","은용수",1,"월(15:00-16:00)","","없음","월",7,8
1775,"미정","전공선택","GEN5100-13012-","커리어개발Ⅱ:취.창업진로포트폴리오","신학승",1,"수(16:00-17:00)","","없음","수",8,9
1776,"미정","전공선택","GEN5100-13013-","커리어개발Ⅱ:취.창업진로포트폴리오","김남조",1,"월(16:00-17:00)","","없음","월",8,9
1777,"미정","전공선택","TOU2037-11672-","관광자원총론","김남조",3,"월(10:30-12:00),월(13:00-14:30)","","없음","월",5,6
1778,"미정","전공선택","JOU3066-13014-","스피치커뮤니케이션의이해","류웅재",3,"월(13:00-14:30),월(14:30-16:00)","","없음","월",6,8
1779,"미정","전공선택","TOU3082-10436-","관광수익관리","신학승",3,"수(09:00-10:30),수(10:30-12:00)","","없음","수",2,4
1780,"미정","전공선택","PSD1004-11926-","국제정치학입문","이충희",3,"목(13:00-14:30),목(14:30-16:00)","","없음","목",6,8
1781,"미정","전공선택","PSD2010-11927-","한국정치외교사","홍용표",3,"월(13:00-14:30),수(13:00-14:30)","","없음","수",5,6
1782,"미정","전공선택","PSD3021-11929-","정당과선거","송원준",3,"수(13:00-14:30),수(14:30-16:00)","","없음","수",6,8
1783,"미정","전공선택","SOC2001-11939-","사회심리학","김상학",3,"수(10:30-12:00),목(10:30-12:00)","","없음","목",2,4
1784,"미정","전공선택","SOC2002-11940-","사회통계","김한성",3,"수(16:00-17:30),목(16:00-17:30)","","없음","목",8,9
1785,"미정","전공선택","GEN5100-13006-","커리어개발Ⅱ:취.창업진로포트폴리오","이유신",1,"월(12:00-13:00)","","없음","월",4,5
1786,"미정","전공선택","GEN5100-13008-","커리어개발Ⅱ:취.창업진로포트폴리오","주대우",1,"화(12:00-13:00)","","없음","화",4,5
1787,"미정","전공선택","GEN5100-13009-","커리어개발Ⅱ:취.창업진로포트폴리오","이재진",1,"수(12:00-13:00)","","없음","수",4,5
1788,"미정","전공선택","GEN5100-13010-","커리어개발Ⅱ:취.창업진로포트폴리오","김지현",1,"목(12:00-13:00)","","없음","목",4,5
1789,"미정","전공선택","GEN5100-13011-","커리어개발Ⅱ:취.창업진로포트폴리오","현성협",1,"화(16:00-17:00)","","없음","화",8,9
1790,"미정","전공선택","TOU1019-11666-","관광지리의이해","채혜정",3,"화(13:00-14:30),화(14:30-16:00)","","없음","화",6,8
1791,"미정","전공선택","SOC3033-10703-","사회복지와사회정책","유정원",3,"화(13:00-14:30),화(14:30-16:00)","","없음","화",6,8
1792,"미정","전공선택","SOC3035-10704-","데이터분석론","유삼현",3,"수(13:00-15:00),수(15:00-16:00)","","없음","수",7,8
1793,"미정","전공선택","JOU3058-10719-","언론제도","이재진",3,"화(13:00-14:30),목(13:00-14:30)","","없음","목",5,6
1794,"미정","전공선택","TOU3069-10433-","관광정보경영","정철",3,"화(09:00-10:30),화(10:30-12:00)","","없음","화",2,4
1795,"미정","전공선택","GEN6032-12333-","전문학술영어","Younghwa Choi-Hong",3,"화(16:00-17:30),금(14:30-16:00)","","없음","금",6,8
1796,"미정","전공선택","GEN6032-12374-","전문학술영어","Kimberley Jean Blount",3,"화(13:00-14:30),금(13:00-14:30)","","없음","금",5,6
1797,"미정","전공선택","GEN6032-12376-","전문학술영어","Michael William Brandon",3,"화(13:00-14:30),금(13:00-14:30)","","없음","금",5,6
1798,"미정","전공선택","JOU3066-11958-","스피치커뮤니케이션의이해","류웅재",3,"월(09:00-10:30),월(10:30-12:00)","","없음","월",2,4
1799,"미정","전공선택","PSD2020-10690-","통일문제연구","홍용표",3,"수(16:00-17:30),수(17:30-19:00)","","없음","수",9,10
1800,"미정","전공선택","PSD3056-10693-","시민사회와사회운동","Joseph E. Yi",3,"금(09:00-10:30),금(10:30-12:00)","","없음","금",2,4
1801,"미정","전공선택","SOC4041-10712-","4차산업혁명과현대사회","이유신",3,"수(13:00-14:30),수(14:30-16:00)","","없음","수",6,8
1802,"미정","전공선택","JMC3017-10715-","정치커뮤니케이션","한동섭",3,"월(13:00-14:30),월(14:30-16:00)","","없음","월",6,8
1803,"미정","전공선택","CUL0203-12415-","AI시대쓰기의힘","노희호",2,"화(15:00-17:00)","","없음","화",7,9
1804,"미정","전공선택","JOU3058-13197-","언론제도","정영주",3,"월(16:00-17:30),월(17:30-19:00)","","없음","월",9,10
1805,"미정","전공선택","JOU2014-10717-","광고기획제작","이용문",3,"목(16:00-19:00)","","없음","목",8,10
1806,"미정","전공선택","JOU4019-10724-","미디어비즈니스실무","주대우",3,"수(13:00-14:00),수(14:00-16:00)","","없음","수",6,8
1807,"미정","전공선택","TOU1023-11668-","국제관광행동론","정지연",3,"수(13:00-14:30),수(14:30-16:00)","","없음","수",6,8
1808,"미정","전공선택","TOU2029-11671-","푸드(F&B)컨텐츠와융합비즈니스","남민정",3,"목(13:00-14:30),목(14:30-16:00)","","없음","목",6,8
1809,"미정","전공선택","CUL0204-12430-","통합사고와읽기의기술","박다솜",2,"월(11:00-13:00)","","없음","월",3,5
1810,"미정","전공선택","GEN6032-11662-","전문학술영어","김경숙",3,"화(16:00-17:30),금(14:30-16:00)","","없음","금",6,8
1811,"미정","전공선택","TOU3042-11674-","관광경제학","정지연",3,"월(16:00-17:30),월(17:30-19:00)","","없음","월",9,10
1812,"미정","전공선택","PSD4019-10697-","국제정치경제론","모춘흥",3,"화(09:00-10:30),화(10:30-12:00)","","없음","화",2,4
1813,"미정","전공선택","JMC3048-10716-","필란트로피커뮤니케이션","안동근",3,"화(14:30-16:00),목(14:30-16:00)","","없음","목",6,8
1814,"미정","전공선택","CUL0011-12479-","창의적컴퓨팅","조문기",3,"시간미지정강좌,목(11:00-13:00)","","없음",,,
1815,"미정","전공선택","SOC3034-11943-","결혼과가족의사회학","김병수",3,"화(13:00-14:30),목(13:00-14:30)","","없음","목",5,6
1816,"미정","전공선택","GEN6032-11951-","전문학술영어","Douglas N. McIntosh",3,"화(13:00-14:30),금(13:00-14:30)","","없음","금",5,6
1817,"미정","전공선택","JOU2012-11956-","영상문화","김지현",3,"월(13:00-14:30),월(14:30-16:00)","","없음","월",6,8
1818,"미정","전공선택","JOU3062-13016-","디지털방송저널리즘","염규현",3,"금(13:00-14:30),금(14:30-16:00)","","없음","금",6,8
1819,"미정","전공선택","JOU3067-13017-","미디어와문화","김정호",3,"월(09:00-10:30),월(10:30-12:00)","","없음","월",2,4
1820,"미정","전공선택","PSD3022-10692-","국제관계이론","은용수",3,"금(16:00-17:30),금(17:30-19:00)","","없음","금",9,10
1821,"미정","전공선택","PSD3057-10694-","국제개발협력과아프리카","모춘흥",3,"월(09:00-10:30),월(10:30-12:00)","","없음","월",2,4
1822,"미정","전공선택","SOC3032-10702-","사회문제의분석","성필두",3,"수(16:00-17:30),수(17:30-19:00)","","없음","수",9,10
1823,"미정","전공선택","SOC4008-10707-","현대사회학이론","이유신",3,"목(13:00-14:30),목(14:30-16:00)","","없음","목",6,8
1824,"미정","전공선택","CUL0204-11923-","통합사고와읽기의기술","임보람",2,"월(11:00-13:00)","","없음","월",3,5
1825,"미정","전공선택","PSD2014-11928-","유럽정치론","최진우",3,"화(13:00-14:30),화(14:30-16:00)","","없음","화",6,8
1826,"미정","전공선택","PSD4006-11930-","정치학방법론","송원준",3,"목(13:00-14:30),목(14:30-16:00)","","없음","목",6,8
1827,"미정","전공선택","GEN6032-11938-","전문학술영어","Esther du Plessis",3,"화(10:30-12:00),금(10:30-12:00)","","없음","금",2,4
1828,"미정","전공선택","JOU2004-11955-","취재보도론","김상진",3,"화(16:00-17:30),화(17:30-19:00)","","없음","화",9,10
1829,"미정","전공선택","TEA3038-10432-","관광논리및논술","정철",2,"수(09:00-11:00)","","없음","수",1,3
1830,"미정","전공선택","TOU3077-10434-","호텔·관광케이스와시뮬레이션","양은주",3,"목(13:00-14:30),목(14:30-16:00)","","없음","목",6,8
1831,"미정","전공선택","TOU4063-10438-","글로벌커뮤니케이션론","박지현",3,"목(13:00-14:30),목(14:30-16:00)","","없음","목",6,8
1832,"미정","전공선택","CUL0202-11659-","문화기술인간","천미림",2,"월(11:00-13:00)","","없음","월",3,5
1833,"미정","전공선택","MAT3052-10558-","수치해석2","송정환",3,"수(14:30-16:00),금(13:00-14:30)","","없음","금",5,6
1834,"미정","전공선택","GEN5100-10567-","커리어개발Ⅱ:취.창업진로포트폴리오","박문집",1,"목(17:00-18:00)","","없음","목",9,10
1835,"미정","전공선택","PBL4021-10568-","물리학캡스톤PBL(나노소재의물성과산업응용)","정문석",3,"수(13:00-15:00),수(15:00-17:00)","","없음","수",7,9
1836,"미정","전공선택","CHM4024-10586-","물리화학특강2","성명모",2,"목(13:00-15:00)","","없음","목",5,7
1837,"미정","전공선택","DBC2002-10592-","생화학2","황규호",3,"화(13:00-14:30),목(13:00-14:30)","","없음","목",5,6
1838,"미정","전공선택","PBL4013-10594-","화학캡스톤PBL(소재화학디자인)","한진욱",3,"월(11:00-13:00),수(09:00-11:00)","","없음","수",1,3
1839,"미정","전공선택","BIO2043-10596-","신경생물학","유승준",2,"월(11:00-13:00)","","없음","월",3,5
1840,"미정","전공선택","LIF3019-10605-","면역학2및실험","최제민",3,"수(15:00-17:00),목(11:00-13:00)","","없음","목",3,5
1841,"미정","전공선택","LIF4012-10609-","생명과학세미나2","이경민",1,"수(11:00-12:00)","","없음","수",3,4
1842,"미정","전공선택","GEN6032-11773-","전문학술영어","Esther du Plessis",3,"화(09:00-10:30),금(09:00-10:30)","","없음","금",1,2
1843,"미정","전공선택","MAT2009-11775-","미분방정식","정진욱",3,"월(10:30-12:00),수(13:00-14:30)","","없음","수",5,6
1844,"미정","전공선택","PHY3008-11792-","수리물리학2","오재혁",3,"화(14:30-16:00),수(10:30-12:00)","","없음","수",2,4
1845,"미정","전공선택","MAT2006-11774-","정수론","권오정",3,"월(10:30-12:00),수(14:30-16:00)","","없음","수",6,8
1846,"미정","전공선택","MAT2016-11776-","고등미적분학2","김민현",3,"월(14:30-16:00),목(13:00-14:30)","","없음","목",5,6
1847,"미정","전공선택","PHY1006-11789-","일반물리학및실험Ⅱ","신상진",4,"수(13:00-14:30),목(14:30-16:00),월(13:00-15:00)","","없음","월",5,7
1848,"미정","전공선택","PHY2071-11790-","고전역학2","남창우",3,"화(10:30-12:00),수(14:30-16:00)","","없음","수",6,8
1849,"미정","전공선택","GEN0075-11820-","일반생물학2","Ivana Karanovic",3,"월(13:00-14:30),월(14:30-16:00)","","없음","월",6,8
1850,"미정","전공선택","GEN5100-13020-","커리어개발Ⅱ:취.창업진로포트폴리오","서재홍",1,"목(16:00-17:00)","","없음","목",8,9
1851,"미정","전공선택","GEN5100-13022-","커리어개발Ⅱ:취.창업진로포트폴리오","이진형",1,"목(17:00-18:00)","","없음","목",9,10
1852,"미정","전공선택","CHM2004-13024-","유기화학2","이정효",3,"월(13:00-14:30),목(13:00-14:30)","","없음","목",5,6
1853,"미정","전공선택","GEN5100-13021-","커리어개발Ⅱ:취.창업진로포트폴리오","허재성",1,"목(16:00-17:00)","","없음","목",8,9
1854,"미정","전공선택","CUL0203-12409-","AI시대쓰기의힘","윤수미",2,"목(11:00-13:00)","","없음","목",3,5
1855,"미정","전공선택","CUL0203-12408-","AI시대쓰기의힘","이윤정",2,"수(11:00-13:00)","","없음","수",3,5
1856,"미정","전공선택","CUL0202-12453-","문화기술인간","장신혜",2,"화(13:00-15:00)","","없음","화",5,7
1857,"미정","전공선택","PHY4074-10577-","물리학연구캡스톤디자인1","황민수",3,"월(13:00-15:00),월(15:00-17:00)","","없음","월",7,9
1858,"미정","전공선택","CHM3002-10580-","무기화학2","한진욱",3,"월(13:00-14:30),수(13:00-14:30)","","없음","수",5,6
1859,"미정","전공선택","CHM4003-10583-","무기화학실험","이진석",1,"화(17:00-19:00)","","없음","화",9,10
1860,"미정","전공선택","BIO4004-10598-","진화생물학","Ivana Karanovic",2,"수(15:00-17:00)","","없음","수",7,9
1861,"미정","전공선택","BIO4005-10599-","해양생물학","이강현",2,"월(11:00-13:00)","","없음","월",3,5
1862,"미정","전공선택","BIO4009-10600-","식물생리학","박태기",2,"금(11:00-13:00)","","없음","금",3,5
1863,"미정","전공선택","DBC4023-10603-","생물정보학","하유진",2,"월(13:00-14:00),월(14:00-16:00)","","없음","월",6,8
1864,"미정","전공선택","MAT3002-10553-","현대대수2","권오정",3,"월(13:00-14:30),수(10:30-12:00)","","없음","수",2,4
1865,"미정","전공선택","MAT3023-10556-","수리통계학2","최정순",3,"화(10:30-12:00),목(10:30-12:00)","","없음","목",2,4
1866,"미정","전공선택","MAT3066-10559-","벡터해석학","정민구",3,"월(14:30-16:00),수(13:00-14:30)","","없음","수",5,6
1867,"미정","전공선택","MAT4073-10563-","확률론","정진욱",3,"월(14:30-16:00),수(14:30-16:00)","","없음","수",6,8
1868,"미정","전공선택","PHY3016-10569-","광학실험","황민수",3,"금(11:00-12:00),금(13:00-17:00)","","없음","금",5,9
1869,"미정","전공선택","PHY4022-10575-","천체물리학","김태정",3,"화(10:30-12:00),수(10:30-12:00)","","없음","수",2,4
1870,"미정","전공선택","CUL0203-12407-","AI시대쓰기의힘","정보영",2,"수(11:00-13:00)","","없음","수",3,5
1871,"미정","전공선택","CHM3018-10581-","분석화학특강","장진호",2,"월(13:00-15:00)","","없음","월",5,7
1872,"미정","전공선택","CHM4097-10590-","고분자재료화학특강","최효성",3,"수(13:00-14:30),수(14:30-16:00)","","없음","수",6,8
1873,"미정","전공선택","BIO3093-10597-","발생학2","김도현",2,"목(15:00-17:00)","","없음","목",7,9
1874,"미정","전공선택","PBL4012-10564-","수학캡스톤PBL(정보보호를위한인공지능)","서재홍",3,"수(09:00-11:00),수(11:00-13:00)","","없음","수",3,5
1875,"미정","전공선택","PHY3033-10572-","양자역학2","이진형",3,"화(16:00-17:30),목(14:30-16:00)","","없음","목",6,8
1876,"미정","전공선택","CHM4007-10584-","양자화학","김형준",3,"월(10:30-12:00),수(09:00-10:30)","","없음","수",1,2
1877,"미정","전공선택","GEN5100-10593-","커리어개발Ⅱ:취.창업진로포트폴리오","조천규",1,"월(16:00-17:00)","","없음","월",8,9
1878,"미정","전공선택","CUL0203-11768-","AI시대쓰기의힘","임은희",2,"수(11:00-13:00)","","없음","수",3,5
1879,"미정","전공선택","GEN2053-11771-","미분적분학2","김승혁",3,"화(10:30-12:00),목(13:00-14:30)","","없음","목",5,6
1880,"미정","전공선택","MAT2024-11777-","선형대수2","김형준",3,"화(13:00-14:30),금(14:30-16:00)","","없음","금",6,8
1881,"미정","전공선택","MAT2033-11778-","통계자료분석방법론","박선철",3,"화(10:30-12:00),금(13:00-14:30)","","없음","금",5,6
1882,"미정","전공선택","MAT2034-11779-","계산수론","김미란",3,"월(13:00-14:30),수(10:30-12:00)","","없음","수",2,4
1883,"미정","전공선택","GEN2053-11786-","미분적분학2","이선경",3,"수(10:30-12:00),금(13:00-14:30)","","없음","금",5,6
1884,"미정","전공선택","DBC2001-11819-","생화학1","이경민",2,"화(11:00-13:00)","","없음","화",3,5
1885,"미정","전공선택","LIF2026-11825-","생명과학연구개론","이경민",1,"화(15:00-16:00)","","없음","화",7,8
1886,"미정","전공선택","PHY3005-11791-","전자기학1","윤재웅",3,"화(13:00-14:30),수(13:00-14:30)","","없음","수",5,6
1887,"미정","전공선택","CHM2002-11796-","물리화학2","김두리",3,"화(13:00-14:30),수(14:30-16:00)","","없음","수",6,8
1888,"미정","전공선택","CHM2005-11798-","물리화학실험1","김두리",2,"수(17:00-21:00)","","없음","수",9,10
1889,"미정","전공선택","GEN6032-11807-","전문학술영어","Stacey Eujung Choi",3,"월(10:30-12:00),목(09:00-10:30)","","없음","목",1,2
1890,"미정","전공선택","BIO2017-11810-","세포생물학2","신인철",2,"수(15:00-17:00)","","없음","수",7,9
1891,"미정","전공선택","BIO2031-11811-","미생물학2","이진원",2,"화(13:00-15:00)","","없음","화",5,7
1892,"미정","전공선택","BIO2062-11812-","생태학1","박범수",3,"화(16:00-17:30),금(10:30-12:00)","","없음","금",2,4
1893,"미정","전공선택","CUL0201-12474-","상상과학성찰","장신혜",2,"화(11:00-13:00)","","없음","화",3,5
1894,"미정","전공선택","CUL0201-12475-","상상과학성찰","정세권",2,"화(11:00-13:00)","","없음","화",3,5
1895,"미정","전공선택","GEN0077-13028-","일반생물학실험2","채지형",1,"금(15:00-17:00)","","없음","금",7,9
1896,"미정","전공선택","MAT2033-13018-","통계자료분석방법론","박선철",3,"화(13:00-14:30),금(10:30-12:00)","","없음","금",2,4
1897,"미정","전공선택","LIF2023-13032-","생태환경과학실험","김백호",2,"월(13:00-17:00)","","없음","월",5,9
1898,"미정","전공선택","GEN5100-13034-","커리어개발Ⅱ:취.창업진로포트폴리오","하유진",1,"수(17:00-18:00)","","없음","수",9,10
1899,"미정","전공선택","GEN5100-13019-","커리어개발Ⅱ:취.창업진로포트폴리오","박선철",1,"목(16:00-17:00)","","없음","목",8,9
1900,"미정","전공선택","GEN5100-13025-","커리어개발Ⅱ:취.창업진로포트폴리오","손대원",1,"월(16:00-17:00)","","없음","월",8,9
1901,"미정","전공선택","GEN0077-13030-","일반생물학실험2","채지형",1,"수(15:00-17:00)","","없음","수",7,9
1902,"미정","전공선택","BIO2062-13031-","생태학1","김백호",3,"화(16:00-17:30),목(09:00-10:30)","","없음","목",1,2
1903,"미정","전공선택","GEN5100-13033-","커리어개발Ⅱ:취.창업진로포트폴리오","이진원",1,"수(17:00-18:00)","","없음","수",9,10
1904,"미정","전공선택","PHY3030-10571-","열및통계물리학2","박문집",3,"수(13:00-14:30),목(13:00-14:30)","","없음","목",5,6
1905,"미정","전공선택","PHY4023-10576-","반도체물리학","정문석",3,"화(14:30-16:00),수(10:30-12:00)","","없음","수",2,4
1906,"미정","전공선택","CHM4051-10588-","기기분석실험","윤태현",1,"월(17:00-19:00)","","없음","월",9,10
1907,"미정","전공선택","PBL4014-10610-","생명과학캡스톤PBL(조직간상호작용회로연구)","김도현",3,"화(13:00-15:00),화(15:00-17:00)","","없음","화",7,9
1908,"미정","전공선택","CUL3012-11770-","일반물리학및실험2","윤승언",3,"목(15:00-17:00),월(13:00-15:00)","","없음","월",5,7
1909,"미정","전공선택","CHM1056-11795-","일반화학및실험Ⅱ","노재근",4,"수(16:00-17:30),목(09:00-10:30),화(13:00-15:00)","","없음","화",5,7
1910,"미정","전공선택","CHM4001-11801-","기기분석","정회일",3,"화(10:30-12:00),수(10:30-12:00)","","없음","수",2,4
1911,"미정","전공선택","CUL0203-11804-","AI시대쓰기의힘","최은정",2,"목(11:00-13:00)","","없음","목",3,5
1912,"미정","전공선택","PHE4095-11808-","기초생화학","이준석",2,"화(15:00-17:00)","","없음","화",7,9
1913,"미정","전공선택","CUL0201-11816-","상상과학성찰","정덕환",2,"화(11:00-13:00)","","없음","화",3,5
1914,"미정","전공선택","LIF2028-11826-","미생물학및세포생물학실험","신인철",2,"목(13:00-17:00)","","없음","목",5,9
1915,"미정","전공선택","GEN5100-13026-","커리어개발Ⅱ:취.창업진로포트폴리오","한진욱",1,"월(16:00-17:00)","","없음","월",8,9
1916,"미정","전공선택","GEN0077-13029-","일반생물학실험2","채지형",1,"수(15:00-17:00)","","없음","수",7,9
1917,"미정","전공선택","GEN6032-12355-","전문학술영어","Adam Turner",3,"화(09:00-10:30),금(09:00-10:30)","","없음","금",1,2
1918,"미정","전공선택","GEN6032-12356-","전문학술영어","Douglas N. McIntosh",3,"화(09:00-10:30),금(09:00-10:30)","","없음","금",1,2
1919,"미정","전공선택","GEN6032-12357-","전문학술영어","Kimberley Jean Blount",3,"화(09:00-10:30),금(09:00-10:30)","","없음","금",1,2
1920,"미정","전공선택","GEN6032-12360-","전문학술영어","Shelley L. Collins",3,"월(10:30-12:00),목(09:00-10:30)","","없음","목",1,2
1921,"미정","전공선택","MAT3028-10557-","복소수해석학2","김승혁",3,"화(13:00-14:30),목(14:30-16:00)","","없음","목",6,8
1922,"미정","전공선택","PHY4009-10574-","상대성이론","김항배",3,"화(10:30-12:00),목(10:30-12:00)","","없음","목",2,4
1923,"미정","전공선택","CHM3064-10582-","유기합성론","조천규",2,"목(15:00-17:00)","","없음","목",7,9
1924,"미정","전공선택","CHM4020-10585-","유기화학특강","신승훈",2,"화(11:00-13:00)","","없음","화",3,5
1925,"미정","전공선택","CHM4035-10587-","재료화학","윤홍석",3,"월(14:30-16:00),화(10:30-12:00)","","없음","화",2,4
1926,"미정","전공선택","CHM4076-10589-","화학특수연구2","윤소원",1,"목(11:00-12:00)","","없음","목",3,4
1927,"미정","전공선택","CHM5006-10591-","화학과캡스톤디자인2","신승훈",1,"화(15:00-17:00)","","없음","화",7,9
1928,"미정","전공선택","PHY3031-11793-","현대물리학실험","오재혁",2,"월(13:00-17:00)","","없음","월",5,9
1929,"미정","전공선택","CHM2014-11799-","유기화학실험2","이정효",2,"목(17:00-21:00)","","없음","목",9,10
1930,"미정","전공선택","LIF2023-11824-","생태환경과학실험","진언선",2,"월(13:00-17:00)","","없음","월",5,9
1931,"미정","전공선택","LIF3021-10606-","동식물생리학실험","최재훈",2,"화(13:00-17:00)","","없음","화",5,9
1932,"미정","전공선택","LIF4001-10608-","바이오기술","김영필",2,"목(15:00-17:00)","","없음","목",7,9
1933,"미정","전공선택","GEN5100-10552-","커리어개발Ⅱ:취.창업진로포트폴리오","김미란",1,"목(16:00-17:00)","","없음","목",8,9
1934,"미정","전공선택","MAT4031-10562-","편미분방정식과응용","김민현",3,"월(13:00-14:30),목(14:30-16:00)","","없음","목",6,8
1935,"미정","전공선택","TEA3029-10566-","수학논리및논술","김은현",2,"화(15:00-17:00)","","없음","화",7,9
1936,"미정","전공선택","CUL0201-12473-","상상과학성찰","김호연",2,"수(13:00-15:00)","","없음","수",5,7
1937,"미정","전공선택","CUL0204-11784-","통합사고와읽기의기술","김선화",2,"수(15:00-17:00)","","없음","수",7,9
1938,"미정","전공선택","CUL0201-11803-","상상과학성찰","김성희",2,"수(13:00-15:00)","","없음","수",5,7
1939,"미정","전공선택","BIO3023-11813-","유전학2","김헌석",2,"목(11:00-13:00)","","없음","목",3,5
1940,"미정","전공선택","BIO3042-11814-","동물생리학1","최재훈",2,"월(11:00-13:00)","","없음","월",3,5
1941,"미정","전공선택","GEN0077-11821-","일반생물학실험2","채지형",1,"금(13:00-15:00)","","없음","금",5,7
1942,"미정","전공선택","GEN6032-12358-","전문학술영어","Adam Turner",3,"월(10:30-12:00),목(09:00-10:30)","","없음","목",1,2
1943,"미정","전공선택","GEN6032-12359-","전문학술영어","Gary Joseph Turnham",3,"월(10:30-12:00),목(09:00-10:30)","","없음","목",1,2
1944,"미정","전공선택","MAT4004-10561-","위상수학2","허영식",3,"월(16:00-17:30),수(16:00-17:30)","","없음","수",8,9
1945,"미정","전공선택","PHY3024-10570-","응용광학","황민수",3,"화(13:00-14:30),수(14:30-16:00)","","없음","수",6,8
1946,"미정","전공선택","PHY3072-10573-","응집물질물리학2","이창민",3,"월(10:30-12:00),화(14:30-16:00)","","없음","화",6,8
1947,"미정","전공선택","GEN5100-10604-","커리어개발Ⅱ:취.창업진로포트폴리오","이경민",1,"수(17:00-18:00)","","없음","수",9,10
1948,"미정","전공선택","CUL0202-11767-","문화기술인간","정덕환",2,"화(13:00-15:00)","","없음","화",5,7
1949,"미정","전공선택","CHM1056-11781-","일반화학및실험Ⅱ","이경림",4,"목(09:00-10:30),금(14:30-16:00),화(15:00-17:00)","","없음","화",7,9
1950,"미정","전공선택","CHM2004-11797-","유기화학2","조천규",3,"월(13:00-14:30),목(13:00-14:30)","","없음","목",5,6
1951,"미정","전공선택","CHM2068-11800-","기초화학수학","김형준",3,"수(10:30-12:00),금(10:30-12:00)","","없음","금",2,4
1952,"미정","전공선택","GEN5100-13023-","커리어개발Ⅱ:취.창업진로포트폴리오","이창협",1,"목(17:00-18:00)","","없음","목",9,10
1953,"미정","전공선택","GEN0075-13027-","일반생물학2","채지형",3,"월(13:00-14:30),월(14:30-16:00)","","없음","월",6,8
1954,"미정","전공선택","BUS2003-13076-","마케팅관리","현효원",3,"목(10:30-12:00)","","없음","목",2,4
1955,"미정","전공선택","BUS3009-13079-","국제경영","임형록",3,"월(13:00-14:30),월(14:30-16:00)","","없음","월",6,8
1956,"미정","전공선택","BUS3002-13088-","재무관리","김석환",3,"수(09:00-10:30),수(10:30-12:00)","","없음","수",2,4
1957,"미정","전공선택","BUS3003-13089-","조직행동","이아영",3,"수(16:00-17:30),수(17:30-19:00)","","없음","수",9,10
1958,"미정","전공선택","ACC3003-13094-","관리회계","박지혜",3,"금(16:00-17:30),금(17:30-19:00)","","없음","금",9,10
1959,"미정","전공선택","BUS4017-13098-","서비스운영관리","이창원",3,"월(13:00-14:30),수(13:00-14:30)","","없음","수",5,6
1960,"미정","전공선택","GEN5100-13100-","커리어개발Ⅱ:취.창업진로포트폴리오","김종우",1,"월(13:00-14:00)","","없음","월",5,6
1961,"미정","전공선택","GEN5100-13101-","커리어개발Ⅱ:취.창업진로포트폴리오","나현종",1,"목(11:00-12:00)","","없음","목",3,4
1962,"미정","전공선택","GEN5100-13104-","커리어개발Ⅱ:취.창업진로포트폴리오","백승익",1,"수(13:00-14:00)","","없음","수",5,6
1963,"미정","전공선택","BUS1057-13063-","커리어디자인1","허제인",2,"금(09:00-11:00)","","없음","금",1,3
1964,"미정","전공선택","BUS1061-13066-","회계의이해","나현종",3,"화(13:00-14:30),목(13:00-14:30)","","없음","목",5,6
1965,"미정","전공선택","GEN5100-13107-","커리어개발Ⅱ:취.창업진로포트폴리오","이창원",1,"화(16:00-17:00)","","없음","화",8,9
1966,"미정","전공선택","BUS2002-13114-","계량경영","부제만",3,"화(13:00-14:30),목(13:00-14:30)","","없음","목",5,6
1967,"미정","전공선택","BUS3009-13080-","국제경영","안지선",3,"금(10:30-12:00)","","없음","금",2,4
1968,"미정","전공선택","BUS3009-13081-","국제경영","이창현",3,"화(09:00-10:30),화(10:30-12:00)","","없음","화",2,4
1969,"미정","전공선택","BUS3021-13183-","품질경영","한현수",3,"월(16:00-17:30),월(17:30-19:00)","","없음","월",9,10
1970,"미정","전공선택","BUS3002-13083-","재무관리","박동규",3,"월(13:00-14:30),월(14:30-16:00)","","없음","월",6,8
1971,"미정","전공선택","BUS3003-13090-","조직행동","공도훈",3,"목(16:00-17:30),목(17:30-19:00)","","없음","목",9,10
1972,"미정","전공선택","GEN5100-13105-","커리어개발Ⅱ:취.창업진로포트폴리오","송상영",1,"금(14:30-15:30)","","없음","금",6,7
1973,"미정","전공선택","GEN5100-13110-","커리어개발Ⅱ:취.창업진로포트폴리오","정희선",1,"월(13:00-14:00)","","없음","월",5,6
1974,"미정","전공선택","GEN6032-12340-","전문학술영어","Luke Oliver Allum",3,"화(14:30-16:00),금(13:00-14:30)","","없음","금",5,6
1975,"미정","전공선택","BUS1062-13056-","경영통계응용","김상기",3,"목(13:00-15:00),목(15:00-16:00)","","없음","목",7,8
1976,"미정","전공선택","BUS1061-13067-","회계의이해","나현종",3,"화(14:30-16:00),목(14:30-16:00)","","없음","목",6,8
1977,"미정","전공선택","GEN6032-12341-","전문학술영어","Esther du Plessis",3,"화(14:30-16:00),금(13:00-14:30)","","없음","금",5,6
1978,"미정","전공선택","BUS3021-13124-","품질경영","진혜경",3,"월(16:00-17:30),월(17:30-19:00)","","없음","월",9,10
1979,"미정","전공선택","GEN6032-12343-","전문학술영어","Sung Il Park",3,"화(14:30-16:00),금(13:00-14:30)","","없음","금",5,6
1980,"미정","전공선택","BUS2003-13073-","마케팅관리","신현상",3,"금(13:00-14:30),금(14:30-16:00)","","없음","금",6,8
1981,"미정","전공선택","BUS2003-13077-","마케팅관리","송상영",3,"금(13:00-14:30)","","없음","금",5,6
1982,"미정","전공선택","GEN6032-12349-","전문학술영어","Sung Il Park",3,"화(16:00-17:30),금(14:30-16:00)","","없음","금",6,8
1983,"미정","전공선택","BUS4005-13127-","경영정보시스템","이상용",3,"화(10:30-12:00),목(10:30-12:00)","","없음","목",2,4
1984,"미정","전공선택","BUS3002-13084-","재무관리","김은지",3,"월(16:00-17:30),월(17:30-19:00)","","없음","월",9,10
1985,"미정","전공선택","BUS3003-13093-","조직행동","조현민",3,"수(09:00-10:30),수(10:30-12:00)","","없음","수",2,4
1986,"미정","전공선택","GEN5100-13099-","커리어개발Ⅱ:취.창업진로포트폴리오","김보영",1,"금(09:00-10:00)","","없음","금",1,2
1987,"미정","전공선택","BUS3068-10478-","혁신전략론","이웅희",3,"화(14:30-16:00),목(14:30-16:00)","","없음","목",6,8
1988,"미정","전공선택","BUS3049-13111-","전략적마케팅커뮤니케이션","현효원",3,"화(16:00-17:30),목(16:00-17:30)","","없음","목",8,9
1989,"미정","전공선택","BUS4083-10485-","정보기술과데이터전략","김동연",3,"월(13:00-14:30),월(14:30-16:00)","","없음","월",6,8
1990,"미정","전공선택","CUL0202-12455-","문화기술인간","이영민",2,"월(09:00-11:00)","","없음","월",1,3
1991,"미정","전공선택","BUS3068-13120-","혁신전략론","박지훈",3,"월(10:30-12:00),화(10:30-12:00)","","없음","화",2,4
1992,"미정","전공선택","BUS2062-13122-","인적자원및조직개발론","이상석",3,"목(16:00-18:00),목(18:00-19:00)","","없음","목",10,10
1993,"미정","전공선택","BUS1062-13054-","경영통계응용","엄요한",3,"수(16:00-18:00),수(18:00-19:00)","","없음","수",10,10
1994,"미정","전공선택","BUS1062-13055-","경영통계응용","엄요한",3,"수(13:00-15:00),수(15:00-16:00)","","없음","수",7,8
1995,"미정","전공선택","BUS1062-13058-","경영통계응용","신규일",3,"수(13:00-15:00),수(15:00-16:00)","","없음","수",7,8
1996,"미정","전공선택","BUS4085-10487-","경쟁전략론","권수라",3,"수(13:00-14:30),수(14:30-16:00)","","없음","수",6,8
1997,"미정","전공선택","GEN5100-10492-","커리어개발Ⅱ:취.창업진로포트폴리오","고태호",1,"목(16:00-17:00)","","없음","목",8,9
1998,"미정","전공선택","CUL0202-12460-","문화기술인간","최은호",2,"수(09:00-11:00)","","없음","수",1,3
1999,"미정","전공선택","BUS2003-11705-","마케팅관리","안희경",3,"월(13:00-14:30),월(14:30-16:00)","","없음","월",6,8
2000,"미정","전공선택","GEN5100-13126-","커리어개발Ⅱ:취.창업진로포트폴리오","장인기",1,"화(09:00-10:00)","","없음","화",1,2
2001,"미정","전공선택","BUS4019-13128-","전략경영론","박지훈",3,"월(13:00-14:30),월(14:30-16:00)","","없음","월",6,8
2002,"미정","전공선택","BUS1057-13062-","커리어디자인1","김창",2,"월(16:00-18:00)","","없음","월",8,10
2003,"미정","전공선택","BUS3023-10499-","파생증권론","장인기",3,"화(16:00-17:30),시간미지정강좌","","없음",,,
2004,"미정","전공선택","BUS4019-10507-","전략경영론","이상명",3,"화(09:00-10:30),목(09:00-10:30)","","없음","목",1,2
2005,"미정","전공선택","CUL0202-11712-","문화기술인간","천미림",2,"월(09:00-11:00)","","없음","월",1,3
2006,"미정","전공선택","BUS2073-11722-","거시경제이론","나수미",3,"목(16:00-17:30),목(17:30-19:00)","","없음","목",9,10
2007,"미정","전공선택","BUS1061-13068-","회계의이해","정태진",3,"화(09:00-10:30),목(09:00-10:30)","","없음","목",1,2
2008,"미정","전공선택","BUS1013-11718-","금융시장의이해","최광열",3,"월(09:00-10:30),월(10:30-12:00)","","없음","월",2,4
2009,"미정","전공선택","BUS1057-11719-","커리어디자인1","허제인",2,"금(15:00-17:00)","","없음","금",7,9
2010,"미정","전공선택","BUS1062-13059-","경영통계응용","신규일",3,"수(16:00-18:00),수(18:00-19:00)","","없음","수",10,10
2011,"미정","전공선택","BUS1061-13069-","회계의이해","정태진",3,"화(10:30-12:00),목(10:30-12:00)","","없음","목",2,4
2012,"미정","전공선택","BUS3002-13086-","재무관리","박호영",3,"수(16:00-17:30),수(17:30-19:00)","","없음","수",9,10
2013,"미정","전공선택","BUS3068-13118-","혁신전략론","박병진",3,"월(14:30-16:00),수(14:30-16:00)","","없음","수",6,8
2014,"미정","전공선택","BUS4007-10484-","경영학특강","장용성",3,"목(16:00-17:30),목(17:30-19:00)","","없음","목",9,10
2015,"미정","전공선택","BUS5005-10510-","행동재무론","최승호",3,"금(13:00-14:30)","","없음","금",5,6
2016,"미정","전공선택","GEN6032-12339-","전문학술영어","Mark A. Rublik",3,"화(14:30-16:00),금(13:00-14:30)","","없음","금",5,6
2017,"미정","전공선택","BUS1061-13064-","회계의이해","조중석",3,"화(13:00-14:30),목(13:00-14:30)","","없음","목",5,6
2018,"미정","전공선택","BUS2003-13071-","마케팅관리","박정근",3,"월(09:00-10:30),월(10:30-12:00)","","없음","월",2,4
2019,"미정","전공선택","BUS2002-10472-","계량경영","부제만",3,"화(10:30-12:00),목(10:30-12:00)","","없음","목",2,4
2020,"미정","전공선택","BUS3099-10480-","경영데이터마이닝","김종우",3,"월(09:00-10:30),월(10:30-12:00)","","없음","월",2,4
2021,"미정","전공선택","BUS5011-10491-","ESG경영전략","유승권",3,"월(16:00-17:30),시간미지정강좌","","없음",,,
2022,"미정","전공선택","BUS2003-13074-","마케팅관리","신현상",3,"금(16:00-17:30),금(17:30-19:00)","","없음","금",9,10
2023,"미정","전공선택","BUS3009-13082-","국제경영","김지수",3,"목(13:00-14:30),목(14:30-16:00)","","없음","목",6,8
2024,"미정","전공선택","BUS3095-10501-","재무사례연구","이정호",3,"수(16:00-17:30),수(17:30-19:00)","","없음","수",9,10
2025,"미정","전공선택","BUS4017-13097-","서비스운영관리","박응석",3,"목(09:00-10:30),목(10:30-12:00)","","없음","목",2,4
2026,"미정","전공선택","BUS1004-11701-","재무회계2","송창준",3,"화(13:00-14:30),목(13:00-14:30)","","없음","목",5,6
2027,"미정","전공선택","BUS3003-13092-","조직행동","박용철",3,"목(16:00-17:30),목(17:30-19:00)","","없음","목",9,10
2028,"미정","전공선택","BUS4017-13096-","서비스운영관리","박응석",3,"화(09:00-10:30),화(10:30-12:00)","","없음","화",2,4
2029,"미정","전공선택","GEN5100-13102-","커리어개발Ⅱ:취.창업진로포트폴리오","박병진",1,"수(11:00-12:00)","","없음","수",3,4
2030,"미정","전공선택","BUS3049-13112-","전략적마케팅커뮤니케이션","소재인",3,"금(13:00-14:30),금(14:30-16:00)","","없음","금",6,8
2031,"미정","전공선택","BUS1061-11703-","회계의이해","조중석",3,"화(09:00-10:30),목(09:00-10:30)","","없음","목",1,2
2032,"미정","전공선택","BUS1063-11721-","금융수리통계","강창모",3,"월(16:00-17:30),월(17:30-19:00)","","없음","월",9,10
2033,"미정","전공선택","GEN5100-13106-","커리어개발Ⅱ:취.창업진로포트폴리오","이상용",1,"화(09:30-10:30)","","없음","화",1,2
2034,"미정","전공선택","BUS2002-13115-","계량경영","김명교",3,"월(13:00-14:30),수(13:00-14:30)","","없음","수",5,6
2035,"미정","전공선택","BUS3004-13117-","인사관리","명순영",3,"월(16:00-17:30),월(17:30-19:00)","","없음","월",9,10
2036,"미정","전공선택","INT3004-13121-","국제마케팅","언초",3,"금(16:00-17:30),금(17:30-19:00)","","없음","금",9,10
2037,"미정","전공선택","BUS3068-13119-","혁신전략론","박병진",3,"월(16:00-17:30),수(16:00-17:30)","","없음","수",8,9
2038,"미정","전공선택","BUS3021-10475-","품질경영","전준현",3,"수(13:00-14:30),수(14:30-16:00)","","없음","수",6,8
2039,"미정","전공선택","BUS1062-13053-","경영통계응용","박태영",3,"화(14:30-16:00),목(14:30-15:00),목(15:00-16:00)","","없음","목",7,8
2040,"미정","전공선택","BUS1061-13070-","회계의이해","이은정",3,"월(14:30-16:00),수(14:30-16:00)","","없음","수",6,8
2041,"미정","전공선택","BUS3002-11708-","재무관리","채수윤",3,"금(16:00-17:30),금(17:30-19:00)","","없음","금",9,10
2042,"미정","전공선택","BUS1004-13052-","재무회계2","정석윤",3,"목(16:00-17:30)","","없음","목",8,9
2043,"미정","전공선택","BUS2003-13072-","마케팅관리","박정근",3,"월(13:00-14:30),월(14:30-16:00)","","없음","월",6,8
2044,"미정","전공선택","BUS3002-13085-","재무관리","박동규",3,"수(13:00-14:30),수(14:30-16:00)","","없음","수",6,8
2045,"미정","전공선택","BUS3119-10483-","디지털마케팅전략","임보람",3,"금(09:00-11:00),금(11:00-12:00)","","없음","금",3,4
2046,"미정","전공선택","BUS1003-11717-","재무회계1","이상윤",3,"수(16:00-17:30),수(17:30-19:00)","","없음","수",9,10
2047,"미정","전공선택","GEN6032-12348-","전문학술영어","Mark A. Rublik",3,"화(16:00-17:30),금(14:30-16:00)","","없음","금",6,8
2048,"미정","전공선택","BUS1062-13057-","경영통계응용","김상기",3,"화(13:00-15:00),화(15:00-16:00)","","없음","화",7,8
2049,"미정","전공선택","GEN5100-13103-","커리어개발Ⅱ:취.창업진로포트폴리오","박상희",1,"금(16:00-17:00)","","없음","금",8,9
2050,"미정","전공선택","BUS1057-13060-","커리어디자인1","김창",2,"월(09:00-11:00)","","없음","월",1,3
2051,"미정","전공선택","ACC4001-10471-","고급회계","서계원",3,"월(16:00-17:30),월(17:30-19:00)","","없음","월",9,10
2052,"미정","전공선택","BUS4105-10488-","기업윤리와지속가능경영","장훌",3,"금(09:00-10:30),금(10:30-12:00)","","없음","금",2,4
2053,"미정","전공선택","GEN6032-12344-","전문학술영어","Caroline Sommerville Ward",3,"화(16:00-17:30),금(14:30-16:00)","","없음","금",6,8
2054,"미정","전공선택","CUL0202-12454-","문화기술인간","김성희",2,"월(09:00-11:00)","","없음","월",1,3
2055,"미정","전공선택","CUL0202-12459-","문화기술인간","전혜리",2,"수(09:00-11:00)","","없음","수",1,3
2056,"미정","전공선택","CUL0202-12461-","문화기술인간","권무순",2,"수(09:00-11:00)","","없음","수",1,3
2057,"미정","전공선택","BUS4113-10509-","비즈니스프로젝트학기","김종우",9,"시간미지정강좌,시간미지정강좌,시간미지정강좌","","없음",,,
2058,"미정","전공선택","GEN5100-10511-","커리어개발Ⅱ:취.창업진로포트폴리오","엄찬영",1,"월(16:00-17:00)","","없음","월",8,9
2059,"미정","전공선택","PBL4005-10512-","경영대학캡스톤PBL(머신러닝을이용한파이낸스분야문제해결)","이상빈",3,"금(09:00-11:00),금(11:00-12:00)","","없음","금",3,4
2060,"미정","전공선택","GEN6032-12336-","전문학술영어","Matthew John Clement",3,"화(13:00-14:30),금(16:00-17:30)","","없음","금",8,9
2061,"미정","전공선택","BUS1062-11704-","경영통계응용","박태영",3,"화(10:30-12:00),목(10:30-11:00),목(11:00-12:00)","","없음","목",3,4
2062,"미정","전공선택","BUS3003-13091-","조직행동","오세형",3,"화(14:30-16:00),목(14:30-16:00)","","없음","목",6,8
2063,"미정","전공선택","GEN5100-13108-","커리어개발Ⅱ:취.창업진로포트폴리오","임보람",1,"금(15:00-16:00)","","없음","금",7,8
2064,"미정","전공선택","GEN6032-12335-","전문학술영어","Luke Oliver Allum",3,"화(13:00-14:30),금(16:00-17:30)","","없음","금",8,9
2065,"미정","전공선택","BUS3003-11709-","조직행동","신유형",3,"금(09:00-10:30),금(10:30-12:00)","","없음","금",2,4
2066,"미정","전공선택","GEN6032-11715-","전문학술영어","S. Afflick-Smith",3,"화(13:00-14:30),금(16:00-17:30)","","없음","금",8,9
2067,"미정","전공선택","BUS1061-11720-","회계의이해","이상윤",3,"수(13:00-14:30),수(14:30-16:00)","","없음","수",6,8
2068,"미정","전공선택","BUS3049-13113-","전략적마케팅커뮤니케이션","소재인",3,"화(13:00-14:30),목(13:00-14:30)","","없음","목",5,6
2069,"미정","전공선택","BUS3009-13078-","국제경영","언초",3,"월(09:00-10:30),월(10:30-12:00)","","없음","월",2,4
2070,"미정","전공선택","GEN5100-13109-","커리어개발Ⅱ:취.창업진로포트폴리오","정태진",1,"화(13:00-14:00)","","없음","화",5,6
2071,"미정","전공선택","GEN6032-12342-","전문학술영어","Matthew John Clement",3,"화(14:30-16:00),금(13:00-14:30)","","없음","금",5,6
2072,"미정","전공선택","BUS3021-13123-","품질경영","부제만",3,"월(13:00-14:30),월(14:30-16:00)","","없음","월",6,8
2073,"미정","전공선택","GEN6032-12347-","전문학술영어","John Finucane",3,"화(16:00-17:30),금(14:30-16:00)","","없음","금",6,8
2074,"미정","전공선택","BUS3021-13125-","품질경영","한현수",3,"수(16:00-17:30),수(17:30-19:00)","","없음","수",9,10
2075,"미정","전공선택","BUS2062-10473-","인적자원및조직개발론","이상민",3,"화(14:30-16:00),목(10:30-11:00),목(11:00-12:00)","","없음","목",3,4
2076,"미정","전공선택","BUS3049-10477-","전략적마케팅커뮤니케이션","현효원",3,"화(14:30-16:00),목(14:30-16:00)","","없음","목",6,8
2077,"미정","전공선택","BUS3084-10500-","채권금융론","정주영",3,"금(19:00-20:30),금(20:30-22:00)","","없음","금",10,10
2078,"미정","전공선택","CUL0202-12457-","문화기술인간","홍유진",2,"월(09:00-11:00)","","없음","월",1,3
2079,"미정","전공선택","BUS2071-11706-","인터넷과e-비즈니스","임규건",3,"수(13:00-14:30)","","없음","수",5,6
2080,"미정","전공선택","CUL0202-12462-","문화기술인간","정혜경",2,"수(09:00-11:00)","","없음","수",1,3
2081,"미정","전공선택","GEN6032-12338-","전문학술영어","Caroline Sommerville Ward",3,"화(13:00-14:30),금(16:00-17:30)","","없음","금",8,9
2082,"미정","전공선택","BUS4003-11723-","투자론","서지연",3,"금(13:00-14:30),금(14:30-16:00)","","없음","금",6,8
2083,"미정","전공선택","CUL0202-12456-","문화기술인간","김봉국",2,"월(09:00-11:00)","","없음","월",1,3
2084,"미정","전공선택","CUL0202-12463-","문화기술인간","박민아",2,"수(09:00-11:00)","","없음","수",1,3
2085,"미정","전공선택","GEN6032-12345-","전문학술영어","Joshua Huewe",3,"화(16:00-17:30),금(14:30-16:00)","","없음","금",6,8
2086,"미정","전공선택","ACC3003-11700-","관리회계","박지혜",3,"금(09:00-10:30),금(10:30-12:00)","","없음","금",2,4
2087,"미정","전공선택","BUS3009-11710-","국제경영","이창민",3,"화(10:30-12:00),목(10:30-12:00)","","없음","목",2,4
2088,"미정","전공선택","BUS3115-10482-","비즈니스분석프로그래밍","이창현",3,"수(09:00-11:00),수(11:00-12:00)","","없음","수",3,4
2089,"미정","전공선택","BUS4084-10486-","중국비즈니스전략","최성진",3,"수(09:00-10:30),수(10:30-12:00)","","없음","수",2,4
2090,"미정","전공선택","BUS4017-11711-","서비스운영관리","김대철",3,"월(16:00-17:30),월(17:30-19:00)","","없음","월",9,10
2091,"미정","전공선택","ECO1007-11725-","수리경제입문","장인기",3,"화(13:00-14:30)","","없음","화",5,6
2092,"미정","전공선택","GEN6032-12346-","전문학술영어","Ed Topliffe",3,"화(16:00-17:30),금(14:30-16:00)","","없음","금",6,8
2093,"미정","전공선택","INT3004-10493-","국제마케팅","언초",3,"금(13:00-14:30),금(14:30-16:00)","","없음","금",6,8
2094,"미정","전공선택","BUS3105-10503-","시장미시구조","엄찬영",3,"월(09:00-10:30),월(10:30-12:00)","","없음","월",2,4
2095,"미정","전공선택","BUS1057-13061-","커리어디자인1","김창",2,"월(11:00-13:00)","","없음","월",3,5
2096,"미정","전공선택","BUS1061-13065-","회계의이해","정희선",3,"월(16:00-17:30),월(17:30-19:00)","","없음","월",9,10
2097,"미정","전공선택","BUS2003-13075-","마케팅관리","현효원",3,"화(10:30-12:00)","","없음","화",2,4
2098,"미정","전공선택","BUS3004-10474-","인사관리","박상희",3,"금(13:00-14:30),금(14:30-16:00)","","없음","금",6,8
2099,"미정","전공선택","BUS1057-11702-","커리어디자인1","허제인",2,"금(11:00-13:00)","","없음","금",3,5
2100,"미정","전공선택","CUL0202-12458-","문화기술인간","장희진",2,"수(09:00-11:00)","","없음","수",1,3
2101,"미정","전공선택","BUS3002-13087-","재무관리","김석환",3,"월(16:00-17:30),월(17:30-19:00)","","없음","월",9,10
2102,"미정","전공선택","BUS3101-10502-","재무금융시계열분석","엄찬영",3,"월(13:00-14:30),월(14:30-16:00)","","없음","월",6,8
2103,"미정","전공선택","BUS2076-11707-","기업법개론","김영록",3,"화(09:00-10:30),화(10:30-12:00)","","없음","화",2,4
2104,"미정","전공선택","C-T4024-11833-","패션마케팅과브랜딩","이현정",3,"금(09:00-10:30),금(10:30-12:00)","","없음","금",2,4
2105,"미정","전공선택","C-T3034-11832-","패션디자인스튜디오1","정차홍",3,"월(09:00-11:00),월(11:00-13:00)","","없음","월",3,5
2106,"미정","전공선택","F-N1006-11846-","생활일반화학","채선희",3,"화(10:30-12:00),수(10:30-12:00)","","없음","수",2,4
2107,"미정","전공선택","C-T4025-10617-","의복과환경","배지현",3,"월(09:00-10:30),월(10:30-12:00)","","없음","월",2,4
2108,"미정","전공선택","F-N2017-10626-","생활주기영양학","최정은",3,"금(09:00-10:30),금(10:30-12:00)","","없음","금",2,4
2109,"미정","전공선택","F-N3023-10630-","임상영양학실험","박용순",2,"수(13:00-14:00),수(14:00-16:00)","","없음","수",6,8
2110,"미정","전공선택","F-N4018-10635-","영양사현장실습","고광웅",2,"시간미지정강좌","","없음",,,
2111,"미정","전공선택","HEC4015-10640-","식품독성학","이주원",3,"목(13:00-14:30),목(14:30-16:00)","","없음","목",6,8
2112,"미정","전공선택","CUL0202-11835-","문화기술인간","장희진",2,"수(13:00-15:00)","","없음","수",5,7
2113,"미정","전공선택","HEC2012-11840-","패션비지니스","이규혜",3,"화(09:00-10:30),화(10:30-12:00)","","없음","화",2,4
2114,"미정","전공선택","CUL0202-11843-","문화기술인간","최은호",2,"수(13:00-15:00)","","없음","수",5,7
2115,"미정","전공선택","CUL0202-11855-","문화기술인간","김봉국",2,"월(13:00-15:00)","","없음","월",5,7
2116,"미정","전공선택","C-T2025-12962-","기초의복구성","김수지",3,"월(13:00-15:00),월(15:00-17:00)","","없음","월",7,9
2117,"미정","전공선택","C-T2013-12966-","패션디자인드로잉","이경아",3,"목(13:00-15:00),목(15:00-17:00)","","없음","목",7,9
2118,"미정","전공선택","C-T4024-12969-","패션마케팅과브랜딩","이현정",3,"금(13:00-14:30),금(14:30-16:00)","","없음","금",6,8
2119,"미정","전공선택","GEN5100-12971-","커리어개발Ⅱ:취.창업진로포트폴리오","배지현",1,"화(13:00-14:00)","","없음","화",5,6
2120,"미정","전공선택","HOM2027-12983-","건축3D모델링2","이창엽",3,"화(15:00-17:00),화(17:00-19:00)","","없음","화",9,10
2121,"미정","전공선택","C-T2013-12965-","패션디자인드로잉","이경아",3,"목(09:00-11:00),목(11:00-13:00)","","없음","목",3,5
2122,"미정","전공선택","GEN5100-12970-","커리어개발Ⅱ:취.창업진로포트폴리오","이규혜",1,"화(13:00-14:00)","","없음","화",5,6
2123,"미정","전공선택","HOM1007-12977-","공간기초스튜디오","구희정",3,"금(09:00-11:00),금(11:00-13:00)","","없음","금",3,5
2124,"미정","전공선택","HOM1004-12981-","기초조형2","한수정",3,"수(13:00-15:00),수(15:00-17:00)","","없음","수",7,9
2125,"미정","전공선택","HOM2024-13175-","공간디자인스튜디오2","임재광",3,"금(13:00-15:00),금(15:00-17:00)","","없음","금",7,9
2126,"미정","전공선택","HOM4022-13176-","졸업작품캡스톤디자인2","배세연",3,"목(11:00-13:00),목(13:00-15:00)","","없음","목",5,7
2127,"미정","전공선택","HOM4022-13178-","졸업작품캡스톤디자인2","장순각",3,"화(15:00-17:00),화(17:00-19:00)","","없음","화",9,10
2128,"미정","전공선택","C-T3044-10613-","테크니컬디자인","설경희",3,"화(15:00-17:00),화(17:00-19:00)","","없음","화",9,10
2129,"미정","전공선택","GEN5100-10621-","커리어개발Ⅱ:취.창업진로포트폴리오","이지연",1,"화(13:00-14:00)","","없음","화",5,6
2130,"미정","전공선택","F-N3028-10632-","식품위생관계법규","엄애선",3,"화(09:00-10:30),목(10:30-12:00)","","없음","목",2,4
2131,"미정","전공선택","F-N4022-10636-","급식경영학","김현숙",3,"월(13:00-14:30),월(14:30-16:00)","","없음","월",6,8
2132,"미정","전공선택","GEN5100-10642-","커리어개발Ⅱ:취.창업진로포트폴리오","이창엽",1,"화(13:00-14:00)","","없음","화",5,6
2133,"미정","전공선택","HOM3030-10643-","디자인경영과캡스톤디자인","서영지",3,"화(09:00-10:30),화(10:30-12:00)","","없음","화",2,4
2134,"미정","전공선택","GEN6032-12362-","전문학술영어","Connie Park",3,"월(14:30-16:00),목(13:00-14:30)","","없음","목",5,6
2135,"미정","전공선택","GEN6032-12365-","전문학술영어","Joshua Huewe",3,"월(14:30-16:00),목(13:00-14:30)","","없음","목",5,6
2136,"미정","전공선택","GEN6032-12366-","전문학술영어","Sung Il Park",3,"월(14:30-16:00),목(13:00-14:30)","","없음","목",5,6
2137,"미정","전공선택","HOM2024-13174-","공간디자인스튜디오2","임재광",3,"금(09:00-11:00),금(11:00-13:00)","","없음","금",3,5
2138,"미정","전공선택","CUL0202-12467-","문화기술인간","홍유진",2,"월(13:00-15:00)","","없음","월",5,7
2139,"미정","전공선택","F-N3003-10627-","생화학2","Hyunsook Kim",3,"화(10:30-12:00),목(10:30-12:00)","","없음","목",2,4
2140,"미정","전공선택","F-N3027-10631-","발효식품학","이광연",3,"월(09:00-10:30),월(10:30-12:00)","","없음","월",2,4
2141,"미정","전공선택","F-N4001-10633-","식품화학","신원선",3,"화(15:00-16:30),화(16:30-18:00)","","없음","화",8,10
2142,"미정","전공선택","F-N4015-10634-","영양판정","이석화",3,"월(09:00-10:30),월(10:30-12:00)","","없음","월",2,4
2143,"미정","전공선택","GEN5100-10639-","커리어개발Ⅱ:취.창업진로포트폴리오","엄애선",1,"화(13:00-14:00)","","없음","화",5,6
2144,"미정","전공선택","CUL0203-12410-","AI시대쓰기의힘","노희호",2,"화(13:00-15:00)","","없음","화",5,7
2145,"미정","전공선택","HOM3038-10645-","설비및법규","김은영",3,"화(16:00-17:30),화(17:30-19:00)","","없음","화",9,10
2146,"미정","전공선택","C-T3045-10614-","디지털패션콘텐츠개발","김세진",3,"수(13:00-15:00),수(15:00-17:00)","","없음","수",7,9
2147,"미정","전공선택","C-T2013-11828-","패션디자인드로잉","이경아",3,"금(09:00-11:00),금(11:00-13:00)","","없음","금",3,5
2148,"미정","전공선택","F-N2006-11848-","영양생리학","고광웅",3,"월(10:30-12:00),화(10:30-12:00)","","없음","화",2,4
2149,"미정","전공선택","HEC3007-11860-","드로잉과AI시각화","이세영",3,"목(09:00-11:00),목(11:00-13:00)","","없음","목",3,5
2150,"미정","전공선택","C-T2020-11829-","패턴메이킹","설경희",3,"수(09:00-11:00),수(11:00-13:00)","","없음","수",3,5
2151,"미정","전공선택","HOM2024-13173-","공간디자인스튜디오2","현경훈",3,"수(13:00-15:00),수(15:00-17:00)","","없음","수",7,9
2152,"미정","전공선택","HOM1004-11861-","기초조형2","이창엽",3,"월(09:00-11:00),월(11:00-13:00)","","없음","월",3,5
2153,"미정","전공선택","HOM1007-11862-","공간기초스튜디오","하지연",3,"금(13:00-15:00),금(15:00-17:00)","","없음","금",7,9
2154,"미정","전공선택","HOM2024-11863-","공간디자인스튜디오2","현경훈",3,"수(09:00-11:00),수(11:00-13:00)","","없음","수",3,5
2155,"미정","전공선택","C-T3045-12972-","디지털패션콘텐츠개발","정차홍",3,"월(13:00-15:00),월(15:00-17:00)","","없음","월",7,9
2156,"미정","전공선택","GEN5100-12976-","커리어개발Ⅱ:취.창업진로포트폴리오","Hyunsook Kim",1,"화(13:00-14:00)","","없음","화",5,6
2157,"미정","전공선택","HOM3039-12988-","실내건축스튜디오2","이창엽",3,"월(15:00-17:00),월(17:00-19:00)","","없음","월",9,10
2158,"미정","전공선택","GEN5100-12975-","커리어개발Ⅱ:취.창업진로포트폴리오","고광웅",1,"화(13:00-14:00)","","없음","화",5,6
2159,"미정","전공선택","HOM1007-12978-","공간기초스튜디오","구희정",3,"금(13:00-15:00),금(15:00-17:00)","","없음","금",7,9
2160,"미정","전공선택","HOM1004-12980-","기초조형2","한수정",3,"수(09:00-11:00),수(11:00-13:00)","","없음","수",3,5
2161,"미정","전공선택","GEN5100-12986-","커리어개발Ⅱ:취.창업진로포트폴리오","배세연",1,"화(13:00-14:00)","","없음","화",5,6
2162,"미정","전공선택","GEN5100-12974-","커리어개발Ⅱ:취.창업진로포트폴리오","박용순",1,"화(13:00-14:00)","","없음","화",5,6
2163,"미정","전공선택","GEN5100-12984-","커리어개발Ⅱ:취.창업진로포트폴리오","최경아",1,"화(13:00-14:00)","","없음","화",5,6
2164,"미정","전공선택","GEN6032-12364-","전문학술영어","John Finucane",3,"월(14:30-16:00),목(13:00-14:30)","","없음","목",5,6
2165,"미정","전공선택","CUL0204-12426-","통합사고와읽기의기술","전철희",2,"금(13:00-15:00)","","없음","금",5,7
2166,"미정","전공선택","CUL0204-12428-","통합사고와읽기의기술","정치훈",2,"금(13:00-15:00)","","없음","금",5,7
2167,"미정","전공선택","C-T2025-12963-","기초의복구성","황지연",3,"화(09:00-11:00),화(11:00-13:00)","","없음","화",3,5
2168,"미정","전공선택","HOM1007-12979-","공간기초스튜디오","이재준",3,"목(13:00-15:00),목(15:00-17:00)","","없음","목",7,9
2169,"미정","전공선택","GEN5100-12985-","커리어개발Ⅱ:취.창업진로포트폴리오","김석훈",1,"화(13:00-14:00)","","없음","화",5,6
2170,"미정","전공선택","F-N3016-10628-","고급영양학실험","고광웅",2,"금(13:00-17:00)","","없음","금",5,9
2171,"미정","전공선택","HOM3034-10644-","디지털디자인과BIM","한수정",3,"금(09:00-11:00),금(11:00-13:00)","","없음","금",3,5
2172,"미정","전공선택","HOM3041-10647-","피지컬컴퓨팅개론","이정섭",3,"금(13:00-14:30),금(14:30-16:00)","","없음","금",6,8
2173,"미정","전공선택","HOM4037-10651-","디자인데이터분석","최한조",3,"수(09:00-10:30),수(10:30-12:00)","","없음","수",2,4
2174,"미정","전공선택","CUL0203-11856-","AI시대쓰기의힘","오혜정",2,"화(13:00-15:00)","","없음","화",5,7
2175,"미정","전공선택","HOM2025-11864-","실내계획론","어성신",3,"화(09:00-10:30),화(10:30-12:00)","","없음","화",2,4
2176,"미정","전공선택","F-N3018-12973-","실험조리","채선희",2,"수(13:00-17:00)","","없음","수",5,9
2177,"미정","전공선택","C-T2022-11830-","염색가공과신소재","이유진",3,"화(13:00-14:30),화(14:30-16:00)","","없음","화",6,8
2178,"미정","전공선택","CUL0204-11836-","통합사고와읽기의기술","주효주",2,"금(13:00-15:00)","","없음","금",5,7
2179,"미정","전공선택","HOM4022-13177-","졸업작품캡스톤디자인2","장순각",3,"월(15:00-17:00),월(17:00-19:00)","","없음","월",9,10
2180,"미정","전공선택","C-T3050-10616-","패션리테일어낼리틱스","신동윤",3,"수(17:00-18:30),수(18:30-20:00)","","없음","수",10,10
2181,"미정","전공선택","C-T4036-10619-","글로벌패션산업","백은수",3,"목(09:00-10:30),목(10:30-12:00)","","없음","목",2,4
2182,"미정","전공선택","PBL4020-10623-","의류캡스톤PBL(패션테크놀로지의이해)","정면걸",3,"금(13:00-15:00),금(15:00-17:00)","","없음","금",7,9
2183,"미정","전공선택","F-N3020-10629-","영양소대사","고광웅",3,"월(15:00-16:30),월(16:30-18:00)","","없음","월",8,10
2184,"미정","전공선택","HOM3039-10646-","실내건축스튜디오2","김석훈",3,"목(09:00-11:00),목(11:00-13:00)","","없음","목",3,5
2185,"미정","전공선택","HOM4034-10649-","디자인리서치방법론","전현선",3,"수(15:00-16:30),수(16:30-18:00)","","없음","수",8,10
2186,"미정","전공선택","GEN6032-12363-","전문학술영어","Mark A. Rublik",3,"월(14:30-16:00),목(13:00-14:30)","","없음","목",5,6
2187,"미정","전공선택","CUL0202-12465-","문화기술인간","전혜리",2,"수(13:00-15:00)","","없음","수",5,7
2188,"미정","전공선택","HEC3020-10622-","패션디자인상품기획","이지연",3,"목(13:00-15:00),목(15:00-17:00)","","없음","목",7,9
2189,"미정","전공선택","F-N4023-10637-","기능성식품과제품개발","임지영",3,"화(15:00-16:30),화(16:30-18:00)","","없음","화",8,10
2190,"미정","전공선택","HOM4022-10648-","졸업작품캡스톤디자인2","배세연",3,"월(11:00-13:00),월(13:00-15:00)","","없음","월",5,7
2191,"미정","전공선택","HOM4036-10650-","실무다큐멘테이션","이기정",3,"목(15:00-17:00),목(17:00-19:00)","","없음","목",9,10
2192,"미정","전공선택","GEN6032-11839-","전문학술영어","Nathan John Lucas",3,"월(14:30-16:00),목(13:00-14:30)","","없음","목",5,6
2193,"미정","전공선택","F-N2008-11849-","식품미생물학","Hyunsook Kim",3,"월(13:00-14:30),목(14:30-16:00)","","없음","목",6,8
2194,"미정","전공선택","C-T3034-12968-","패션디자인스튜디오1","황지연",3,"수(09:00-11:00),수(11:00-13:00)","","없음","수",3,5
2195,"미정","전공선택","HEC3007-12982-","드로잉과AI시각화","이세영",3,"목(13:00-15:00),목(15:00-17:00)","","없음","목",7,9
2196,"미정","전공선택","HOM3039-12987-","실내건축스튜디오2","김석훈",3,"목(13:00-15:00),목(15:00-17:00)","","없음","목",7,9
2197,"미정","전공선택","C-T3048-10615-","지능형텍스타일소재","배지현",3,"화(09:00-10:30),화(10:30-12:00)","","없음","화",2,4
2198,"미정","전공선택","C-T4034-10618-","의류제품분석및평가","이유진",3,"금(13:00-15:00),금(15:00-17:00)","","없음","금",7,9
2199,"미정","전공선택","C-T4042-10620-","의류학과연구실현장실습4","이규혜",1,"시간미지정강좌","","없음",,,
2200,"미정","전공선택","C-T2025-11831-","기초의복구성","김수지",3,"월(09:00-11:00),월(11:00-13:00)","","없음","월",3,5
2201,"미정","전공선택","F-N3018-11850-","실험조리","채선희",2,"화(13:00-17:00)","","없음","화",5,9
2202,"미정","전공선택","GEN6032-12367-","전문학술영어","Stacey Eujung Choi",3,"월(14:30-16:00),목(13:00-14:30)","","없음","목",5,6
2203,"미정","전공선택","HOM2027-11865-","건축3D모델링2","이창엽",3,"화(09:00-11:00),화(11:00-13:00)","","없음","화",3,5
2204,"미정","전공선택","HOM2028-11866-","근거기반디자인","최경아",3,"수(13:00-15:00),수(15:00-17:00)","","없음","수",7,9
2205,"미정","전공선택","HOM3036-11867-","현대실내건축사","손여림",3,"목(09:00-10:30),목(10:30-12:00)","","없음","목",2,4
2206,"미정","전공선택","CUL0204-12427-","통합사고와읽기의기술","조소명",2,"금(13:00-15:00)","","없음","금",5,7
2207,"미정","전공선택","HEC2012-12964-","패션비지니스","이규혜",3,"화(15:00-16:30),화(16:30-18:00)","","없음","화",8,10
2208,"미정","전공선택","C-T2020-12967-","패턴메이킹","설경희",3,"수(13:00-15:00),수(15:00-17:00)","","없음","수",7,9
2209,"미정","전공선택","CUL0202-12466-","문화기술인간","권무순",2,"수(13:00-15:00)","","없음","수",5,7
2210,"미정","전공선택","ECO2033-12562-","미시경제2:시장구조와후생","김영산",3,"수(13:00-14:30),금(13:00-14:30)","","없음","금",5,6
2211,"미정","전공선택","GEN5100-12573-","커리어개발Ⅱ:취.창업진로포트폴리오","한효진",1,"화(16:00-17:00)","","없음","화",8,9
2212,"미정","전공선택","ECO3094-10524-","의료서비스시장과정부","이은주",3,"화(14:30-16:00),목(14:30-16:00)","","없음","목",6,8
2213,"미정","전공선택","ECO4088-10528-","세계경제와중국","Shen yang",3,"화(14:30-16:00),목(14:30-16:00)","","없음","목",6,8
2214,"미정","전공선택","HYR0001-10530-","경제금융HY-UROP(실용연구심화)","민병규",3,"시간미지정강좌","","없음",,,
2215,"미정","전공선택","CUL0011-11729-","창의적컴퓨팅","지정은",3,"시간미지정강좌,화(13:00-15:00)","","없음",,,
2216,"미정","전공선택","ECO3049-10517-","체제이행경제론","장형수",3,"월(16:00-17:30),수(16:00-17:30)","","없음","수",8,9
2217,"미정","전공선택","ECO4064-10526-","미시경제이슈및응용","김광호",3,"월(13:00-14:30),수(13:00-14:30)","","없음","수",5,6
2218,"미정","전공선택","ECO1005-12554-","경제통계분석","김준원",3,"금(16:00-17:30),금(17:30-19:00)","","없음","금",9,10
2219,"미정","전공선택","ECO1005-12555-","경제통계분석","노승화",3,"월(16:00-17:30),수(16:00-17:30)","","없음","수",8,9
2220,"미정","전공선택","ECO3003-12564-","화폐금융","조대하",3,"금(13:00-14:30),금(14:30-16:00)","","없음","금",6,8
2221,"미정","전공선택","ECO2061-10514-","재무금융시계열예측","한효진",3,"화(10:30-12:00),목(10:30-12:00)","","없음","목",2,4
2222,"미정","전공선택","GEN5100-12572-","커리어개발Ⅱ:취.창업진로포트폴리오","하정엽",1,"화(16:00-17:00)","","없음","화",8,9
2223,"미정","전공선택","ECO3088-10521-","응용미시경제학실증분석","최자원",3,"월(14:30-16:00),수(14:30-16:00)","","없음","수",6,8
2224,"미정","전공선택","ECO3089-10522-","채권론","유진",3,"금(12:00-13:30),금(13:30-15:00)","","없음","금",5,7
2225,"미정","전공선택","CUL0203-12404-","AI시대쓰기의힘","임지훈",2,"수(13:00-15:00)","","없음","수",5,7
2226,"미정","전공선택","ECO2029-11736-","미시경제1:소비자와기업","하정엽",3,"화(10:30-12:00),목(10:30-12:00)","","없음","목",2,4
2227,"미정","전공선택","ECO2032-11737-","거시경제2:경기변동과경제성장","유혜미",3,"화(09:00-10:30),목(09:00-10:30)","","없음","목",1,2
2228,"미정","전공선택","ECO3003-11741-","화폐금융","남덕우",3,"월(10:30-12:00),수(10:30-12:00)","","없음","수",2,4
2229,"미정","전공선택","ECO2032-12559-","거시경제2:경기변동과경제성장","황선주",3,"화(13:00-14:30),목(13:00-14:30)","","없음","목",5,6
2230,"미정","전공선택","CUL0203-11730-","AI시대쓰기의힘","노희호",2,"화(09:00-11:00)","","없음","화",1,3
2231,"미정","전공선택","GEN5100-12566-","커리어개발Ⅱ:취.창업진로포트폴리오","민병규",1,"화(16:00-17:00)","","없음","화",8,9
2232,"미정","전공선택","CUL0203-12403-","AI시대쓰기의힘","박주혜",2,"화(09:00-11:00)","","없음","화",1,3
2233,"미정","전공선택","CUL0011-12482-","창의적컴퓨팅","조인순",3,"시간미지정강좌,목(13:00-15:00)","","없음",,,
2234,"미정","전공선택","ECO3076-10520-","재무금융IT","한효진",3,"화(13:00-14:30),목(13:00-14:30)","","없음","목",5,6
2235,"미정","전공선택","ECO4081-10527-","계산금융의기초","이정환",3,"화(13:00-14:30),목(13:00-14:30)","","없음","목",5,6
2236,"미정","전공선택","ECO1021-12556-","재무회계의기초","박춘원",3,"월(10:30-12:00),수(10:30-12:00)","","없음","수",2,4
2237,"미정","전공선택","ECO2059-12557-","재무경제","이정환",3,"화(14:30-16:00),목(14:30-16:00)","","없음","목",6,8
2238,"미정","전공선택","GEN5100-12569-","커리어개발Ⅱ:취.창업진로포트폴리오","이정환",1,"화(16:00-17:00)","","없음","화",8,9
2239,"미정","전공선택","ECO1021-11733-","재무회계의기초","박춘원",3,"월(09:00-10:30),수(09:00-10:30)","","없음","수",1,2
2240,"미정","전공선택","ECO1023-11734-","경제금융기초(중국어강의)","박춘원",3,"목(09:00-10:30),목(10:30-12:00)","","없음","목",2,4
2241,"미정","전공선택","ECO2033-12561-","미시경제2:시장구조와후생","이준태",3,"월(13:00-14:30),월(14:30-16:00)","","없음","월",6,8
2242,"미정","전공선택","GEN5100-12568-","커리어개발Ⅱ:취.창업진로포트폴리오","Shen yang",1,"화(16:00-17:00)","","없음","화",8,9
2243,"미정","전공선택","ECO3092-10523-","사회보장과노동정책","박철성",3,"월(13:00-14:30),수(13:00-14:30)","","없음","수",5,6
2244,"미정","전공선택","GEN5100-10529-","커리어개발Ⅱ:취.창업진로포트폴리오","김영산",1,"화(16:00-17:00)","","없음","화",8,9
2245,"미정","전공선택","CUL0011-12481-","창의적컴퓨팅","박주열",3,"시간미지정강좌,화(13:00-15:00)","","없음",,,
2246,"미정","전공선택","CUL0203-12405-","AI시대쓰기의힘","육영주",2,"수(13:00-15:00)","","없음","수",5,7
2247,"미정","전공선택","GEN5100-12565-","커리어개발Ⅱ:취.창업진로포트폴리오","노승화",1,"화(16:00-17:00)","","없음","화",8,9
2248,"미정","전공선택","GEN5100-12571-","커리어개발Ⅱ:취.창업진로포트폴리오","최자원",1,"화(16:00-17:00)","","없음","화",8,9
2249,"미정","전공선택","CUL0203-12402-","AI시대쓰기의힘","문혜연",2,"화(09:00-11:00)","","없음","화",1,3
2250,"미정","전공선택","ECO3047-10515-","국제무역과통상정책","Shen yang",3,"화(10:30-12:00),목(10:30-12:00)","","없음","목",2,4
2251,"미정","전공선택","ECO3068-10518-","산업조직과공정거래","김영산",3,"수(10:30-12:00),금(10:30-12:00)","","없음","금",2,4
2252,"미정","전공선택","ECO2059-11739-","재무경제","민병규",3,"월(13:00-14:30),수(13:00-14:30)","","없음","수",5,6
2253,"미정","전공선택","ECO2064-11740-","경제제도의역사적분석","하정엽",3,"화(13:00-14:30),목(13:00-14:30)","","없음","목",5,6
2254,"미정","전공선택","ECO2059-12558-","재무경제","민병규",3,"월(16:00-17:30),수(16:00-17:30)","","없음","수",8,9
2255,"미정","전공선택","ECO3003-12563-","화폐금융","유혜미",3,"화(10:30-12:00),목(10:30-12:00)","","없음","목",2,4
2256,"미정","전공선택","ECO1005-11732-","경제통계분석","김명직",3,"금(09:00-10:30),금(10:30-12:00)","","없음","금",2,4
2257,"미정","전공선택","ECO2028-11735-","거시경제1:국민소득과물가","남덕우",3,"월(14:30-16:00),수(14:30-16:00)","","없음","수",6,8
2258,"미정","전공선택","ECO2033-11738-","미시경제2:시장구조와후생","김광호",3,"월(09:00-10:30),수(09:00-10:30)","","없음","수",1,2
2259,"미정","전공선택","GEN5100-12570-","커리어개발Ⅱ:취.창업진로포트폴리오","조대하",1,"화(16:00-17:00)","","없음","화",8,9
2260,"미정","전공선택","ECO3074-10519-","선물과옵션","유진",3,"금(15:00-16:30),금(16:30-18:00)","","없음","금",8,10
2261,"미정","전공선택","CUL0011-12480-","창의적컴퓨팅","신수연",3,"시간미지정강좌,화(13:00-15:00)","","없음",,,
2262,"미정","전공선택","ECO2032-12560-","거시경제2:경기변동과경제성장","윤영진",3,"월(09:00-10:30),수(09:00-10:30)","","없음","수",1,2
2263,"미정","전공선택","PER0003-10892-","생각과논리","김순자",3,"목(13:00-14:30),목(14:30-16:00)","","없음","목",6,8
2264,"미정","전공선택","PER4015-10897-","한국드라마와화용론","김순자",3,"월(13:00-14:30),월(14:30-16:00)","","없음","월",6,8
2265,"미정","전공선택","ITC3009-10938-","텍스트마이닝","김동성",3,"목(13:00-14:30),목(14:30-16:00)","","없음","목",6,8
2266,"미정","전공선택","INV2002-12101-","사회적금융과미래혁신","전영수",3,"월(09:00-10:30),월(10:30-12:00)","","없음","월",2,4
2267,"미정","전공선택","INV2003-12102-","사회혁신공감실습","서현선",3,"목(16:00-17:00),목(17:00-19:00)","","없음","목",9,10
2268,"미정","전공선택","VEN2027-12139-","Understanding K-Pop Industry","Jason Russell Bechervaise",3,"수(13:00-14:30),수(14:30-16:00)","","없음","수",6,8
2269,"미정","전공선택","INV3007-10918-","임팩트측정및커뮤니케이션","이호영",3,"금(16:00-17:00),금(17:00-19:00)","","없음","금",9,10
2270,"미정","전공선택","VEN4005-10969-","비즈니스리서치와분석","이선영",3,"월(13:00-14:30),월(14:30-16:00)","","없음","월",6,8
2271,"미정","전공선택","KOR2068-12082-","한국어의사소통","장민정",3,"목(09:00-10:30),목(10:30-12:00)","","없음","목",2,4
2272,"미정","전공선택","INV2015-12105-","사회혁신과임팩트비즈니스","김민석",3,"목(16:00-18:00),목(18:00-19:00)","","없음","목",10,10
2273,"미정","전공선택","VEN2020-13153-","소비자행동과콘텐츠제작","이지영",3,"목(10:00-11:30),목(11:30-13:00)","","없음","목",3,5
2274,"미정","전공선택","DIS1015-13156-","Business and Environmental Ethics","John M. McGuire",3,"월(13:00-14:30),월(14:30-16:00)","","없음","월",6,8
2275,"미정","전공선택","VEN2019-12133-","한국문화와한류","윤성원",3,"화(13:00-14:30),화(14:30-16:00)","","없음","화",6,8
2276,"미정","전공선택","VEN2019-13158-","한국문화와한류","윤성원",3,"수(13:00-14:30),수(14:30-16:00)","","없음","수",6,8
2277,"미정","전공선택","CEC0013-10532-","무역중국어","오창학",3,"월(16:00-17:30),월(17:30-19:00)","","없음","월",9,10
2278,"미정","전공선택","CEC0020-10536-","중국기업의이해","민귀식",3,"화(09:00-10:30),화(10:30-12:00)","","없음","화",2,4
2279,"미정","전공선택","CEC2001-11747-","거시경제학입문","노동운",3,"월(14:30-16:00),수(14:30-16:00)","","없음","수",6,8
2280,"미정","전공선택","DSD4002-11142-","디지털정책트렌드","김대중",3,"목(13:00-14:30),목(14:30-16:00)","","없음","목",6,8
2281,"미정","전공선택","CEC4001-10538-","중국산업론","장보영",3,"목(16:00-17:30),목(17:30-19:00)","","없음","목",9,10
2282,"미정","전공선택","ECO3047-11748-","국제무역과통상정책","송원진",3,"금(13:00-14:30),금(14:30-16:00)","","없음","금",6,8
2283,"미정","전공선택","INV2011-12104-","SDGs와인권","김윤정",3,"목(13:00-15:00),목(15:00-16:00)","","없음","목",7,8
2284,"미정","전공선택","BIG2006-12111-","R과자료시각화","정재홍",3,"월(09:00-11:00),월(11:00-12:00)","","없음","월",3,4
2285,"미정","전공선택","CUL1189-12119-","Contemporary Korean Studies","David Tizzard",3,"금(09:00-10:30),금(10:30-12:00)","","없음","금",2,4
2286,"미정","전공선택","ECO1006-12122-","미시경제원론","이선영",3,"시간미지정강좌,시간미지정강좌","","없음",,,
2287,"미정","전공선택","GEN3096-12126-","Modern Stress and You","Nathan John Lucas",2,"화(10:00-12:00)","","없음","화",2,4
2288,"미정","전공선택","PER2022-12083-","시장경제의이해","소근주",3,"목(16:00-17:30),목(17:30-19:00)","","없음","목",9,10
2289,"미정","전공선택","GEN4091-12127-","과학기술의철학적이해","박민아",3,"목(13:30-15:00)","","없음","목",5,7
2290,"미정","전공선택","SYG0002-12086-","직업과인력관리","이상민",3,"시간미지정강좌,시간미지정강좌","","없음",,,
2291,"미정","전공선택","GEN2052-12125-","미분적분학1","정민구",3,"월(09:00-10:30),수(09:00-10:30)","","없음","수",1,2
2292,"미정","전공선택","VEN2026-12138-","Platform Revolution and Culture Industry","Jason Russell Bechervaise",3,"목(14:00-15:30),목(15:30-17:00)","","없음","목",7,9
2293,"미정","전공선택","VEN2025-12137-","Media Communication in Korea","Jason Russell Bechervaise",3,"목(09:00-10:30),목(10:30-12:00)","","없음","목",2,4
2294,"미정","전공선택","GEN0072-12124-","일반화학및실험","이경림",3,"목(15:00-17:00),목(17:00-19:00)","","없음","목",9,10
2295,"미정","전공선택","PPL4018-12128-","한국경제론","이선영",3,"수(13:00-14:30),수(14:30-16:00)","","없음","수",6,8
2296,"미정","전공선택","CEC3001-10537-","중국사회현안세미나","최원선",3,"수(16:00-17:30),수(17:30-19:00)","","없음","수",9,10
2297,"미정","전공선택","CUL1189-13157-","Contemporary Korean Studies","David Tizzard",3,"월(09:00-10:30),월(10:30-12:00)","","없음","월",2,4
2298,"미정","전공선택","VEN2029-12533-","Korean for Beginners","김상환",3,"시간미지정강좌,시간미지정강좌","","없음",,,
2299,"미정","전공선택","VEN2022-13148-","과학기술혁명","박민아",3,"시간미지정강좌,시간미지정강좌","","없음",,,
2300,"미정","전공선택","ENE4019-13151-","컴퓨터네트워크","원영준",3,"화(09:00-10:30),화(10:30-12:00)","","없음","화",2,4
2301,"미정","전공선택","VEN3022-13152-","기초비즈니스통계","이선영",3,"월(09:00-10:30),월(10:30-12:00)","","없음","월",2,4
2302,"미정","전공선택","INV3013-10921-","로컬리즘과사회혁신","박창용",3,"금(16:00-18:00),금(18:00-19:00)","","없음","금",10,10
2303,"미정","전공선택","INV4004-10924-","테크포임팩트프랙티컴","유재연",3,"월(18:00-20:00),월(20:00-21:00)","","없음","월",10,10
2304,"미정","전공선택","INV4005-10925-","ESG프랙티컴","이태호",3,"수(15:00-17:00),수(17:00-18:00)","","없음","수",9,10
2305,"미정","전공선택","APS2007-12289-","정보시각화","박남훈",3,"수(13:00-14:30),수(14:30-16:00)","","없음","수",6,8
2306,"미정","전공선택","VEN3023-10966-","비즈니스행동경제학","이선영",3,"수(09:00-10:30),수(10:30-12:00)","","없음","수",2,4
2307,"미정","전공선택","BIG4001-10936-","응용회귀분석","차경준",3,"월(13:00-14:30),월(14:30-16:00)","","없음","월",6,8
2308,"미정","전공선택","CEC0017-10534-","중국전통인재론과리더십","민귀식",3,"화(13:00-14:30),화(14:30-16:00)","","없음","화",6,8
2309,"미정","전공선택","CEC0018-10535-","중국외교정책론","허재철",3,"금(16:00-17:30),금(17:30-19:00)","","없음","금",9,10
2310,"미정","전공선택","CEC0016-11746-","중국문화콘텐츠의이해","이현민",3,"화(16:00-17:30),화(17:30-19:00)","","없음","화",9,10
2311,"미정","전공선택","PER3025-10896-","한국어프레젠테이션","엄태경",3,"수(13:00-14:30),수(14:30-16:00)","","없음","수",6,8
2312,"미정","전공선택","FET3003-11027-","에너지기후변화정책연구","박수황",3,"금(16:00-17:30),금(17:30-19:00)","","없음","금",9,10
2313,"미정","전공선택","CEC0002-11744-","현대중국사회의이해","최원선",3,"화(13:00-14:30),화(14:30-16:00)","","없음","화",6,8
2314,"미정","전공선택","PER2037-12084-","한류와한국대중문화","김민혁",3,"화(13:00-15:00),화(15:00-16:00)","","없음","화",7,8
2315,"미정","전공선택","SYG0001-12085-","글로컬국제경영","임형록",3,"시간미지정강좌,시간미지정강좌","","없음",,,
2316,"미정","전공선택","CUL1115-12118-","Aesthetic Awareness in the Modern World","Gary Joseph Turnham",2,"화(14:00-16:00)","","없음","화",6,8
2317,"미정","전공선택","DCC2030-12121-","디지털마케팅","홍수지",3,"금(13:00-14:30),금(14:30-16:00)","","없음","금",6,8
2318,"미정","전공선택","VEN1001-12129-","현대사회와마케팅","이선영",3,"시간미지정강좌,시간미지정강좌","","없음",,,
2319,"미정","전공선택","VEN2024-12136-","Cultural Industry and Data Analysis","Jason Russell Bechervaise",3,"금(09:00-10:30),금(10:30-12:00)","","없음","금",2,4
2320,"미정","전공선택","VEN2028-12140-","From Oldboy to Squid Game: Navigating the Korean Cultural Wave","Jason Russell Bechervaise",3,"시간미지정강좌,시간미지정강좌","","없음",,,
2321,"미정","전공선택","VEN2030-12141-","Global Entrepreneurship_Launch your startup","배태준",3,"시간미지정강좌,시간미지정강좌","","없음",,,
2322,"미정","전공선택","BIG3005-10934-","사회연결망분석과텍스트마이닝","김동성",3,"목(09:00-11:00),목(11:00-12:00)","","없음","목",3,4
2323,"미정","전공선택","INV3010-12106-","Age-tech와AI혁신","장진호",3,"금(13:00-15:00),금(15:00-16:00)","","없음","금",7,8
2324,"미정","전공선택","PPL2024-11763-","행정법학2","이호용",3,"월(10:30-12:00)","","없음","월",2,4
2325,"미정","전공선택","PPL2027-11764-","형법학1","이상훈",3,"금(09:00-10:30),금(10:30-12:00)","","없음","금",2,4
2326,"미정","전공선택","CUL1138-12519-","인공지능과기계학습","성기혁",2,"시간미지정강좌","","없음",,,
2327,"미정","전공선택","PPL2005-11762-","경제원론","정석균",3,"화(13:00-14:30),수(13:00-14:30)","","없음","수",5,6
2328,"미정","전공선택","CUL1138-12521-","인공지능과기계학습","성기혁",2,"시간미지정강좌","","없음",,,
2329,"미정","전공선택","CUL1138-12522-","인공지능과기계학습","성기혁",2,"시간미지정강좌","","없음",,,
2330,"미정","전공선택","CUL1122-11964-","창의적프로그래밍","장병철",2,"월(09:00-10:00),월(10:00-11:00)","","없음","월",2,3
2331,"미정","전공선택","PAD2055-11966-","행정계량분석","오성수",3,"금(09:00-10:00),금(10:00-12:00)","","없음","금",2,4
2332,"미정","전공선택","PPL1021-11973-","헌법과기본권","정광현",3,"수(14:30-16:00),목(14:30-16:00)","","없음","목",6,8
2333,"미정","전공선택","PAD4048-10731-","창의행정캡스톤디자인","오성수",3,"월(13:00-14:30),월(14:30-16:00)","","없음","월",6,8
2334,"미정","전공선택","CUL1122-12527-","창의적프로그래밍","조문기",2,"목(09:00-10:00),목(10:00-11:00)","","없음","목",2,3
2335,"미정","전공선택","CUL1122-12529-","창의적프로그래밍","조문기",2,"목(15:00-16:00),목(16:00-17:00)","","없음","목",8,9
2336,"미정","전공선택","PPL1021-12621-","헌법과기본권","김선화",3,"화(16:00-17:30),화(17:30-19:00)","","없음","화",9,10
2337,"미정","전공선택","PPL2005-12619-","경제원론","강성훈",3,"월(13:00-14:30),월(14:30-16:00)","","없음","월",6,8
2338,"미정","전공선택","PBL4017-12627-","정책연구캡스톤PBL(인식적합리성연구)","정재민",3,"목(14:30-16:00),금(14:30-15:00),금(15:00-16:00)","","없음","금",7,8
2339,"미정","전공선택","PBL4017-12628-","정책연구캡스톤PBL(정책문제진단과대안제시)","이석환",3,"화(09:00-11:00),수(16:00-17:00)","","없음","수",8,9
2340,"미정","전공선택","GEN5100-12630-","커리어개발Ⅱ:취.창업진로포트폴리오","최돈위",1,"금(11:00-12:00)","","없음","금",3,4
2341,"미정","전공선택","GEN5100-10540-","커리어개발Ⅱ:취.창업진로포트폴리오","백명호",1,"화(16:00-17:00)","","없음","화",8,9
2342,"미정","전공선택","PPL2010-10542-","현대정치학이론","오현진",3,"금(13:00-14:30),금(14:30-16:00)","","없음","금",6,8
2343,"미정","전공선택","PSD3015-10550-","정치경제론","길정아",3,"월(13:00-14:30),수(13:00-14:30)","","없음","수",5,6
2344,"미정","전공선택","ECO2038-11754-","미시경제학2","백명호",3,"화(13:00-14:30)","","없음","화",5,6
2345,"미정","전공선택","PPL1021-11761-","헌법과기본권","정란",3,"목(09:00-10:30),목(10:30-12:00)","","없음","목",2,4
2346,"미정","전공선택","PAD3004-11757-","정책학개론","이석환",3,"수(10:30-12:00),목(10:30-12:00)","","없음","목",2,4
2347,"미정","전공선택","PPL1018-11760-","민사법1","이도국",3,"수(16:00-17:30)","","없음","수",8,9
2348,"미정","전공선택","CUL1138-11752-","인공지능과기계학습","성기혁",2,"시간미지정강좌","","없음",,,
2349,"미정","전공선택","GEN6032-12351-","전문학술영어","Joshua Huewe",3,"월(16:00-17:30),목(14:30-16:00)","","없음","목",6,8
2350,"미정","전공선택","ECO3002-10539-","재정학","강성훈",3,"월(10:30-12:00),화(10:30-12:00)","","없음","화",2,4
2351,"미정","전공선택","GEN5100-12613-","커리어개발Ⅱ:취.창업진로포트폴리오","이석환",1,"화(14:30-15:30)","","없음","화",6,7
2352,"미정","전공선택","GEN5100-12617-","커리어개발Ⅱ:취.창업진로포트폴리오","오현진",1,"월(16:00-17:00)","","없음","월",8,9
2353,"미정","전공선택","GEN5100-12615-","커리어개발Ⅱ:취.창업진로포트폴리오","강성훈",1,"화(13:00-14:00)","","없음","화",5,6
2354,"미정","전공선택","PPL4016-10546-","현대사회의윤리적쟁점들","정재민",3,"목(13:00-14:30),금(13:00-14:30)","","없음","금",5,6
2355,"미정","전공선택","PPL4029-10549-","형사소송론","김준호",3,"금(16:00-17:30),금(17:30-19:00)","","없음","금",9,10
2356,"미정","전공선택","CUL1138-12518-","인공지능과기계학습","성기혁",2,"시간미지정강좌","","없음",,,
2357,"미정","전공선택","PAD3072-10729-","정책실험론","이건",3,"월(13:00-14:00),월(14:00-16:00)","","없음","월",6,8
2358,"미정","전공선택","PAD4015-10730-","정책분석평가론","오민지",3,"수(09:00-10:30),수(10:30-12:00)","","없음","수",2,4
2359,"미정","전공선택","PAD2060-11968-","행정학의핵심주제","김석은",3,"화(16:00-17:30),목(16:00-17:30)","","없음","목",8,9
2360,"미정","전공선택","PAD3002-11970-","재무행정론","강혜원",3,"수(09:00-10:30),목(09:00-10:30)","","없음","목",1,2
2361,"미정","전공선택","PPL2005-11974-","경제원론","노동운",3,"월(10:30-12:00),수(10:30-12:00)","","없음","수",2,4
2362,"미정","전공선택","CUL1122-12525-","창의적프로그래밍","박주열",2,"화(09:00-10:00),화(10:00-11:00)","","없음","화",2,3
2363,"미정","전공선택","CUL1122-12524-","창의적프로그래밍","신수연",2,"월(15:00-16:00),월(16:00-17:00)","","없음","월",8,9
2364,"미정","전공선택","CUL1122-12526-","창의적프로그래밍","지정은",2,"화(09:00-10:00),화(10:00-11:00)","","없음","화",2,3
2365,"미정","전공선택","CUL0204-11751-","통합사고와읽기의기술","정애진",2,"수(09:00-11:00)","","없음","수",1,3
2366,"미정","전공선택","PPL3031-10544-","헌법과공공정책","정란",3,"목(13:00-14:30),목(14:30-16:00)","","없음","목",6,8
2367,"미정","전공선택","CUL1122-12523-","창의적프로그래밍","조인순",2,"월(11:00-12:00),월(12:00-13:00)","","없음","월",4,5
2368,"미정","전공선택","PPL4002-10545-","추리와문제해결","최원배",3,"월(13:00-14:30),월(14:30-16:00)","","없음","월",6,8
2369,"미정","전공선택","PPL4023-10548-","민사법3","이도국",3,"수(13:00-14:30)","","없음","수",5,6
2370,"미정","전공선택","CUL1122-12528-","창의적프로그래밍","지정은",2,"목(09:00-10:00),목(10:00-11:00)","","없음","목",2,3
2371,"미정","전공선택","GEN5100-12614-","커리어개발Ⅱ:취.창업진로포트폴리오","정재민",1,"목(16:00-17:00)","","없음","목",8,9
2372,"미정","전공선택","GEN5100-10726-","커리어개발Ⅱ:취.창업진로포트폴리오","김석은",1,"화(13:00-14:00)","","없음","화",5,6
2373,"미정","전공선택","CUL1122-12530-","창의적프로그래밍","김도희",2,"금(09:00-10:00),금(10:00-11:00)","","없음","금",2,3
2374,"미정","전공선택","CUL1122-12532-","창의적프로그래밍","장병철",2,"금(15:00-16:00),금(16:00-17:00)","","없음","금",8,9
2375,"미정","전공선택","PBL4017-10541-","정책연구캡스톤PBL(한국사회정책이슈의법적해결)","이호용",3,"금(09:00-11:00),금(11:00-12:00)","","없음","금",3,4
2376,"미정","전공선택","PPL1007-12620-","비판적사고","이덕균",3,"금(13:00-14:30),금(14:30-16:00)","","없음","금",6,8
2377,"미정","전공선택","PPL3029-10543-","사회철학의이해","허성범",3,"목(16:00-17:30),목(17:30-19:00)","","없음","목",9,10
2378,"미정","전공선택","CUL0201-11750-","상상과학성찰","정덕환",2,"화(09:00-11:00)","","없음","화",1,3
2379,"미정","전공선택","PPL1018-12622-","민사법1","이도국",3,"목(14:30-16:00)","","없음","목",6,8
2380,"미정","전공선택","PAD2062-11969-","AI행정과데이터분석","강혜원",3,"수(13:00-14:30),목(13:00-14:30)","","없음","목",5,6
2381,"미정","전공선택","PAD3004-11971-","정책학개론","김정수",3,"화(14:30-16:00)","","없음","화",6,8
2382,"미정","전공선택","PPL1007-11972-","비판적사고","이덕균",3,"금(09:00-10:30),금(10:30-12:00)","","없음","금",2,4
2383,"미정","전공선택","CUL1138-12516-","인공지능과기계학습","성기혁",2,"시간미지정강좌","","없음",,,
2384,"미정","전공선택","GEN6032-12352-","전문학술영어","Nathan John Lucas",3,"월(16:00-17:30),목(14:30-16:00)","","없음","목",6,8
2385,"미정","전공선택","PPL1018-12623-","민사법1","이도국",3,"목(16:00-17:30)","","없음","목",8,9
2386,"미정","전공선택","PAD3004-12624-","정책학개론","이석환",3,"수(13:00-14:30),목(13:00-14:30)","","없음","목",5,6
2387,"미정","전공선택","PPL2024-12626-","행정법학2","윤진아",3,"수(13:00-14:30),수(14:30-16:00)","","없음","수",6,8
2388,"미정","전공선택","CUL0204-12424-","통합사고와읽기의기술","전철희",2,"수(09:00-11:00)","","없음","수",1,3
2389,"미정","전공선택","CUL0204-12425-","통합사고와읽기의기술","이은실",2,"수(09:00-11:00)","","없음","수",1,3
2390,"미정","전공선택","PBL4017-12629-","정책연구캡스톤PBL(양극화시대의사회갈등과민주주의)","오현진",3,"월(09:00-11:00),월(11:00-12:00)","","없음","월",3,4
2391,"미정","전공선택","CUL0201-12476-","상상과학성찰","장신혜",2,"화(09:00-11:00)","","없음","화",1,3
2392,"미정","전공선택","CUL1138-12520-","인공지능과기계학습","성기혁",2,"시간미지정강좌","","없음",,,
2393,"미정","전공선택","ECO2037-11753-","거시경제학2","정석균",3,"화(14:30-16:00),수(14:30-16:00)","","없음","수",6,8
2394,"미정","전공선택","GEN6032-11756-","전문학술영어","Younghwa Choi-Hong",3,"월(16:00-17:30),목(14:30-16:00)","","없음","목",6,8
2395,"미정","전공선택","PPL1007-11758-","비판적사고","이준효",3,"월(09:00-10:30),월(10:30-12:00)","","없음","월",2,4
2396,"미정","전공선택","PPL1011-11759-","근대사상의전개","민찬홍",3,"화(09:00-10:30),화(10:30-12:00)","","없음","화",2,4
2397,"미정","전공선택","CUL0201-12477-","상상과학성찰","정세권",2,"화(09:00-11:00)","","없음","화",1,3
2398,"미정","전공선택","PAD3068-10727-","규제정책론","김태윤",3,"금(13:00-14:30),금(14:30-16:00)","","없음","금",6,8
2399,"미정","전공선택","PAD3070-10728-","성과관리론","김석은",3,"화(10:30-12:00),목(10:30-12:00)","","없음","목",2,4
2400,"미정","전공선택","CUL1138-12517-","인공지능과기계학습","성기혁",2,"시간미지정강좌","","없음",,,
2401,"미정","전공선택","PPL4018-10547-","한국경제론","백명호",3,"월(14:30-16:00),화(14:30-16:00)","","없음","화",6,8
2402,"미정","전공선택","GEN6032-12350-","전문학술영어","John Finucane",3,"월(16:00-17:30),목(14:30-16:00)","","없음","목",6,8
2403,"미정","전공선택","PAD2056-11967-","지방자치론","박순종",3,"금(13:00-14:30),금(14:30-16:00)","","없음","금",6,8
2404,"미정","전공선택","GEN5100-12616-","커리어개발Ⅱ:취.창업진로포트폴리오","이도국",1,"수(14:30-15:30)","","없음","수",6,7
2405,"미정","전공선택","CUL1122-12531-","창의적프로그래밍","성기혁",2,"금(09:00-10:00),금(10:00-11:00)","","없음","금",2,3
2406,"미정","전공선택","GEN5100-10668-","커리어개발Ⅱ:취.창업진로포트폴리오","우종희",1,"화(17:00-18:00)","","없음","화",9,10
2407,"미정","전공선택","DAN3059-10676-","무용전공실기6","서연수",2,"월(13:00-15:00)","","없음","월",5,7
2408,"미정","전공선택","D-C3081-10655-","문화이론연구","김경욱",3,"목(16:00-17:30),목(17:30-19:00)","","없음","목",9,10
2409,"미정","전공선택","DAN3070-10677-","실기워크샵","배진호",2,"수(11:00-13:00)","","없음","수",3,5
2410,"미정","전공선택","DAN3091-10680-","전공레파토리6.정기공연","이주현",2,"수(13:00-15:00)","","없음","수",5,7
2411,"미정","전공선택","DAN4053-10681-","무용전공실기8","손관중",2,"금(15:00-17:00)","","없음","금",7,9
2412,"미정","전공선택","D-C1030-11874-","무대제작실습","권용",2,"목(15:00-17:00)","","없음","목",7,9
2413,"미정","전공선택","D-C2075-11880-","시나리오창작","이홍래",2,"목(15:00-17:00)","","없음","목",7,9
2414,"미정","전공선택","D-C2095-11887-","세계영화역사","정태수",3,"목(11:00-12:30),목(12:30-14:00)","","없음","목",4,6
2415,"미정","전공선택","DAN1008-11900-","무용즉흥","한정미",2,"목(09:00-11:00)","","없음","목",1,3
2416,"미정","전공선택","DAN2020-11909-","동작분석및표현","강해성",2,"금(15:00-17:00)","","없음","금",7,9
2417,"미정","전공선택","CUL0202-11870-","문화기술인간","김봉국",2,"월(11:00-13:00)","","없음","월",3,5
2418,"미정","전공선택","D-C1029-11873-","공연개론","김준희",2,"화(13:00-15:00)","","없음","화",5,7
2419,"미정","전공선택","D-C2082-11881-","다큐멘터리영화역사","조혜영",3,"수(09:00-10:30),수(10:30-12:00)","","없음","수",2,4
2420,"미정","전공선택","D-C2092-11884-","상상과표현기법2","김선",2,"수(11:00-13:00)","","없음","수",3,5
2421,"미정","전공선택","DAN1065-11904-","전공레파토리2.정기공연","정윤정",2,"화(13:00-15:00)","","없음","화",5,7
2422,"미정","전공선택","DAN2019-11908-","무용심리","박서영",2,"수(11:00-13:00)","","없음","수",3,5
2423,"미정","전공선택","DAN2060-11912-","전공레파토리4.정기공연","서연수",2,"월(11:00-13:00)","","없음","월",3,5
2424,"미정","전공선택","DAN2064-11913-","사회문화예술교육개발연구","염정우",2,"금(11:00-13:00)","","없음","금",3,5
2425,"미정","전공선택","DAN2052-11911-","무용교육현장리서치","신경아",2,"월(11:00-13:00)","","없음","월",3,5
2426,"미정","전공선택","DSI2024-10984-","스포츠광고실습","김남호",3,"수(16:00-17:30),수(17:30-19:00)","","없음","수",9,10
2427,"미정","전공선택","DSI3020-10986-","스포츠소비자행동론","신성연",3,"수(13:00-14:30),수(14:30-16:00)","","없음","수",6,8
2428,"미정","전공선택","PHE4072-10991-","스포츠창업론","김은중",3,"화(13:00-14:30),화(14:30-16:00)","","없음","화",6,8
2429,"미정","전공선택","DCE4002-12169-","스포츠사회학","조성식",3,"월(13:00-14:30),월(14:30-16:00)","","없음","월",6,8
2430,"미정","전공선택","DSI2025-12170-","e스포츠론","양희민",3,"수(13:00-14:30),수(14:30-16:00)","","없음","수",6,8
2431,"미정","전공선택","PHE5038-11021-","체육학실험연구캡스톤디자인II","박진국",1,"월(11:00-12:00)","","없음","월",3,4
2432,"미정","전공선택","DSI3029-12171-","국제스포츠비즈니스전략","박성배",3,"수(10:30-12:00),금(10:30-12:00)","","없음","금",2,4
2433,"미정","전공선택","PHE1044-12217-","그룹운동","우지인",2,"금(15:00-17:00)","","없음","금",7,9
2434,"미정","전공선택","DSI3027-10987-","축구문화산업론","이종성",3,"화(14:30-16:00),목(14:30-16:00)","","없음","목",6,8
2435,"미정","전공선택","DSI4006-10988-","스포츠산업현장실습2","계은영",3,"수(13:00-16:00)","","없음","수",5,8
2436,"미정","전공선택","PHE3122-12221-","체육시설안전관리","이성노",2,"금(15:00-17:00)","","없음","금",7,9
2437,"미정","전공선택","DSI4032-10989-","스포츠에이전트실무","박민",3,"월(13:00-14:30),월(14:30-16:00)","","없음","월",6,8
2438,"미정","전공선택","HYP2003-11011-","스포츠사이언스HY-UP(실용연구실습)2","시다르타 비크람 판데이",1,"수(15:00-16:00)","","없음","수",7,8
2439,"미정","전공선택","PHE5013-11019-","고령자운동과건강","박수현",2,"금(09:00-11:00)","","없음","금",1,3
2440,"미정","전공선택","DSI3030-12172-","스포츠공공정책론","이종성",3,"화(10:30-12:00),목(10:30-12:00)","","없음","목",2,4
2441,"미정","전공선택","GEN6032-12173-","전문학술영어","Ed Topliffe",3,"화(14:30-16:00),금(16:00-17:30)","","없음","금",8,9
2442,"미정","전공선택","D-C2082-12575-","다큐멘터리영화역사","조혜영",3,"수(12:00-13:30),수(13:30-15:00)","","없음","수",5,7
2443,"미정","전공선택","PBL4002-12590-","연극영화캡스톤PBL(영화비즈니스입문)","길종철",3,"목(15:00-16:00),목(16:00-18:00)","","없음","목",8,10
2444,"미정","전공선택","DAN2060-12599-","전공레파토리4.정기공연","조원석",2,"화(15:00-17:00)","","없음","화",7,9
2445,"미정","전공선택","DAN4013-12600-","무용전공실기4","김소연",2,"월(15:00-17:00)","","없음","월",7,9
2446,"미정","전공선택","GEN5100-12583-","커리어개발Ⅱ:취.창업진로포트폴리오","이상인",1,"수(18:00-19:00)","","없음","수",10,10
2447,"미정","전공선택","D-C3090-12586-","연출과디자인세미나4","전순열",2,"화(11:00-13:00)","","없음","화",3,5
2448,"미정","전공선택","GEN5100-12592-","커리어개발Ⅱ:취.창업진로포트폴리오","박성배",1,"월(11:00-12:00)","","없음","월",3,4
2449,"미정","전공선택","DAN4013-12601-","무용전공실기4","문지애",2,"목(13:00-15:00)","","없음","목",5,7
2450,"미정","전공선택","GEN6032-12369-","전문학술영어","Gary Joseph Turnham",3,"화(10:30-12:00),금(10:30-12:00)","","없음","금",2,4
2451,"미정","전공선택","GEN6032-12371-","전문학술영어","Shelley L. Collins",3,"화(10:30-12:00),금(10:30-12:00)","","없음","금",2,4
2452,"미정","전공선택","CUL0203-12412-","AI시대쓰기의힘","최가은",2,"월(11:00-13:00)","","없음","월",3,5
2453,"미정","전공선택","CUL0203-12413-","AI시대쓰기의힘","양진호",2,"금(09:00-11:00)","","없음","금",1,3
2454,"미정","전공선택","GEN6032-12378-","전문학술영어","Joshua Huewe",3,"화(14:30-16:00),금(16:00-17:30)","","없음","금",8,9
2455,"미정","전공선택","CUL0202-12468-","문화기술인간","홍유진",2,"월(11:00-13:00)","","없음","월",3,5
2456,"미정","전공선택","CUL0011-12483-","창의적컴퓨팅","성기혁",3,"시간미지정강좌,금(11:00-13:00)","","없음",,,
2457,"미정","전공선택","D-C3089-10657-","공동창작2","반능기",3,"수(13:00-16:00)","","없음","수",5,8
2458,"미정","전공선택","D-C3091-10659-","상상과표현기법3","김경아",2,"금(15:00-17:00)","","없음","금",7,9
2459,"미정","전공선택","D-C4088-10666-","영상미디어산업연구","김미현",3,"화(15:00-16:30),화(16:30-18:00)","","없음","화",8,10
2460,"미정","전공선택","D-C4091-10667-","블랜디드온씨어터","이선진",2,"토(15:00-17:00)","","없음","토",7,9
2461,"미정","전공선택","GEN6032-12370-","전문학술영어","Connie Park",3,"화(10:30-12:00),금(10:30-12:00)","","없음","금",2,4
2462,"미정","전공선택","DAN3029-12594-","무용전공실기2","문영철",2,"화(13:00-15:00)","","없음","화",5,7
2463,"미정","전공선택","GEN5100-12602-","커리어개발Ⅱ:취.창업진로포트폴리오","문영철",1,"화(12:00-13:00)","","없음","화",4,5
2464,"미정","전공선택","GEN6032-12377-","전문학술영어","John Finucane",3,"화(14:30-16:00),금(16:00-17:30)","","없음","금",8,9
2465,"미정","전공선택","D-C2091-12580-","연출과디자인세미나2","김경아",2,"금(13:00-15:00)","","없음","금",5,7
2466,"미정","전공선택","PBL4002-12589-","연극영화캡스톤PBL(장편시나리오개발)","길종철",3,"목(11:00-12:00),목(12:00-14:00)","","없음","목",4,6
2467,"미정","전공선택","DAN3029-12595-","무용전공실기2","박진영",2,"수(09:00-11:00)","","없음","수",1,3
2468,"미정","전공선택","GEN5100-12603-","커리어개발Ⅱ:취.창업진로포트폴리오","서연수",1,"수(15:00-16:00)","","없음","수",7,8
2469,"미정","전공선택","DAN4082-12609-","전공레파토리8.졸업작품Performance","강요찬",2,"수(15:00-17:00)","","없음","수",7,9
2470,"미정","전공선택","DAN4053-12610-","무용전공실기8","이주희",2,"목(13:00-15:00)","","없음","목",5,7
2471,"미정","전공선택","DAN4053-12611-","무용전공실기8","서연수",2,"화(13:00-15:00)","","없음","화",5,7
2472,"미정","전공선택","CUL0204-12435-","통합사고와읽기의기술","임보람",2,"목(09:00-11:00)","","없음","목",1,3
2473,"미정","전공선택","D-C4087-10665-","뮤지컬액팅테크닉3","송용진",2,"금(11:00-13:00)","","없음","금",3,5
2474,"미정","전공선택","DAN3080-10679-","무용진로특강","김남식",2,"월(11:00-13:00)","","없음","월",3,5
2475,"미정","전공선택","D-C3082-10656-","영화감독연구","김경욱",3,"목(13:00-14:30),목(14:30-16:00)","","없음","목",6,8
2476,"미정","전공선택","D-C3098-10661-","뉴미디어콘텐츠액팅&디렉팅실습","홍단비",3,"토(09:00-12:00)","","없음","토",1,4
2477,"미정","전공선택","D-C4083-10662-","연출과디자인세미나6","김준희",2,"목(13:00-15:00)","","없음","목",5,7
2478,"미정","전공선택","TEA3027-10671-","연극영화논리및논술","김석윤",3,"수(13:00-14:30),수(14:30-16:00)","","없음","수",6,8
2479,"미정","전공선택","DAN2015-10674-","서양무용사","박지원",2,"목(13:00-15:00)","","없음","목",5,7
2480,"미정","전공선택","DAN4087-10684-","유아발레지도법","정혜연",2,"목(11:00-13:00)","","없음","목",3,5
2481,"미정","전공선택","D-C4090-11890-","뉴미디어와이머시브씨어터","우종희",3,"월(11:00-14:00)","","없음","월",3,6
2482,"미정","전공선택","GEN6032-11893-","전문학술영어","S. Afflick-Smith",3,"화(10:30-12:00),금(10:30-12:00)","","없음","금",2,4
2483,"미정","전공선택","D-C1036-11879-","인터미디어스테이지콘텐츠개발랩","반능기",3,"화(12:00-13:00),화(13:00-15:00)","","없음","화",5,7
2484,"미정","전공선택","DAN1064-11903-","춤교육의이론과실제","안효선",2,"수(13:00-15:00)","","없음","수",5,7
2485,"미정","전공선택","DAN2006-11907-","발레2","김태연",2,"금(09:00-11:00)","","없음","금",1,3
2486,"미정","전공선택","DAN3029-11915-","무용전공실기2","권민찬",2,"월(09:00-11:00)","","없음","월",1,3
2487,"미정","전공선택","DAN3081-11916-","웰빙무용프로그램개발","김상진",2,"목(13:00-15:00)","","없음","목",5,7
2488,"미정","전공선택","DAN4007-11917-","창작론","박은성",2,"금(11:00-13:00)","","없음","금",3,5
2489,"미정","전공선택","DCE2016-11009-","건강교육","장희승",2,"월(11:00-13:00)","","없음","월",3,5
2490,"미정","전공선택","PHE3101-11015-","동계스포츠","김성민",2,"목(15:00-17:00)","","없음","목",7,9
2491,"미정","전공선택","D-C1035-11878-","영화제작의기초","이상인",3,"수(12:00-15:00)","","없음","수",4,7
2492,"미정","전공선택","D-C4092-11891-","인공지능융합공연창작","김가람",3,"시간미지정강좌","","없음",,,
2493,"미정","전공선택","DAN1004-11899-","현대무용2","강동희",2,"목(11:00-13:00)","","없음","목",3,5
2494,"미정","전공선택","DAN1061-11901-","한국춤의역사","엄려진",2,"금(13:00-15:00)","","없음","금",5,7
2495,"미정","전공선택","DAN2002-11905-","한국무용4","서연수",2,"목(11:00-13:00)","","없음","목",3,5
2496,"미정","전공선택","DAN3006-11914-","발레4","엄려진",2,"금(11:00-13:00)","","없음","금",3,5
2497,"미정","전공선택","PHE3068-11014-","스포츠현장실습","박진국",2,"월(09:00-11:00)","","없음","월",1,3
2498,"미정","전공선택","PHE2116-12220-","뇌과학과운동","김성민",2,"목(11:00-12:00),목(12:00-13:00)","","없음","목",4,5
2499,"미정","전공선택","DCE4002-12211-","스포츠사회학","정서임",3,"월(13:00-14:30),월(14:30-16:00)","","없음","월",6,8
2500,"미정","전공선택","D-C1031-11875-","배우와연출을위한연출실습2","우종희",2,"월(15:00-17:00)","","없음","월",7,9
2501,"미정","전공선택","PHE3102-11016-","여가레크레이션","이제승",2,"목(11:00-13:00)","","없음","목",3,5
2502,"미정","전공선택","CUL0011-12166-","창의적컴퓨팅","홍석준",3,"시간미지정강좌,금(11:00-13:00)","","없음",,,
2503,"미정","전공선택","CUL0203-12209-","AI시대쓰기의힘","김유진",2,"월(11:00-13:00)","","없음","월",3,5
2504,"미정","전공선택","D-C1029-12574-","공연개론","김준희",2,"화(15:00-17:00)","","없음","화",7,9
2505,"미정","전공선택","D-C3089-12584-","공동창작2","홍단비",3,"화(13:00-16:00)","","없음","화",5,8
2506,"미정","전공선택","D-C3091-12585-","상상과표현기법3","구원영",2,"목(11:00-13:00)","","없음","목",3,5
2507,"미정","전공선택","D-C2042-10653-","연극제작실습2","전순열",6,"토(09:00-12:00),토(12:00-15:00)","","없음","토",4,7
2508,"미정","전공선택","D-C4084-10663-","캡스톤디자인(창작희곡콘텐츠개발)","윤성호",2,"목(09:00-11:00)","","없음","목",1,3
2509,"미정","전공선택","DSI4032-12612-","스포츠에이전트실무","박민",3,"월(16:00-17:30),월(17:30-19:00)","","없음","월",9,10
2510,"미정","전공선택","DAN4068-10682-","국제발레교사자격증코스2","김상진",2,"금(13:00-15:00)","","없음","금",5,7
2511,"미정","전공선택","DAN4082-10683-","전공레파토리8.졸업작품Performance","문영철",2,"수(13:00-15:00)","","없음","수",5,7
2512,"미정","전공선택","D-C1031-12576-","배우와연출을위한연출실습2","김경아",2,"월(15:00-17:00)","","없음","월",7,9
2513,"미정","전공선택","D-C1035-12577-","영화제작의기초","이상인",3,"수(15:00-18:00)","","없음","수",7,10
2514,"미정","전공선택","D-C2092-12579-","상상과표현기법2","오성수",2,"목(11:00-13:00)","","없음","목",3,5
2515,"미정","전공선택","GEN5100-12581-","커리어개발Ⅱ:취.창업진로포트폴리오","조한준",1,"월(17:00-18:00)","","없음","월",9,10
2516,"미정","전공선택","PBL4002-12588-","연극영화캡스톤PBL(배우포트폴리오제작및오디션테크닉)","조한준",3,"월(13:00-14:00),월(14:00-16:00)","","없음","월",6,8
2517,"미정","전공선택","DAN2060-12598-","전공레파토리4.정기공연","최재혁",2,"수(15:00-17:00)","","없음","수",7,9
2518,"미정","전공선택","DAN3091-12605-","전공레파토리6.정기공연","서연수",2,"목(13:00-15:00)","","없음","목",5,7
2519,"미정","전공선택","DAN3059-12607-","무용전공실기6","이시연",2,"목(15:00-17:00)","","없음","목",7,9
2520,"미정","전공선택","CUL0203-11871-","AI시대쓰기의힘","조소명",2,"금(09:00-11:00)","","없음","금",1,3
2521,"미정","전공선택","D-C1032-11876-","상상과표현기법1","조한준",2,"화(11:00-13:00)","","없음","화",3,5
2522,"미정","전공선택","D-C2097-11888-","논픽션영상제작워크숍","이연철",3,"화(16:00-19:00)","","없음","화",8,10
2523,"미정","전공선택","DAN1062-11902-","무용음악실습과편집","한승호",2,"수(09:00-11:00)","","없음","수",1,3
2524,"미정","전공선택","DAN2004-11906-","현대무용4","이예진",2,"수(11:00-13:00)","","없음","수",3,5
2525,"미정","전공선택","D-C3090-10658-","연출과디자인세미나4","최보윤",2,"월(11:00-13:00)","","없음","월",3,5
2526,"미정","전공선택","PBL4002-10669-","연극영화캡스톤PBL(오디션테크닉)","안지은",3,"월(13:00-14:00),월(14:00-16:00)","","없음","월",6,8
2527,"미정","전공선택","DAN1052-10673-","춤과이미지","염정우",2,"금(09:00-11:00)","","없음","금",1,3
2528,"미정","전공선택","GEN5100-12582-","커리어개발Ⅱ:취.창업진로포트폴리오","정태수",1,"목(09:00-10:00)","","없음","목",1,2
2529,"미정","전공선택","GEN5100-12591-","커리어개발Ⅱ:취.창업진로포트폴리오","시다르타 비크람 판데이",1,"수(13:00-14:00)","","없음","수",5,6
2530,"미정","전공선택","PHE2104-12219-","축구","최정호",2,"수(09:00-11:00)","","없음","수",1,3
2531,"미정","전공선택","DAN1065-12597-","전공레파토리2.정기공연","문영철",2,"수(15:00-17:00)","","없음","수",7,9
2532,"미정","전공선택","DAN3091-12604-","전공레파토리6.정기공연","한윤선",2,"월(13:00-15:00)","","없음","월",5,7
2533,"미정","전공선택","PHE4112-12222-","스포츠동작분석","시다르타 비크람 판데이",2,"수(11:00-13:00)","","없음","수",3,5
2534,"미정","전공선택","GEN5100-11010-","커리어개발Ⅱ:취.창업진로포트폴리오","김성민",1,"목(13:00-14:00)","","없음","목",5,6
2535,"미정","전공선택","TEA3037-11023-","체육논리및논술","김택천",2,"화(09:00-11:00)","","없음","화",1,3
2536,"미정","전공선택","D-C3051-10654-","중급영화제작워크숍2","안성호",3,"목(09:00-12:00)","","없음","목",1,4
2537,"미정","전공선택","DAN3076-10678-","무용공연프로젝트","박한울",2,"금(11:00-13:00)","","없음","금",3,5
2538,"미정","전공선택","GEN5100-10685-","커리어개발Ⅱ:취.창업진로포트폴리오","손관중",1,"목(16:00-17:00)","","없음","목",8,9
2539,"미정","전공선택","D-C2089-11882-","이미지미학","박선",3,"화(13:00-14:30),화(14:30-16:00)","","없음","화",6,8
2540,"미정","전공선택","D-C2091-11883-","연출과디자인세미나2","이원만",2,"월(09:00-11:00)","","없음","월",1,3
2541,"미정","전공선택","D-C2093-11885-","뮤지컬액팅테크닉1","송용진",2,"금(13:00-15:00)","","없음","금",5,7
2542,"미정","전공선택","D-C2098-11889-","4차산업기술과크리에이터양성","최보윤",3,"수(09:00-10:00),수(10:00-12:00)","","없음","수",2,4
2543,"미정","전공선택","DAN1002-11898-","한국무용2","서연수",2,"화(11:00-13:00)","","없음","화",3,5
2544,"미정","전공선택","DSI2021-10983-","스포츠상품기획","이종성",3,"월(13:00-14:30),월(14:30-16:00)","","없음","월",6,8
2545,"미정","전공선택","PHE2080-11013-","유도","김형기",2,"화(15:00-17:00)","","없음","화",7,9
2546,"미정","전공선택","PHE5015-11020-","스포츠상해및재활","장희승",2,"월(13:00-15:00)","","없음","월",5,7
2547,"미정","전공선택","D-C1032-12578-","상상과표현기법1","조한준",2,"목(11:00-13:00)","","없음","목",3,5
2548,"미정","전공선택","DAN1065-12596-","전공레파토리2.정기공연","문희철",2,"화(15:00-17:00)","","없음","화",7,9
2549,"미정","전공선택","DAN3059-12606-","무용전공실기6","김은정",2,"금(11:00-13:00)","","없음","금",3,5
2550,"미정","전공선택","D-C3097-10660-","장편시나리오의이해","박찬옥",2,"화(13:00-15:00)","","없음","화",5,7
2551,"미정","전공선택","D-C4085-10664-","고급영화제작워크숍2","심광진",3,"수(15:00-18:00)","","없음","수",7,10
2552,"미정","전공선택","DAN4082-12608-","전공레파토리8.졸업작품Performance","이지희",2,"금(13:00-15:00)","","없음","금",5,7
2553,"미정","전공선택","DAN1048-10672-","무용필라테스","김설화",1,"화(11:00-12:00)","","없음","화",3,4
2554,"미정","전공선택","DAN2058-10675-","춤과미디어","이주영",2,"화(11:00-13:00)","","없음","화",3,5
2555,"미정","전공선택","D-C1033-11877-","4차산업기술과창의적예술공간","고동욱",3,"월(15:00-16:00),월(16:00-18:00)","","없음","월",8,10
2556,"미정","전공선택","D-C2094-11886-","연극사세미나","권용",2,"목(13:00-15:00)","","없음","목",5,7
2557,"미정","전공선택","DAN2028-11910-","예술의이해","김정은",2,"목(09:00-11:00)","","없음","목",1,3
2558,"미정","전공선택","DAN4013-11918-","무용전공실기4","허서명",2,"월(15:00-17:00)","","없음","월",7,9
2559,"미정","전공선택","CUL0203-12411-","AI시대쓰기의힘","정원정",2,"월(11:00-13:00)","","없음","월",3,5
2560,"미정","전공선택","PHE1049-12218-","스포츠운동과학의기초","김종희",3,"화(09:00-10:30),화(10:30-12:00)","","없음","화",2,4
2561,"미정","전공선택","GEN5100-10990-","커리어개발Ⅱ:취.창업진로포트폴리오","이종성",1,"월(11:00-12:00)","","없음","월",3,4
2562,"미정","전공선택","PHE5010-11018-","스포츠교육학","김정구",2,"월(17:00-19:00)","","없음","월",9,10
2563,"미정","전공선택","CUL0204-12167-","통합사고와읽기의기술","이나윤",2,"목(09:00-11:00)","","없음","목",1,3
2564,"미정","전공선택","APS1008-12020-","과학기술의철학적탐색","오경준",3,"수(19:00-20:30),수(20:30-22:00)","","없음","수",10,10
2565,"미정","전공선택","GEN5100-11123-","커리어개발Ⅱ:취.창업진로포트폴리오","이희정",1,"시간미지정강좌","","없음",,,
2566,"미정","전공선택","APS2011-12277-","마케팅원리","양재용",3,"토(13:00-14:30),토(14:30-16:00)","","없음","토",6,8
2567,"미정","전공선택","APS2005-12281-","확률및통계2","양재용",3,"토(09:00-10:30),토(10:30-12:00)","","없음","토",2,4
2568,"미정","전공선택","APS4019-11114-","글로벌혁신시스템","윤정원",3,"토(16:00-17:30),토(17:30-19:00)","","없음","토",9,10
2569,"미정","전공선택","ITC3014-12286-","경험서비스디자인","한지은",3,"토(09:00-10:30),토(10:30-12:00)","","없음","토",2,4
2570,"미정","전공선택","ITC3013-11125-","해석가능인공지능","정준각",3,"목(19:00-21:00),목(21:00-23:00)","","없음","목",10,10
2571,"미정","전공선택","APS2010-12276-","사회기술시스템","윤정원",3,"수(19:00-20:30),수(20:30-22:00)","","없음","수",10,10
2572,"미정","전공선택","GEN1100-12279-","공학도를위한창의적프로그래밍","박주열",2,"화(19:00-20:00),화(20:00-21:00)","","없음","화",10,10
2573,"미정","전공선택","APS1007-12385-","영어토론과발표","Joshua Huewe",3,"목(19:00-20:30),목(20:30-22:00)","","없음","목",10,10
2574,"미정","전공선택","APS1006-12391-","창조적사고와글쓰기","주효주",3,"화(19:00-20:30),화(20:30-22:00)","","없음","화",10,10
2575,"미정","전공선택","APS4012-12637-","경영공학종합설계","유승호",3,"시간미지정강좌","","없음",,,
2576,"미정","전공선택","GEN5100-12641-","커리어개발Ⅱ:취.창업진로포트폴리오","정준각",1,"시간미지정강좌","","없음",,,
2577,"미정","전공선택","APS1008-12436-","과학기술의철학적탐색","김홍규",3,"수(19:00-20:30),수(20:30-22:00)","","없음","수",10,10
2578,"미정","전공선택","APS1008-12437-","과학기술의철학적탐색","오윤정",3,"토(09:00-10:30),토(10:30-12:00)","","없음","토",2,4
2579,"미정","전공선택","GEN1100-12488-","공학도를위한창의적프로그래밍","조문기",2,"수(19:00-20:00),수(20:00-21:00)","","없음","수",10,10
2580,"미정","전공선택","GEN5100-12635-","커리어개발Ⅱ:취.창업진로포트폴리오","양재용",1,"시간미지정강좌","","없음",,,
2581,"미정","전공선택","APS3021-11110-","기술사업화","조대명",3,"토(13:00-14:30),토(14:30-16:00)","","없음","토",6,8
2582,"미정","전공선택","ITC4011-11118-","산업사물인터넷(캡스톤디자인)","주영석",3,"화(19:00-20:30),화(20:30-22:00)","","없음","화",10,10
2583,"미정","전공선택","APS1007-12384-","영어토론과발표","Brian A. Wildeboer",3,"목(19:00-20:30),목(20:30-22:00)","","없음","목",10,10
2584,"미정","전공선택","APS3017-11121-","e-비즈니스","이우열",3,"토(09:00-10:30),토(10:30-12:00)","","없음","토",2,4
2585,"미정","전공선택","ITC4008-11127-","지식공학","이희정",3,"화(19:00-20:30),화(20:30-22:00)","","없음","화",10,10
2586,"미정","전공선택","GEN5100-12640-","커리어개발Ⅱ:취.창업진로포트폴리오","박상진",1,"시간미지정강좌","","없음",,,
2587,"미정","전공선택","APS3022-11111-","지속가능경영시스템","양재용",3,"월(19:00-20:30),월(20:30-22:00)","","없음","월",10,10
2588,"미정","전공선택","APS4012-11113-","경영공학종합설계","이희정",3,"시간미지정강좌","","없음",,,
2589,"미정","전공선택","APS4021-11115-","산업문제해결컨설팅","원석호",3,"수(19:00-20:30),수(20:30-22:00)","","없음","수",10,10
2590,"미정","전공선택","FUT2014-11122-","데이터시각화","한지은",3,"화(19:00-20:30),화(20:30-22:00)","","없음","화",10,10
2591,"미정","전공선택","ITC4010-11128-","인공지능2","김영민",3,"수(19:00-20:30),수(20:30-22:00)","","없음","수",10,10
2592,"미정","전공선택","ITC4014-11129-","인간-인공지능협업제품서비스설계","정철현",3,"수(19:00-20:30),수(20:30-22:00)","","없음","수",10,10
2593,"미정","전공선택","ITC2002-12284-","디지털기술과경영","이희정",3,"수(19:00-20:30),수(20:30-22:00)","","없음","수",10,10
2594,"미정","전공선택","APS1007-12386-","영어토론과발표","Caroline Sommerville Ward",3,"목(19:00-20:30),목(20:30-22:00)","","없음","목",10,10
2595,"미정","전공선택","APS1007-12019-","영어토론과발표","John Finucane",3,"목(19:00-20:30),목(20:30-22:00)","","없음","목",10,10
2596,"미정","전공선택","APS3013-11109-","서비스경영","양재용",3,"화(19:00-20:30),화(20:30-22:00)","","없음","화",10,10
2597,"미정","전공선택","ITC3010-12285-","모바일앱프로그래밍","탁문호",3,"월(19:00-20:30),월(20:30-22:00)","","없음","월",10,10
2598,"미정","전공선택","APS1010-12632-","산업융합수학","김종현",3,"월(19:00-20:30),월(20:30-22:00)","","없음","월",10,10
2599,"미정","전공선택","APS1010-12633-","산업융합수학","최원영",3,"토(09:00-10:30),토(10:30-12:00)","","없음","토",2,4
2600,"미정","전공선택","GEN1100-12487-","공학도를위한창의적프로그래밍","신수연",2,"화(19:00-20:00),화(20:00-21:00)","","없음","화",10,10
2601,"미정","전공선택","GEN5100-12634-","커리어개발Ⅱ:취.창업진로포트폴리오","윤정원",1,"시간미지정강좌","","없음",,,
2602,"미정","전공선택","APS2010-13192-","사회기술시스템","윤정원",3,"목(19:00-20:30),목(20:30-22:00)","","없음","목",10,10
2603,"미정","전공선택","APS1007-12387-","영어토론과발표","Ed Topliffe",3,"목(19:00-20:30),목(20:30-22:00)","","없음","목",10,10
2604,"미정","전공선택","APS1007-12389-","영어토론과발표","Nathan John Lucas",3,"목(19:00-20:30),목(20:30-22:00)","","없음","목",10,10
2605,"미정","전공선택","APS1006-12390-","창조적사고와글쓰기","박수진",3,"화(19:00-20:30),화(20:30-22:00)","","없음","화",10,10
2606,"미정","전공선택","APS1006-12018-","창조적사고와글쓰기","김민혁",3,"화(19:00-20:30),화(20:30-22:00)","","없음","화",10,10
2607,"미정","전공선택","APS1008-12438-","과학기술의철학적탐색","오윤정",3,"토(13:00-14:30),토(14:30-16:00)","","없음","토",6,8
2608,"미정","전공선택","GEN5100-12636-","커리어개발Ⅱ:취.창업진로포트폴리오","최원영",1,"시간미지정강좌","","없음",,,
2609,"미정","전공선택","ITC2001-12638-","파이썬데이터분석","최원영",3,"토(13:00-14:30),토(14:30-16:00)","","없음","토",6,8
2610,"미정","전공선택","ITC3009-11124-","텍스트마이닝","정준각",3,"월(19:00-20:30),월(20:30-22:00)","","없음","월",10,10
2611,"미정","전공선택","GEN5100-12639-","커리어개발Ⅱ:취.창업진로포트폴리오","김영민",1,"시간미지정강좌","","없음",,,
2612,"미정","전공선택","ITC4007-12642-","정보공학종합설계","정준각",3,"시간미지정강좌","","없음",,,
2613,"미정","전공선택","APS1007-12388-","영어토론과발표","Younghwa Choi-Hong",3,"목(19:00-20:30),목(20:30-22:00)","","없음","목",10,10
2614,"미정","전공선택","APS1006-12392-","창조적사고와글쓰기","오채운",3,"화(19:00-20:30),화(20:30-22:00)","","없음","화",10,10
2615,"미정","전공선택","APS3007-11108-","시계열및인공지능예측","박상진",3,"목(19:00-21:00),목(21:00-23:00)","","없음","목",10,10
2616,"미정","전공선택","APS4002-11112-","공급망관리","유승호",3,"수(19:00-20:30),수(20:30-22:00)","","없음","수",10,10
2617,"미정","전공선택","APS2008-12275-","경제학개론","최재영",3,"월(19:00-20:30),월(20:30-22:00)","","없음","월",10,10
2618,"미정","전공선택","GEN5100-11116-","커리어개발Ⅱ:취.창업진로포트폴리오","유승호",1,"시간미지정강좌","","없음",,,
2619,"미정","전공선택","APS1010-12021-","산업융합수학","이재훈",3,"월(19:00-20:30),월(20:30-22:00)","","없음","월",10,10
2620,"미정","전공선택","APS3005-12278-","기술혁신전략","윤정원",3,"토(09:00-10:30),토(10:30-12:00)","","없음","토",2,4
2621,"미정","전공선택","ITC2001-12283-","파이썬데이터분석","최원영",3,"화(19:00-20:30),화(20:30-22:00)","","없음","화",10,10
2622,"미정","전공선택","ITC4007-11126-","정보공학종합설계","김영민",3,"시간미지정강좌","","없음",,,
2623,"미정","전공선택","NUR2040-12989-","기본간호학실습2","박선희",1,"목(11:00-13:00)","","없음","목",3,5
2624,"미정","전공선택","NUR4097-13000-","통합시뮬레이션실습","여지영",2,"수(09:00-13:00)","","없음","수",1,5
2625,"미정","전공선택","NUR3032-11073-","간호이슈와비평적사고","경도은",1,"목(11:00-12:00)","","없음","목",3,4
2626,"미정","전공선택","NUR3080-11078-","성인간호실습1","황선영",2,"시간미지정강좌,시간미지정강좌","","없음",,,
2627,"미정","전공선택","NUR4094-11084-","지역사회간호실습1","이한이",4,"시간미지정강좌,시간미지정강좌,시간미지정강좌","","없음",,,
2628,"미정","전공선택","NUR4019-12262-","여성건강간호","이지은",2,"월(11:00-13:00)","","없음","월",3,5
2629,"미정","전공선택","NUR3026-11094-","호스피스","강희정",2,"수(20:00-22:00)","","없음","수",10,10
2630,"미정","전공선택","NUR4054-11101-","간호이론","김정희",2,"월(22:00-24:00)","","없음","월",10,10
2631,"미정","전공선택","NUR2040-12256-","기본간호학실습2","장혜영",1,"목(09:00-11:00)","","없음","목",1,3
2632,"미정","전공선택","NUR4096-11086-","임상종합실습","박선희",2,"시간미지정강좌,시간미지정강좌","","없음",,,
2633,"미정","전공선택","NUR4039-11100-","치매간호","장혜영",2,"목(18:00-20:00)","","없음","목",10,10
2634,"미정","전공선택","NUR3058-11075-","아동건강문제와가족간호2","안정희",2,"수(15:00-17:00)","","없음","수",7,9
2635,"미정","전공선택","NUR3079-11077-","성인간호중재론4","신용순",2,"월(15:00-17:00)","","없음","월",7,9
2636,"미정","전공선택","NUR3084-11081-","간호과정실습","신용순",1,"시간미지정강좌","","없음",,,
2637,"미정","전공선택","NUR1010-11092-","건강의고전적이해","여지영",2,"목(20:00-22:00)","","없음","목",10,10
2638,"미정","전공선택","NUR2020-11093-","간호정보학","박선희",2,"월(20:00-22:00)","","없음","월",10,10
2639,"미정","전공선택","NUR3038-11095-","간호병리학","윤미영",2,"목(20:00-22:00)","","없음","목",10,10
2640,"미정","전공선택","NUR3075-11096-","노인건강간호","곽은영",2,"수(18:00-20:00)","","없음","수",10,10
2641,"미정","전공선택","NUR2040-12990-","기본간호학실습2","박선희",1,"목(13:00-15:00)","","없음","목",5,7
2642,"미정","전공선택","GEN5100-11068-","커리어개발Ⅱ:취.창업진로포트폴리오","김정아",1,"수(17:00-18:00)","","없음","수",9,10
2643,"미정","전공선택","NUR3007-11071-","지역사회간호학1","김민정",2,"금(15:00-17:00)","","없음","금",7,9
2644,"미정","전공선택","NUR3081-11079-","성인간호실습2","여지영",2,"시간미지정강좌,시간미지정강좌","","없음",,,
2645,"미정","전공선택","HYP4001-12994-","간호학HY-UP(실용연구실습)4","신용순",1,"시간미지정강좌","","없음",,,
2646,"미정","전공선택","NUR1012-12250-","간호공학입문","이한이",2,"수(15:00-17:00)","","없음","수",7,9
2647,"미정","전공선택","NUR3070-12259-","정신건강간호","김미영",2,"월(15:00-17:00)","","없음","월",7,9
2648,"미정","전공선택","NUR4014-12261-","노인간호학","곽은영",2,"수(15:00-17:00)","","없음","수",7,9
2649,"미정","전공선택","NUR4095-11085-","지역사회간호실습2","김미영",2,"시간미지정강좌,시간미지정강좌","","없음",,,
2650,"미정","전공선택","NUR3077-11076-","성인간호중재론2","박선희",1,"월(11:00-12:00)","","없음","월",3,4
2651,"미정","전공선택","CUL0202-11090-","문화기술인간","천미림",2,"월(18:00-20:00)","","없음","월",10,10
2652,"미정","전공선택","NUR4019-11097-","여성건강간호","박소정",2,"목(18:00-20:00)","","없음","목",10,10
2653,"미정","전공선택","HYP4001-12996-","간호학HY-UP(실용연구실습)4","이여진",1,"시간미지정강좌","","없음",,,
2654,"미정","전공선택","GEN3083-12248-","영양과건강","이여진",2,"수(13:00-15:00)","","없음","수",5,7
2655,"미정","전공선택","NUR2038-12254-","디지털헬스디자인","여지영",2,"화(11:00-13:00)","","없음","화",3,5
2656,"미정","전공선택","NUR4097-13001-","통합시뮬레이션실습","이한이",2,"화(09:00-13:00)","","없음","화",1,5
2657,"미정","전공선택","NUR3031-12258-","간호병태생리학","박선희",2,"월(15:00-17:00)","","없음","월",7,9
2658,"미정","전공선택","NUR4067-12263-","간호전문직과윤리","김정아",2,"금(13:00-15:00)","","없음","금",5,7
2659,"미정","전공선택","NUR3029-12257-","건강사정","장혜영",2,"금(09:00-11:00)","","없음","금",1,3
2660,"미정","전공선택","CUL0011-12247-","창의적컴퓨팅","김도희",3,"시간미지정강좌,화(15:00-17:00)","","없음",,,
2661,"미정","전공선택","NUR2039-12255-","기본간호학2","장혜영",1,"화(14:00-15:00)","","없음","화",6,7
2662,"미정","전공선택","GEN5100-12991-","커리어개발Ⅱ:취.창업진로포트폴리오","이여진",1,"수(17:00-18:00)","","없음","수",9,10
2663,"미정","전공선택","GEN5100-12992-","커리어개발Ⅱ:취.창업진로포트폴리오","안정희",1,"수(17:00-18:00)","","없음","수",9,10
2664,"미정","전공선택","NUR1002-12249-","간호학개론","장혜영",1,"화(13:00-14:00)","","없음","화",5,6
2665,"미정","전공선택","NUR1014-12252-","돌봄의사회적가치","김미영",2,"월(13:00-15:00)","","없음","월",5,7
2666,"미정","전공선택","NUR2024-12253-","의사소통론","이여진",2,"금(09:00-11:00)","","없음","금",1,3
2667,"미정","전공선택","NUR3051-11074-","여성의부인과적장애와간호","이지은",2,"월(13:00-15:00)","","없음","월",5,7
2668,"미정","전공선택","NUR3082-11080-","여성간호실습","박소정",2,"시간미지정강좌,시간미지정강좌","","없음",,,
2669,"미정","전공선택","NUR4023-11082-","보건의료법규","이한이",2,"화(15:00-17:00)","","없음","화",7,9
2670,"미정","전공선택","NUR3008-11072-","지역사회간호학2","이한이",2,"월(15:00-17:00)","","없음","월",7,9
2671,"미정","전공선택","NUR4031-11083-","간호연구","김미영",2,"목(13:00-15:00)","","없음","목",5,7
2672,"미정","전공선택","NUR4097-11087-","통합시뮬레이션실습","안정희",2,"월(09:00-13:00)","","없음","월",1,5
2673,"미정","전공선택","NUR4031-11098-","간호연구","김미영",2,"월(22:00-24:00)","","없음","월",10,10
2674,"미정","전공선택","NUR4032-11099-","지역사회간호","이한이",2,"월(20:00-22:00)","","없음","월",10,10
2675,"미정","전공선택","NUR4056-11102-","간호조직관리","김정아",2,"수(18:00-20:00)","","없음","수",10,10
2676,"미정","전공선택","NUR4059-11103-","간호통계","박선희",2,"수(22:00-24:00)","","없음","수",10,10
2677,"미정","전공선택","NUR4085-11104-","심혈관건강증진","황선영",2,"월(18:00-20:00)","","없음","월",10,10
2678,"미정","전공선택","NUR4086-11105-","아동건강간호","안정희",2,"수(22:00-24:00)","","없음","수",10,10
2679,"미정","전공선택","NUR1013-12251-","건강인류학","여지영",2,"목(13:00-15:00)","","없음","목",5,7
2680,"미정","전공선택","NUR3078-12260-","성인간호학:산소화및감각","황선영",2,"수(13:00-15:00)","","없음","수",5,7
2681,"미정","전공선택","PAD3010-11106-","인간관계론","이여진",2,"수(20:00-22:00)","","없음","수",10,10
2682,"미정","전공선택","HIC1009-13211-","Unified Systems Science_StreamⅠ","Hye-Jin Hawkes",2,"화(13:00-15:00)","","없음","화",5,7
2683,"미정","전공선택","HIC1007-12272-","Global Critical Anthropology","류호경",2,"화(09:00-10:00),화(10:00-10:30),목(10:30-12:00)","","없음","목",2,4
2684,"미정","전공선택","HIC1012-13214-","Unified Systems Science_Lab(Physics)","Hye-Jin Hawkes",1,"시간미지정강좌","","없음",,,
2685,"미정","전공선택","HIC1002-13215-","Make Core","김지은",3,"수(09:00-10:00),수(10:00-12:00)","","없음","수",2,4
2686,"미정","전공선택","HIC1007-13206-","Global Critical Anthropology","류호경",2,"화(09:00-10:00),화(10:00-10:30),목(10:30-12:00)","","없음","목",2,4
2687,"미정","전공선택","HIC1007-13207-","Global Critical Anthropology","류호경",2,"화(10:30-11:30),화(11:30-12:00),목(09:00-10:30)","","없음","목",1,2
2688,"미정","전공선택","HIC0002-13208-","SPARK","Hawkes, Aldo Armstrong",0,"화(17:00-20:00),목(17:00-20:00)","","없음","목",9,10
2689,"미정","전공선택","HIC1003-13216-","Life Project","Hawkes, Aldo Armstrong",3,"월(13:00-15:00),월(15:00-17:00)","","없음","월",7,9
2690,"미정","전공선택","HIC1007-13203-","Global Critical Anthropology","류호경",2,"화(10:30-11:30),화(11:30-12:00),목(09:00-10:30)","","없음","목",1,2
2691,"미정","전공선택","HIC1005-13218-","Calculus in Contexts","최경현",3,"목(13:00-15:00),목(15:00-16:00)","","없음","목",7,8
2692,"미정","전공선택","HIC0002-13209-","SPARK","Hawkes, Aldo Armstrong",0,"화(17:00-20:00),목(17:00-20:00)","","없음","목",9,10
2693,"미정","전공선택","HIC1007-13205-","Global Critical Anthropology","류호경",2,"화(10:30-11:30),화(11:30-12:00),목(09:00-10:30)","","없음","목",1,2
2694,"미정","전공선택","HIC1006-13219-","Algorithmic, Computational, and Data Thinking","류호경",3,"월(09:00-10:00),월(10:00-12:00)","","없음","월",2,4
2695,"미정","전공선택","HIC1007-13204-","Global Critical Anthropology","류호경",2,"화(09:00-10:00),화(10:00-10:30),목(10:30-12:00)","","없음","목",2,4
2696,"미정","전공선택","HIC1011-13213-","Unified Systems Science_Lab(Biochem)","Hye-Jin Hawkes",1,"시간미지정강좌","","없음",,,
2697,"미정","전공선택","HIC1007-13199-","Global Critical Anthropology","류호경",2,"화(10:30-11:30),화(11:30-12:00),목(09:00-10:30)","","없음","목",1,2
2698,"미정","전공선택","HIC1007-13200-","Global Critical Anthropology","류호경",2,"화(09:00-10:00),화(10:00-10:30),목(10:30-12:00)","","없음","목",2,4
2699,"미정","전공선택","HIC1007-13201-","Global Critical Anthropology","류호경",2,"화(10:30-11:30),화(11:30-12:00),목(09:00-10:30)","","없음","목",1,2
2700,"미정","전공선택","HIC1007-13202-","Global Critical Anthropology","류호경",2,"화(09:00-10:00),화(10:00-10:30),목(10:30-12:00)","","없음","목",2,4
2701,"미정","전공선택","HIC1004-13217-","Unified Systems Science","Hye-Jin Hawkes",3,"수(13:00-14:30),수(14:30-16:00)","","없음","수",6,8
2702,"미정","전공선택","DIS3033-11149-","Special TopicsII","노동운",3,"수(17:00-18:30),수(18:30-20:00)","","없음","수",10,10
2703,"미정","전공선택","DIS4015-11154-","Climate Change Economics and Policies","노동운",3,"화(16:00-17:30),화(17:30-19:00)","","없음","화",9,10
2704,"미정","전공선택","GEN5100-11158-","커리어개발Ⅱ:취.창업진로포트폴리오","김유리",1,"월(15:00-16:00)","","없음","월",7,8
2705,"미정","전공선택","DIS2055-12536-","Academic Writing 2","Kevin Edwin Stadt",3,"월(10:30-12:00),수(10:30-12:00)","","없음","수",2,4
2706,"미정","전공선택","DIS4032-11165-","문화,세계화,소프트파워","박신영",3,"금(09:00-10:30),금(10:30-12:00)","","없음","금",2,4
2707,"미정","전공선택","DIS2003-12293-","Introduction to Business Administration","최혜승",3,"화(10:30-12:00),목(10:30-12:00)","","없음","목",2,4
2708,"미정","전공선택","DIS1032-12306-","한국어어휘와문장","이영숙",3,"수(16:00-17:30),수(17:30-19:00)","","없음","수",9,10
2709,"미정","전공선택","DIS2062-12311-","한국어글쓰기","안령주",3,"월(13:00-14:30),월(14:30-16:00)","","없음","월",6,8
2710,"미정","전공선택","DIS3040-11151-","Theories and Issues of International Relations","이예찬",3,"화(09:00-10:30),화(10:30-12:00)","","없음","화",2,4
2711,"미정","전공선택","DIS4028-11157-","War and Peacebuilding","Carl J. Saxer",3,"수(13:00-14:30),수(14:30-16:00)","","없음","수",6,8
2712,"미정","전공선택","DIS3047-11162-","한국어텍스트읽기","배소영",3,"목(13:00-14:30),목(14:30-16:00)","","없음","목",6,8
2713,"미정","전공선택","GEN5100-12540-","커리어개발Ⅱ:취.창업진로포트폴리오","김유리",1,"수(16:00-17:00)","","없음","수",8,9
2714,"미정","전공선택","DIS2022-12297-","International Organizations","Carl J. Saxer",3,"화(14:30-16:00),목(14:30-16:00)","","없음","목",6,8
2715,"미정","전공선택","CUL0011-12484-","창의적컴퓨팅","장병철",3,"시간미지정강좌,월(15:00-17:00)","","없음",,,
2716,"미정","전공선택","DIS3015-11148-","International accounting and finance","김민재",3,"목(09:00-10:30),목(10:30-12:00)","","없음","목",2,4
2717,"미정","전공선택","DIS1015-11147-","Business and Environmental Ethics","John M. McGuire",3,"화(13:00-14:30),화(14:30-16:00)","","없음","화",6,8
2718,"미정","전공선택","DIS4014-11153-","Foreign Aid and Development","김유리",3,"월(13:00-14:30),수(13:00-14:30)","","없음","수",5,6
2719,"미정","전공선택","DIS4027-11156-","ESG Management","서정석",3,"금(18:00-19:30),금(19:30-21:00)","","없음","금",10,10
2720,"미정","전공선택","PBL4023-11160-","국제학부캡스톤PBL(유엔지속가능발전솔루션과앙트레프레너십)","김용재",3,"목(16:00-18:00),목(18:00-19:00)","","없음","목",10,10
2721,"미정","전공선택","GEN5100-11166-","커리어개발Ⅱ:취.창업진로포트폴리오","김수미",1,"월(11:00-12:00)","","없음","월",3,4
2722,"미정","전공선택","CUL1122-12292-","창의적프로그래밍","조인순",2,"금(15:00-16:00),금(16:00-17:00)","","없음","금",8,9
2723,"미정","전공선택","DIS2066-12300-","Introduction to Macroeconomics","노동운",3,"월(13:00-14:30),수(13:00-14:30)","","없음","수",5,6
2724,"미정","전공선택","GEN5100-12539-","커리어개발Ⅱ:취.창업진로포트폴리오","김유리",1,"수(15:00-16:00)","","없음","수",7,8
2725,"미정","전공선택","DIS2008-12296-","International Business","배윤재",3,"금(09:00-10:30),금(10:30-12:00)","","없음","금",2,4
2726,"미정","전공선택","DIS2055-12299-","Academic Writing 2","Kevin Edwin Stadt",3,"월(09:00-10:30),수(09:00-10:30)","","없음","수",1,2
2727,"미정","전공선택","DIS1031-12305-","한국경영의이해","김민재",3,"월(09:00-10:30),월(10:30-12:00)","","없음","월",2,4
2728,"미정","전공선택","DIS2055-12538-","Academic Writing 2","Kevin Edwin Stadt",3,"화(10:30-12:00),목(10:30-12:00)","","없음","목",2,4
2729,"미정","전공선택","DIS1033-12307-","미디어콘텐츠와문화","이영주",3,"수(13:00-14:30),수(14:30-16:00)","","없음","수",6,8
2730,"미정","전공선택","DIS4026-11155-","Global Security Challenge","최용",3,"화(10:30-12:00),목(10:30-12:00)","","없음","목",2,4
2731,"미정","전공선택","DIS4018-11164-","한국산업의경영혁신","이동준",3,"금(13:00-14:30),금(14:30-16:00)","","없음","금",6,8
2732,"미정","전공선택","CUL0011-12291-","창의적컴퓨팅","조인순",3,"시간미지정강좌,월(13:00-15:00)","","없음",,,
2733,"미정","전공선택","DIS2004-12294-","Research Methods","김유리",3,"월(10:30-12:00),수(10:30-12:00)","","없음","수",2,4
2734,"미정","전공선택","DIS2061-12310-","한국의역사","김수미",3,"수(09:00-10:30),수(10:30-12:00)","","없음","수",2,4
2735,"미정","전공선택","DIS2063-12312-","K-pop특강","김수미",3,"수(16:00-17:30),수(17:30-19:00)","","없음","수",9,10
2736,"미정","전공선택","DIS2064-12313-","한국과다문화사회","김태리",3,"목(16:00-17:30),목(17:30-19:00)","","없음","목",9,10
2737,"미정","전공선택","DIS2055-12537-","Academic Writing 2","Kevin Edwin Stadt",3,"화(09:00-10:30),목(09:00-10:30)","","없음","목",1,2
2738,"미정","전공선택","DIS4013-11152-","Advanced Data Science for International Studies","최혜승",3,"목(13:00-14:30),목(14:30-16:00)","","없음","목",6,8
2739,"미정","전공선택","HYR0005-11159-","국제학HY-UROP(실용연구심화)","노태우",3,"수(09:00-12:00)","","없음","수",1,4
2740,"미정","전공선택","DIS2005-12295-","International Relations","최용",3,"화(14:30-16:00),목(14:30-16:00)","","없음","목",6,8
2741,"미정","전공선택","DIS2047-12298-","World History","Carl J. Saxer",3,"화(13:00-14:30),목(13:00-14:30)","","없음","목",5,6
2742,"미정","전공선택","DIS2070-12301-","International Trade and Commerce","배윤재",3,"화(16:00-17:30),화(17:30-19:00)","","없음","화",9,10
2743,"미정","전공선택","DIS2060-12309-","한국정치","김유은",3,"수(13:00-14:30),수(14:30-16:00)","","없음","수",6,8
2744,"미정","전공선택","DIS3052-11163-","글로벌콘텐츠와SDGs","이동준",3,"월(16:00-17:30),월(17:30-19:00)","","없음","월",9,10
2745,"미정","전공선택","GEN2052-15962-","미분적분학1","오수진",3,"월(14:30-16:00),목(16:00-17:30)","","없음","목",8,9
2746,"미정","전공선택","CSE4006-13223-","소프트웨어공학","김윤호",3,"수(10:30-12:00),목(09:00-10:30)","","없음","목",1,2
2747,"미정","전공선택","CHM1005-15963-","일반화학및실험1","방은광",4,"월(09:00-12:00),월(12:00-14:00)","","없음","월",4,6
2748,"미정","전공선택","CUL0011-13224-","창의적컴퓨팅","박주열",3,"시간미지정강좌,수(11:00-13:00)","","없음",,,
2749,"미정","전공선택","PHE1044-13225-","그룹운동","우지인",2,"수(16:00-18:00)","","없음","수",8,10
2750,"미정","전공선택","CUL3101-15964-","Cultural and Ethnic Diversity In Korea","S. Afflick-Smith",2,"수(15:00-17:00)","","없음","수",7,9
2751,"미정","전공선택","HIC0002-13226-","SPARK","Hawkes, Aldo Armstrong",0,"화(17:00-20:00),목(17:00-20:00)","","없음","목",9,10
4096,"미정","전공선택","7458439","데이터시각화","계승철",3,"목(13:00-16:00)","인문관107강의실","",,,
4097,"미정","전공선택","7458440","아트테크놀로지캡스톤디자인","정은기",3,"목(16:00-19:00)","인문관116강의실","",,,
4098,"미정","전공선택","7458441","인문학으로예술읽기","천미림",3,"수(13:00-14:30),수(14:30-15:00)","인문관318강의실","",,,
4099,"미정","전공선택","7458442","마음을사로잡는정보스토리텔링","김은정",3,"화(13:00-15:00),화(15:00-16:00)","인문관318강의실","",,,
4100,"미정","전공선택","7458443","엔지니어를위한실용영작문","임동진",3,"목(09:00-10:30),목(10:30-12:00)","인문관318강의실","",,,
4101,"미정","전공선택","7458444","인류세시대를위한미래인문학","김성희",3,"수(16:00-17:30),수(17:30-19:00)","인문관318강의실","",,,
4102,"미정","전공선택","7458445","공학영어캡스톤디자인","임동진",3,"월(09:00-10:30),월(10:30-12:00)","인문관318강의실","",,,
4103,"미정","전공선택","7458446","AI+X:인공지능","류호경",3,"목(09:00-11:00)","제1공학관201강의실,","",,,
4104,"미정","전공선택","7458447","AI+X:딥러닝","원영준",3,"화(13:00-15:00)","제1공학관201강의실,","",,,
4105,"미정","전공선택","7458448","한국테크노사이언스혁신의역사","박민아",3,"화(16:00-17:30),화(17:30-19:00)","인문관318강의실","",,,
4106,"미정","전공선택","7458449","초급독일어","김수민",3,"금(13:00-14:30),금(14:30-16:00)","인문관404강의실","",,,
4107,"미정","전공선택","7458450","중급중국어","유우",2,"금(13:00-15:00)","제1공학관201강의실","",,,
4108,"미정","전공선택","7458451","여성학","허수연",3,"수(13:00-14:30),수(14:30-16:00)","사회과학관105강의실","",,,
4109,"미정","전공선택","7458452","문화론특강","강경란",2,"목(11:00-13:00)","제1공학관207강의실","",,,
4110,"미정","전공선택","7458453","영화의이해","김윤지",2,"화(15:00-17:00)","올림픽체육관302강의실","",,,
4111,"미정","전공선택","7458454","초급중국어1","유우",3,"금(11:00-13:00)","제1공학관201강의실,","",,,
4112,"미정","전공선택","7458455","Modern Stress and You","Nathan John Lucas",2,"화(13:00-15:00)","제1공학관209강의실","",,,
4113,"미정","전공선택","7458456","디자인으로 세상읽기","현은령",3,"화(11:00-13:00)","사범대학본관강의실(212),","",,,
4114,"미정","전공선택","7458457","조직리더십사례연구(군사학)","양황석",2,"시간미지정강좌",,"",,,
4115,"미정","전공선택","7458458","사회봉사",,1,,,"",,,
4116,"미정","전공선택","7458459","과학기술의철학적이해","이채리",3,"화(09:00-10:30)","제1공학관501강의실,","",,,
4117,"미정","전공선택","7458460","기초스페인어","정동희",3,"금(13:00-14:30)","제2공학관203강의실,","",,,
4118,"미정","전공선택","7458461","과학클래식:생명과문명의융합적세계관을향하여","정혜경",3,"수(13:00-14:30),수(14:30-16:00)","제1공학관505강의실","",,,
4119,"미정","전공선택","7458462","인문클래식:문학으로읽는음식과인간","김지선",3,"화(16:00-18:00),화(18:00-19:00)","제2공학관312강의실","",,,
4120,"미정","전공선택","7458463","사회클래식:상상의낙원유토피아","서신혜",3,"수(13:00-15:00)","제2공학관203강의실,","",,,
4121,"미정","전공선택","7458464","예술클래식:도시와문학","우미영",3,"목(15:00-17:00)","제2공학관312강의실,","",,,
4122,"미정","전공선택","7458465","독일문학과영화","박현용",2,"목(11:00-13:00)","인문관312강의실","",,,
4123,"미정","전공선택","7458466","영어와남녀의사소통의차이","Mimi Eun Newton",2,"화(15:00-17:00)","인문관211강의실","",,,
4124,"미정","전공선택","7458467","문학의이해","정원정",2,"화(11:00-13:00)","인문관311강의실","",,,
4125,"미정","전공선택","7458468","소설과영화","신성환",2,"목(15:00-17:00)","인문관311강의실","",,,
4126,"미정","전공선택","7458469","현대테크노사이언스의윤리적도전","오경준",3,"금(09:00-10:30),금(10:30-12:00)","인문관318강의실","",,,
4127,"미정","전공선택","7458470","스마트시대의문자,구술,영상","전지은",3,"수(09:00-11:00),수(11:00-12:00)","인문관318강의실","",,,
4128,"미정","전공선택","7458471","신화와원형의스토리텔링","신성환",3,"월(16:00-18:00),월(18:00-19:00)","인문관318강의실","",,,
4129,"미정","전공선택","7458472","자유란무엇인가","박찬운",3,"월(15:00-16:30),월(16:30-18:00)","제3법학관403호","",,,
4130,"미정","전공선택","7458473","통일함께만들기","홍용표",3,"화(10:00-11:30),화(11:30-13:00)","제2공학관302강의실","",,,
4131,"미정","전공선택","7458474","4차산업혁명의이해","조병완",3,"목(16:00-17:30),목(17:30-19:00)","재성토목관103강의실","",,,
4132,"미정","전공선택","7458475","디지털저널리즘","Tammy Ko Robinson",2,"수(09:00-11:00)","사범대학본관시각멀티미디어디자인2(102)","",,,
4133,"미정","전공선택","7458476","다양성시대의한국어교육","채윤미",3,"화(13:00-14:30),화(14:30-16:00)","사범대학본관대강의실2(202)","",,,
4134,"미정","전공선택","7458477","비전공자를위한재무금융","이창훈",3,"수(16:00-17:30),수(17:30-19:00)","경영관B110강의실","",,,
4135,"미정","전공선택","7458478","초급독일어회화","Wirsching Cornelia Song",2,"수(11:00-13:00)","인문관205강의실","",,,
4136,"미정","전공선택","7458479","창의적글쓰기","Shelley L. Collins",2,"목(11:00-13:00)","인문관112강의실","",,,
4137,"미정","전공선택","7458480","현대사회의갈등관리와인문학","신성환",3,"목(12:00-13:30),목(13:30-15:00)","인문관405강의실","",,,
4138,"미정","전공선택","7458481","반도체8대공정개론","김성혁",3,"화(16:00-18:00),시간미지정강좌","제1공학관405강의실,비지정()","",,,
4139,"미정","전공선택","7458482","반도체공정과장비의이해","방승호",3,"월(11:00-13:00),시간미지정강좌","제1공학관405강의실","",,,
4140,"미정","전공선택","7458483","반도체공정응용","박현정",3,"목(15:00-17:00),목(17:00-19:00)","제1공학관401강의실,비지정()","",,,
4141,"미정","전공선택","7458484","플라즈마장비","김주호",3,"화(15:00-17:00),화(17:00-19:00)","제1공학관401강의실,비지정()","",,,
4142,"미정","전공선택","7458485","반도체응용기술","박현정",3,"화(11:00-13:00),시간미지정강좌","제1공학관401강의실","",,,
4143,"미정","전공선택","7458486","반도체집적화기술","방승호",3,"화(18:00-20:00),시간미지정강좌","제1공학관405강의실","",,,
4144,"미정","전공선택","7458487","정보사회학입문",,3,,,"",,,
4145,"미정","전공선택","7458488","저작권과스마트폰의이해",,2,,,"",,,
4146,"미정","전공선택","7458489","프레젠테이션기법",,2,,,"",,,
4147,"미정","전공선택","7458490","불멸의철학자들","오애향",2,"금(15:00-17:00)","인문관311강의실","",,,
4148,"미정","전공선택","7458491","Aesthetic Awareness in the Modern World","Gary Joseph Turnham",2,"월(13:00-15:00)","제1공학관209강의실","",,,
4149,"미정","전공선택","7458492","인구변화와미래복지","전영수",3,"월(13:00-14:30),월(14:30-15:00)","대학원.토건관451강의실,,대학원.토건관451강의실","",,,
4150,"미정","전공선택","7458493","인체용어의이해","황세진",2,"화(15:00-17:00)","제1공학관202강의실","",,,
4151,"미정","전공선택","7458494","1인미디어와융합콘텐츠",,3,,,"",,,
4152,"미정","전공선택","7458495","문화콘텐츠스토리텔링전략",,3,,,"",,,
4153,"미정","전공선택","7458496","그린IT의이해",,3,,,"",,,
4154,"미정","전공선택","7458497","문화기술과사회변동",,3,,,"",,,
4155,"미정","전공선택","7458498","문화콘텐츠마케팅전략의수립과집행",,3,,,"",,,
4156,"미정","전공선택","7458499","음식과세계문화",,3,,,"",,,
4157,"미정","전공선택","7458500","글로벌시대의예술과가치",,3,,,"",,,
4158,"미정","전공선택","7458501","21세기기업의인재상",,3,,,"",,,
4159,"미정","전공선택","7458502","색채심리와현대생활",,3,,,"",,,
4160,"미정","전공선택","7458503","성공하는문화콘텐츠소재개발전략",,3,,,"",,,
4161,"미정","전공선택","7458504","생활속의계약과협상",,3,,,"",,,
4162,"미정","전공선택","7458505","전략적의사결정과문제해결",,3,,,"",,,
4163,"미정","전공선택","7458506","미래소비사회와상품",,2,,,"",,,
4164,"미정","전공선택","7458507","행복한금융생활",,3,,,"",,,
4165,"미정","전공선택","7458508","현대사회와신소재",,3,,,"",,,
4166,"미정","전공선택","7458509","화폐와금융의과거,현재,그리고미래",,3,,,"",,,
4167,"미정","전공선택","7458510","전기에너지개론","문준",3,"시간미지정강좌,시간미지정강좌",,"",,,
4168,"미정","전공선택","7458511","몸과마음을읽는헬스케어","김형숙",3,"수(13:00-14:00),수(14:00-16:00)","한양디지털헬스케어센터다목적강연장","",,,
4169,"미정","전공선택","7458512","Contemporary Korean Studies","David Tizzard",3,"금(13:00-14:30),금(14:30-16:00)","대학원.토건관251강의실","",,,
4170,"미정","전공선택","7458513","세계도시건축",,2,,,"",,,
4171,"미정","전공선택","7458514","비즈니스모델디자인과린스타트업활동",,3,,,"",,,
4172,"미정","전공선택","7458515","사랑의실천1(한양나눔)","최영태",2,"시간미지정강좌",,"",,,
4173,"미정","전공선택","7458516","사랑의실천2(스마트커뮤니케이션)","최영태",2,"시간미지정강좌",,"",,,
4174,"미정","전공선택","7458517","사랑의실천3(기업가정신)","최영태",2,"시간미지정강좌",,"",,,
4175,"미정","전공선택","7458518","창업기초:창업과기업가정신","배태준",3,"금(11:00-13:00),시간미지정강좌","HITB2아이디어팩토리,","",,,
4176,"미정","전공선택","7458519","창업실습:실전창업워크숍","이재만",3,"수(16:00-19:00)","HITB2아이디어팩토리","",,,
4177,"미정","전공선택","7458521","OTT드라마스토리텔링","길종철",3,"화(13:00-15:00),화(15:00-16:00)","IT.BT관영화세미나실","",,,
4178,"미정","전공선택","7458522","창업기초:디자인씽킹","김경묵",3,"화(09:00-12:00)","HITB2아이디어팩토리","",,,
4179,"미정","전공선택","7458523","창업기초:스타트업기업가정신의이해와사례","백필호",3,"월(09:00-10:30),월(10:30-12:00)","HITB2아이디어팩토리","",,,
4180,"미정","전공선택","7458524","문학의이해","차성환",2,"목(16:00-18:00)","인문관302강의실","",,,
4181,"미정","전공선택","7458525","문학의이해","양진호",2,"목(13:00-15:00)","인문관311강의실","",,,
4182,"미정","전공선택","7458526","창업심화:스타트업법률이슈","이충호",3,"금(13:00-14:30),금(14:30-16:00)","사회과학관551강의실","",,,
4183,"미정","전공선택","7458527","창업심화:스타트업특허","배진우",3,"목(13:00-14:00),목(14:00-16:00)","HITB2아이디어팩토리","",,,
4184,"미정","전공선택","7458528","창업실습:캠퍼스CEO","강창규",3,"목(18:30-21:30)","HITB2아이디어팩토리","",,,
4185,"미정","전공선택","7458529","창업실습1","강창규",3,"수(19:00-22:00)","HITB2아이디어팩토리","",,,
4186,"미정","전공선택","7458530","창업심화:스타트업투자유치전략","김경원",3,"화(13:00-15:00),화(15:00-16:00)","HITB2아이디어팩토리","",,,
4187,"미정","전공선택","7458531","창업기초:문화예술산업의이해","최진영",3,"월(16:00-18:00),월(18:00-19:00)","HITB2아이디어팩토리","",,,
4188,"미정","전공선택","7458532","창업가정신과사회적혁신","심건호",3,"금(16:00-17:30),금(17:30-19:00)","HITB2아이디어팩토리","",,,
4189,"미정","전공선택","7458533","블록체인과비즈니스모델","이장우",3,"목(09:00-10:00),목(10:00-12:00)","HITB2아이디어팩토리","",,,
4190,"미정","전공선택","7458534","스타트업토크콘서트","류창완",2,"수(13:00-15:00)","제2공학관202강의실(녹화전용)","",,,
4191,"미정","전공선택","7458535","명화속에숨어있는심리학","조영신",3,"화(14:00-16:00),화(16:00-17:00)","사범대학본관대강의실4(302)","",,,
4192,"미정","전공선택","7458536","인간발달담론","권선주",2,"목(13:00-15:00)","제1공학관502강의실","",,,
4193,"미정","전공선택","7458537","Ethics of Science and Technology","Brian A. Wildeboer",3,"화(14:30-16:00),목(14:30-16:00)","제2공학관306강의실","",,,
4194,"미정","전공선택","7458538","동양신화와문화콘텐츠스토리텔링","강민경",3,"수(11:00-13:00)","제2공학관312강의실,","",,,
4195,"미정","전공선택","7458539","인문학도를위한창의적코딩","성기혁",2,"수(15:00-16:00),수(16:00-17:00)","제2공학관SW융합실습실(507)","",,,
4196,"미정","전공선택","7458540","인문학도를위한컴퓨팅의시작","성기혁",3,"금(13:00-15:00),시간미지정강좌","제2공학관SW융합실습실(507),","",,,
4197,"미정","전공선택","7458541","AI혁명:최첨단비즈니스전략마스터하기","박성우",3,"화(19:30-21:00)",",경영관203강의실","",,,
4198,"미정","전공선택","7458542","무용미학의언어와감각","김민주",3,"월(13:00-14:30),월(14:30-16:00)","제1공학관103강의실","",,,
4199,"미정","전공선택","7458543","교양펜싱","배종국",2,"수(15:00-17:00)","올림픽체육관114호농구장","",,,
4200,"미정","전공선택","7458544","분노와자기관리","권선주",2,"수(15:00-17:00)","제1공학관201강의실","",,,
4201,"미정","전공선택","7458545","중국의역사와문화","이승아",2,"월(11:00-13:00)","제2공학관202강의실(녹화전용)","",,,
4202,"미정","전공선택","7458546","중국근현대사","한상협",2,"화(13:00-15:00)","제1공학관103강의실","",,,
4203,"미정","전공선택","7458547","현대중국의시장과통상","정우식",2,"목(13:00-15:00)","대학원.토건관251강의실","",,,
4204,"미정","전공선택","7458548","직업진로와미래설계","홍주영",2,"수(15:00-17:00)","비지정()","",,,
4205,"미정","전공선택","7458549","사마천과의대화","황인건",2,"화(11:00-13:00)","제2공학관301강의실","",,,
4206,"미정","전공선택","7458550","생명이란무엇인가?정신과물질","채지형",2,"월(11:00-13:00)","자연과학관B115강의실","",,,
4207,"미정","전공선택","7458551","종의기원과진화","채지형",2,"금(11:00-13:00)","자연과학관B115강의실","",,,
4208,"미정","전공선택","7458552","인문학과예술이본인간","유성호",2,"수(11:00-13:00)","백남음악관백남홀","",,,
4209,"미정","전공선택","7458553","기술시대의인간과윤리","이채리",3,"화(15:00-17:00)","제1공학관502강의실,","",,,
4210,"미정","전공선택","7458554","문학과역사적상상력","김치성",2,"수(13:00-15:00)","제2공학관301강의실","",,,
4211,"미정","전공선택","7458555","채움과비움:나이듦의인문학적이해","윤성호",3,"시간미지정강좌,시간미지정강좌",,"",,,
4212,"미정","전공선택","7458556","하루키와함께읽는고전","김지선",2,"화(13:00-15:00)","제2공학관312강의실","",,,
4213,"미정","전공선택","7458557","위기의시민정치:혐오,갈등,양극화","길정아",2,"수(11:00-13:00)","융합교육관강의실(705-309)","",,,
4214,"미정","전공선택","7458558","영화속인간발달","권선주",2,"목(15:00-17:00)","제1공학관502강의실","",,,
4215,"미정","전공선택","7458559","Banking & Investment Practice","신진호",2,"목(16:00-18:00)","대학원.토건관202강의실","",,,
4216,"미정","전공선택","7458560","미시경제원론","이준태",2,"월(09:00-11:00)","경제금융관B203강의실","",,,
4217,"미정","전공선택","7458561","교육학개론","정유선",2,"화(13:00-15:00)","사범대학본관대강의실3(303)","",,,
4218,"미정","전공선택","7458562","생활지도및상담","조윤희",2,"월(11:00-13:00)","사범대학본관대강의실8(404)","",,,
4219,"미정","전공선택","7458563","교육행정및경영","함승환",2,"금(13:00-15:00)","사범대학본관대강의실3(303)","",,,
4220,"미정","전공선택","7458564","교육봉사활동2","김선아",2,"시간미지정강좌",,"",,,
4221,"미정","전공선택","7458565","특수교육학개론","양현규",2,"수(13:00-15:00)","사범대학본관대강의실4(302)","",,,
4222,"미정","전공선택","7458567","실용영문법","이광희",3,"시간미지정강좌,시간미지정강좌",,"",,,
4223,"미정","전공선택","7458569","공정한시민을위한미디어리터러시:팩트,믿음,재미","신성환",3,"월(13:00-14:30),월(14:30-16:00)","인문관312강의실","",,,
4224,"미정","전공선택","7458571","AI+X:R-Py컴퓨팅","이정환",3,"월(09:00-11:00)","제1공학관201강의실,","",,,
4225,"미정","전공선택","7458572","AI+X:머신러닝","박태준",3,"화(11:00-13:00)","제1공학관201강의실,","",,,
4226,"미정","전공선택","7458573","현대사회와나의삶","이유신",3,"월(13:00-14:30),월(14:30-16:00)","사회과학관304강의실","",,,
4227,"미정","전공선택","7458574","중급스페인어","진미령",2,"수(11:00-13:00)","제1공학관509강의실","",,,
4228,"미정","전공선택","7458575","한국근현대사","정종원",2,"수(13:00-15:00)","제2공학관302강의실","",,,
4229,"미정","전공선택","7458576","미분적분학1","정예원",3,"월(09:00-10:30),수(10:30-12:00)","제1공학관404강의실","",,,
4230,"미정","전공선택","7458577","미분적분학2","장정환",3,"수(14:30-16:00),금(16:00-17:30)","제1공학관405강의실","",,,
4231,"미정","전공선택","7458578","연극의이해","임연진",2,"월(11:00-13:00)","올림픽체육관231강의실","",,,
4232,"미정","전공선택","7458579","성의과학적이해","안주홍",2,"수(15:00-17:00)","자연과학관B117강의실","",,,
4233,"미정","전공선택","7458580","안전및조직관리사례연구(군사학)","양황석",2,"시간미지정강좌",,"",,,
4234,"미정","전공선택","7458581","AI와법","정종구",3,"금(15:00-16:30),금(16:30-18:00)","제3법학관304호","",,,
4235,"미정","전공선택","7458582","인공지능의철학","김홍규",3,"금(16:00-17:30),금(17:30-19:00)","인문관318강의실","",,,
4236,"미정","전공선택","7458583","일반화학및실험1","김민경",4,"화(11:00-13:00),금(15:00-17:00)","제1공학관304강의실,,자연과학관일반화학실험실2(116),자연과학관일반화학실험실1(114)","",,,
4237,"미정","전공선택","7458584","과학클래식:과학기술의문화사","김호연",3,"월(15:00-17:00)","제2공학관312강의실,","",,,
4238,"미정","전공선택","7458585","예술클래식:일상과예술,그리고상상력","강민경",3,"수(09:00-11:00)","제2공학관312강의실,","",,,
4239,"미정","전공선택","7458586","예술클래식:천재와광기","임은희",3,"수(13:00-14:30),수(14:30-16:00)","제1공학관207강의실","",,,
4240,"미정","전공선택","7458587","사회클래식BL:사랑의역사와문화정치학","김현주",3,"목(11:00-13:00)","제2공학관312강의실,","",,,
4241,"미정","전공선택","7458588","사회클래식BL:성과인간의대화","임은희",3,"목(11:00-13:00)","제1공학관409강의실,","",,,
4242,"미정","전공선택","7458589","예술클래식BL:신화로읽는동화","강민경",3,"화(09:00-11:00)","제2공학관203강의실,","",,,
4243,"미정","전공선택","7458590","인문클래식:독서의기술","전은진",3,"수(13:00-15:00)","제1공학관201강의실,","",,,
4244,"미정","전공선택","7458591","기초수학","Shen yang",2,"시간미지정강좌",,"",,,
4245,"미정","전공선택","7458592","사람과유전자","채지형",2,"수(13:00-15:00)","자연과학관B115강의실","",,,
4246,"미정","전공선택","7458593","미래지구환경과생태계","김백호",2,"목(13:00-15:00)","자연과학관B117강의실","",,,
4247,"미정","전공선택","7458594","호텔산업의이해","양은주",2,"수(15:00-17:00)","사회과학관523세미나실","",,,
4248,"미정","전공선택","7458595","동양철학의이해","나우권",2,"금(13:00-15:00)","인문관B104강의실","",,,
4249,"미정","전공선택","7458596","영어연기개론","Shelley L. Collins",2,"월(13:00-15:00)","인문관211강의실","",,,
4250,"미정","전공선택","7458597","영어권생활문화와영어학습","서지윤",3,"화(13:00-14:30),화(14:30-16:00)","인문관205강의실","",,,
4251,"미정","전공선택","7458598","현장실습(전공핵심)",,9,,,"",,,
4252,"미정","전공선택","7458599","현장실습(전공심화)",,9,,,"",,,
4253,"미정","전공선택","7458600","현장실습(일반교양)",,15,,,"",,,
4254,"미정","전공선택","7458601","현장실습(일반선택)",,15,,,"",,,
4255,"미정","전공선택","7458602","현장실습(4+1)",,10,,,"",,,
4256,"미정","전공선택","7458603","사회클래식:자서전의힘","김현주",3,"수(11:00-13:00)","제2공학관203강의실,","",,,
4257,"미정","전공선택","7458604","과학클래식:화학의변명","김민경",3,"금(09:00-10:30),금(10:30-12:00)","제2공학관312강의실","",,,
4258,"미정","전공선택","7458605","과학클래식:과학과 상상의 인간","우미영",3,"월(13:00-15:00)","제2공학관202강의실(녹화전용),","",,,
4259,"미정","전공선택","7458606","과학클래식:과학에게정의를묻다","이채리",3,"금(15:00-17:00)","제1공학관502강의실,","",,,
4260,"미정","전공선택","7458607","한문의이해","박은정",2,"목(15:00-17:00)","제2공학관202강의실(녹화전용)","",,,
4261,"미정","전공선택","7458608","영화로보는서양의역사","고광열",2,"월(11:00-13:00)","제1공학관409강의실","",,,
4262,"미정","전공선택","7458609","현대중국의이해","박대훈",3,"월(11:00-11:30),월(11:30-13:00)","비지정(),제2공학관302강의실,제2공학관302강의실","",,,
4263,"미정","전공선택","7458610","프랑스문화관광","이숙은",2,"금(15:00-17:00)","제2공학관202강의실(녹화전용)","",,,
4264,"미정","전공선택","7458611","경계의시대,공존을말하다","강경란",2,"목(09:00-11:00)","제1공학관207강의실","",,,
4265,"미정","전공선택","7458612","특허법의이해","윤선희",2,"화(15:00-17:00)","제2공학관302강의실","",,,
4266,"미정","전공선택","7458613","대중문화와법","박성호",2,"목(09:00-11:00)","제3법학관403호","",,,
4267,"미정","전공선택","7458614","상상과창조","이지은",3,"시간미지정강좌,시간미지정강좌",,"",,,
4268,"미정","전공선택","7458615","전문학술영어","Kimberley Jean Blount",3,"월(14:30-16:00),목(14:30-16:00)","제2공학관305강의실","",,,
4269,"미정","전공선택","7458616","혁신과잡종의과학사","남영",2,"월(15:00-17:00)","제2공학관203강의실","",,,
4270,"미정","전공선택","7458617","고급한국어","전은진",3,"시간미지정강좌,시간미지정강좌",,"",,,
4271,"미정","전공선택","7458618","생명과바다","이강현",2,"월(15:00-17:00)","자연과학관B117강의실","",,,
4272,"미정","전공선택","7458619","뇌과학의이해","황세진",2,"수(15:00-17:00)","의대계단강의동202강의실","",,,
4273,"미정","전공선택","7458620","생활속의화학","김민경",2,"수(11:00-13:00)","사범대학본관계단강의실(312)","",,,
4274,"미정","전공선택","7458621","생활속에서만나는생물학","안주홍",2,"화(11:00-13:00)","자연과학관B117강의실","",,,
4275,"미정","전공선택","7458624","스포츠와사회적책임","Ed Topliffe",2,"화(11:00-13:00)","제2공학관307강의실","",,,
4276,"미정","전공선택","7458625","프로이트와문화비평","김수민",2,"금(11:00-13:00)","인문관404강의실","",,,
4277,"미정","전공선택","7458626","여성과법","한수정",2,"수(15:00-17:00)","제3법학관706호","",,,
4278,"미정","전공선택","7458627","Understanding the new business environment","김상범",2,"화(19:00-21:00)","대학원.토건관201강의실","",,,
4279,"미정","전공선택","7458628","중국비즈니스문화와에티켓","박대훈",3,"시간미지정강좌,시간미지정강좌",,"",,,
4280,"미정","전공선택","7458629","인간과생명과학","안주홍",2,"목(11:00-13:00)","자연과학관B117강의실","",,,
4281,"미정","전공선택","7458630","생활속의반도체","방승호",3,"수(16:00-18:00),시간미지정강좌","제1공학관405강의실","",,,
4282,"미정","전공선택","7458631","반도체부품설계공학","임제상",3,"목(16:00-18:00),목(18:00-20:00)","공업센터Workstation실(616)","",,,
4283,"미정","전공선택","7458632","법과국제공동체","김성원",3,"화(13:00-14:30),화(14:30-16:00)","제3법학관304호","",,,
4284,"미정","전공선택","7458633","창업과법","이보미",3,"금(15:00-16:30),금(16:30-18:00)","제3법학관204호","",,,
4285,"미정","전공선택","7458634","시민생활과세법","오윤",3,"월(13:00-14:30),월(14:30-16:00)","제3법학관304호","",,,
4286,"미정","전공선택","7458635","문학과사랑","김세림",2,"수(13:00-15:00)","사범대학본관대강의실8(404)","",,,
4287,"미정","전공선택","7458636","쉽게듣는서양오페라","김유진",2,"수(09:00-11:00)","백남음악관백남홀","",,,
4288,"미정","전공선택","7458637","현대음악의이해","김봄이",2,"월(13:00-15:00)","제2음악관403강의실","",,,
4289,"미정","전공선택","7458638","비판적글읽기","Ian Gareth Robert Jones",2,"월(09:00-11:00)","제2공학관309강의실","",,,
4290,"미정","전공선택","7458639","생태친화적기업경영","안광일",3,"시간미지정강좌,시간미지정강좌",,"",,,
4291,"미정","전공선택","7458640","기업경영과비즈니스전략","신민수",3,"시간미지정강좌,시간미지정강좌",,"",,,
4292,"미정","전공선택","7458641","중급독일어회화","Wirsching Cornelia Song",2,"수(13:00-15:00)","인문관406강의실","",,,
4293,"미정","전공선택","7458642","브리꼴뢰르-융합형인재","김현경",3,"화(13:00-14:30),화(14:30-16:00)","사회과학관651강의실","",,,
4294,"미정","전공선택","7458643","과학자의리더십","남영",2,"금(11:00-13:00)","제2공학관203강의실","",,,
4295,"미정","전공선택","7458644","생물학연대기","정혜경",2,"금(13:00-15:00)","제1공학관505강의실","",,,
4296,"미정","전공선택","7458645","한국의역사와문화","김민석",2,"수(15:00-17:00)","제2공학관301강의실","",,,
4297,"미정","전공선택","7458646","인간의본성에관한철학적담론","이근세",2,"화(13:00-15:00)","인문관312강의실","",,,
4298,"미정","전공선택","7458647","철학명저제대로읽기","오애향",2,"금(11:00-13:00)","인문관311강의실","",,,
4299,"미정","전공선택","7458648","Animal Ethics","Mark A. Rublik",2,"월(11:00-13:00)","제1공학관209강의실","",,,
4300,"미정","전공선택","7458649","Introduction to Digital Photography","Ed Topliffe",2,"목(13:00-15:00)","제1공학관209강의실","",,,
4301,"미정","전공선택","7458650","The Language of Global Cuisine","Mimi Eun Newton",2,"금(15:00-17:00)","제1공학관209강의실","",,,
4302,"미정","전공선택","7458651","빅데이터,사물인터넷,그리고인문학적상상력","김성희",3,"목(16:00-17:30),목(17:30-19:00)","제1공학관207강의실","",,,
4303,"미정","전공선택","7458652","자기를찾아가는에니어그램","정기수",2,"목(15:00-17:00)","제1공학관209강의실","",,,
4304,"미정","전공선택","7458653","4차산업혁명과비즈니스","이창원",2,"화(13:00-15:00)","경영관B110강의실","",,,
4305,"미정","전공선택","7458654","4차산업과해양자원","이강현",2,"월(13:00-15:00)","자연과학관B117강의실","",,,
4306,"미정","전공선택","7458655","빅데이터와패션트렌드","이현정",3,"월(09:00-10:30),월(10:30-12:00)","생활과학관컴퓨터실","",,,
4307,"미정","전공선택","7458656","미생물의세계","이진원",2,"월(11:00-13:00)","자연과학관118강의실","",,,
4308,"미정","전공선택","7458657","인공지능과기계학습","장병철",2,"화(11:00-13:00)","제2공학관SW융합실습실(507)","",,,
4309,"미정","전공선택","7458658","4차산업혁명핵심기술의이해","김철환",2,"금(13:00-15:00)","제2공학관202강의실(녹화전용)","",,,
4310,"미정","전공선택","7458659","뉴미디어와공연예술의현재와미래","우종희",3,"화(13:00-14:30),화(14:30-16:00)","올림픽체육관230강의실","",,,
4311,"미정","전공선택","7458660","스토리텔링으로보는춤","한정미",2,"목(11:00-13:00)","올림픽체육관230강의실","",,,
4312,"미정","전공선택","7458661","형법의이해","최영승",3,"수(13:00-14:30),수(14:30-16:00)","제3법학관102호","",,,
4313,"미정","전공선택","7458662","멀티미디어로배우는현대생명과학","신인철",3,"수(13:00-15:00)","자연과학관B117강의실,","",,,
4314,"미정","전공선택","7458663","인간행동과동기","전수현",2,"수(15:00-17:00)","사범대학본관대강의실8(404)","",,,
4315,"미정","전공선택","7458664","건강과사회그리고심리학","차지은",2,"월(09:00-11:00)","제1공학관509강의실","",,,
4316,"미정","전공선택","7458665","금융인공지능실무","박성우",3,"월(19:00-20:30),월(20:30-22:00)","경영관B103강의실","",,,
4317,"미정","전공선택","7458666","4차산업혁명:융합적분석과인문학의대안","이도흠",3,"시간미지정강좌,시간미지정강좌",,"",,,
4318,"미정","전공선택","7458667","이공계를위한영어글쓰기","Adam Turner",3,"화(10:30-12:00),금(10:30-12:00)","제2공학관313강의실(녹화전용)","",,,
4319,"미정","전공선택","7458668","비즈니스글쓰기:설득의방법","Ian Gareth Robert Jones",3,"화(10:30-12:00),금(10:30-12:00)","제1공학관409강의실","",,,
4320,"미정","전공선택","7458669","고급영어토론:설득의기술","Stacey Eujung Choi",3,"화(13:00-14:30),목(14:30-16:00)","제1공학관501강의실","",,,
4321,"미정","전공선택","7458670","고급영어토론:협상의기술","Brian A. Wildeboer",3,"화(13:00-14:30),목(13:00-14:30)","제2공학관306강의실","",,,
4322,"미정","전공선택","7458671","사회혁신을위한미디어의이해","이동형",3,"월(09:00-10:30),월(10:30-12:00)","사회과학관301강의실","",,,
4323,"미정","전공선택","7458672","패션리테일4.0시대옴니채널마케팅","김정희",3,"목(13:00-14:30),목(14:30-16:00)","생활과학관컴퓨터실","",,,
4324,"미정","전공선택","7458673","빅뱅에서인간까지","김항배",2,"화(15:00-17:00)","자연과학관B117강의실","",,,
4325,"미정","전공선택","7458674","디지털플랫폼과경제및사회적이슈","박태영",3,"금(13:00-14:00),금(14:00-16:00)","경영관304강의실","",,,
4326,"미정","전공선택","7458675","트랜스미디어디자이닝솔루션","Tammy Ko Robinson",3,"목(09:00-10:30),목(10:30-12:00)","사범대학본관시각멀티미디어디자인2(102)","",,,
4327,"미정","전공선택","7458676","AR/VR가상공간인터렉티브콘텐츠개발랩","고동욱",3,"월(11:00-12:00),월(12:00-14:00)","비지정()","",,,
4328,"미정","전공선택","7458677","문학과예술이론의아포리아에대한동서양의대화","이도흠",3,"시간미지정강좌,시간미지정강좌",,"",,,
4329,"미정","전공선택","7458678","인공지능기술기반에너지관리시스템의이해","이동규",3,"금(09:00-11:00),금(11:00-13:00)","건축관IC-PBL강의실(601)","",,,
4330,"미정","전공선택","7458679","20세기일본과21세기중국","박순석",3,"수(13:00-14:30),수(14:30-16:00)","사회과학관251강의실","",,,
4331,"미정","전공선택","7458680","학문적영어읽기:이해와해석","이광희",3,"화(16:00-17:30),화(17:30-19:00)","제1공학관409강의실","",,,
4332,"미정","전공선택","7458681","소통과갈등의이해","박혜연",2,"수(11:00-13:00)","제1공학관209강의실","",,,
4333,"미정","전공선택","7458682","우리말어원의세계","정종수",3,"수(09:00-11:00),수(11:00-12:00)","제1공학관501강의실","",,,
4334,"미정","전공선택","7458683","MBTI유형에따른대화전략","정종수",3,"목(09:00-11:00),목(11:00-12:00)","제1공학관501강의실","",,,
4335,"미정","전공선택","7458684","직장인을위한프레젠테이션","정종수",3,"수(13:00-15:00),수(15:00-16:00)","제1공학관501강의실","",,,
4336,"미정","전공선택","7458685","21세기뮤지컬과미래예술","김준희",3,"월(15:00-16:30),월(16:30-18:00)","올림픽체육관230강의실","",,,
4337,"미정","전공선택","7458686","Fact versus Fiction: Media Literacy and Detecting Fake News","Caroline Sommerville Ward",3,"화(14:30-16:00),목(16:00-17:30)","제1공학관509강의실","",,,
4338,"미정","전공선택","7458687","과학의탈국가화","정혜경",3,"목(13:00-14:30),목(14:30-16:00)","제1공학관505강의실","",,,
4339,"미정","전공선택","7458689","질병과장애,고통의음악학","계희승",2,"월(13:00-15:00)","제2공학관302강의실","",,,
4340,"미정","전공선택","7458690","로봇시대의논쟁","이채리",3,"금(09:00-10:30),금(10:30-12:00)","제1공학관502강의실","",,,
4341,"미정","전공선택","7458691","관광과지리","장민희",2,"목(09:00-11:00)","사회과학관304강의실","",,,
4342,"미정","전공선택","7458692","말과현대생활","이윤희",2,"목(11:00-13:00)","사범대학본관대강의실6(308)","",,,
4343,"미정","전공선택","7458693","가족문제","안윤영",2,"수(11:00-13:00)","제1공학관505강의실","",,,
4344,"미정","전공선택","7458695","지진과생활","이승규",2,"수(11:00-13:00)","제2공학관301강의실","",,,
4345,"미정","전공선택","7458696","일반물리학및실험1","이명재",4,"수(11:00-13:00),금(15:00-17:00)","제1공학관304강의실,,자연과학관일반물리학실험실3(212),자연과학관일반물리학실험실4(213)","",,,
4346,"미정","전공선택","7458697","일반물리학및실험2","조진호",3,"수(15:00-17:00),금(13:00-15:00)","제1공학관401강의실,자연과학관일반물리학실험실6(218),자연과학관일반물리학실험실5(217)","",,,
4347,"미정","전공선택","7458698","스크린영어","서지윤",3,"화(16:00-17:30),화(17:30-19:00)","인문관205강의실","",,,
4348,"미정","전공선택","7458699","영.미문화와영화","김윤정",3,"수(16:00-17:30),수(17:30-19:00)","인문관307강의실","",,,
4349,"미정","전공선택","7458701","The Language of Cinema","Hugh Newton",2,"금(11:00-13:00)","제1공학관209강의실","",,,
4350,"미정","전공선택","7458702","발달과부모교육","안윤영",2,"수(09:00-11:00)","제1공학관505강의실","",,,
4351,"미정","전공선택","7458703","주거학개론","박다연",2,"화(09:00-11:00)","제2공학관301강의실","",,,
4352,"미정","전공선택","7458704","라틴아메리카문화와예술","정동희",3,"금(09:00-10:30),금(10:30-12:00)","제2공학관202강의실(녹화전용)","",,,
4353,"미정","전공선택","7458705","필수비즈니스한자","윤국화",2,"월(11:00-13:00)","제2공학관301강의실","",,,
4354,"미정","전공선택","7458706","재미있는한자세계","김진희",2,"금(13:00-15:00)","제2공학관301강의실","",,,
4355,"미정","전공선택","7458707","고전음악의이해","김경화",2,"목(13:00-15:00)","제2공학관302강의실","",,,
4356,"미정","전공선택","7458708","외국인을위한한국의역사와문화","주혁",2,"화(13:00-15:00)","인문관405강의실","",,,
4357,"미정","전공선택","7458709","생명공학의이해","김백호",2,"화(13:00-15:00)","자연과학관B115강의실","",,,
4358,"미정","전공선택","7458710","세상으로걸어간과학기술자들","김호연",3,"월(13:00-15:00)","제2공학관203강의실,","",,,
4359,"미정","전공선택","7458711","식생활과안전","엄애선",2,"화(11:00-13:00)","생활과학관206강의실","",,,
4360,"미정","전공선택","7458712","CEO세미나(혁신과변화)","김종식",2,"화(15:00-17:00)","제1공학관103강의실","",,,
4361,"미정","전공선택","7458713","상상력을자극하는한자교실","박수밀",2,"화(13:00-15:00)","제2공학관301강의실","",,,
4362,"미정","전공선택","7458714","분석과비판","민찬홍",2,"목(09:00-11:00)","제2공학관202강의실(녹화전용)","",,,
4363,"미정","전공선택","7458715","인간과음악적상상력","정경영",2,"월(15:00-17:00)","제2공학관302강의실","",,,
4364,"미정","전공선택","7458716","Capturing the Essence of Outliers: Exploring the Minds of Innovative Leaders","Stacey Eujung Choi",3,"월(13:00-14:30),목(10:30-12:00)","제1공학관505강의실","",,,
4365,"미정","전공선택","7458717","Globalisation, Ethics and International Development","Michael William Brandon",3,"화(14:30-16:00),금(14:30-16:00)","사회과학관416강의실","",,,
4366,"미정","전공선택","7458718","Reading in Science Fiction","Luke Oliver Allum",3,"수(13:00-14:30),금(14:30-16:00)","제1공학관405강의실","",,,
4367,"미정","전공선택","7458719","수사학으로읽는미디어와대중문화","이은실",3,"수(13:00-14:30),수(14:30-16:00)","제1공학관602강의실","",,,
4368,"미정","전공선택","7458720","영성과음악","이천진",2,"수(15:00-17:00)","비지정()","",,,
4369,"미정","전공선택","7458721","문화비즈니스와리더십","김현주",2,"수(13:00-15:00)","백남음악관백남홀","",,,
4370,"미정","전공선택","7458722","영화의역사","김윤지",2,"화(13:00-15:00)","올림픽체육관302강의실","",,,
4371,"미정","전공선택","7458723","글로벌지속가능소비와시장","언초",3,"월(13:00-14:30),월(14:30-16:00)","경영관B109강의실","",,,
4372,"미정","전공선택","7458724","일의세계와노동법","고수현",3,"수(15:00-16:30),수(16:30-18:00)","제3법학관103호","",,,
4373,"미정","전공선택","7458725","블랜디드온스테이지-뮤지컬제작프로젝트","송용진",3,"금(15:00-18:00)","올림픽체육관104호한양예술극장","",,,
4374,"미정","전공선택","7458728","글로벌지속가능성마케팅","김지수",3,"목(16:00-17:00),목(17:00-19:00)","경영관403강의실","",,,
4375,"미정","전공선택","7458732","국제교육실습","김선아",2,"시간미지정강좌",,"",,,
4376,"미정","전공선택","7458733","정신건강과적응","이경호",2,"수(15:00-17:00)","사범대학본관대강의실3(303)","",,,
4377,"미정","전공선택","7458734","학교폭력예방및학생의이해","조영상",2,"목(13:00-15:00)","사범대학본관대강의실8(404)","",,,
4378,"미정","전공선택","7458735","교육실습","김선아",2,"시간미지정강좌",,"",,,
4379,"미정","전공선택","7458736","인문대생을위한창의적프로그래밍","최승호",3,"월(16:00-19:00)","인문관107강의실","",,,
4380,"미정","전공선택","7458737","교양농구1","정재훈",2,"월(11:00-13:00)","올림픽체육관114호농구장","",,,
4381,"미정","전공선택","7458738","교양농구1","정재훈",2,"월(15:00-17:00)","올림픽체육관114호농구장","",,,
4382,"미정","전공선택","7458739","교양배드민턴","맹이섭",2,"월(13:00-15:00)","올림픽체육관114호농구장","",,,
4383,"미정","전공선택","7458740","교양배드민턴","김만근",2,"금(13:00-15:00)","올림픽체육관114호농구장","",,,
4384,"미정","전공선택","7458741","AI시대쓰기의힘","만다",2,"월(15:00-17:00)","제1공학관406강의실","",,,
4385,"미정","전공선택","7458742","AI시대쓰기의힘","만다",2,"화(13:00-15:00)","제1공학관206강의실","",,,
4386,"미정","전공선택","7458743","AI시대쓰기의힘","조양",2,"화(09:00-11:00)","제1공학관103강의실","",,,
4387,"미정","전공선택","7458744","통합사고와읽기의기술","김치성",2,"목(15:00-17:00)","제1공학관206강의실","",,,
4388,"미정","전공선택","7458745","교양웨이트트레이닝","유현기",2,"화(09:00-11:00)","올림픽체육관웨이트트레이닝실","",,,
4389,"미정","전공선택","7458746","교양웨이트트레이닝","조아라",2,"화(11:00-13:00)","올림픽체육관웨이트트레이닝실","",,,
4390,"미정","전공선택","7458747","교양웨이트트레이닝","조아라",2,"화(15:00-17:00)","올림픽체육관웨이트트레이닝실","",,,
4391,"미정","전공선택","7458748","교양웨이트트레이닝","박종진",2,"목(09:00-11:00)","올림픽체육관웨이트트레이닝실","",,,
4392,"미정","전공선택","7458749","교양웨이트트레이닝","강성훈",2,"목(11:00-13:00)","올림픽체육관웨이트트레이닝실","",,,
4393,"미정","전공선택","7458750","교양웨이트트레이닝","강성훈",2,"목(13:00-15:00)","올림픽체육관웨이트트레이닝실","",,,
4394,"미정","전공선택","7458751","교양축구1","최정호",2,"목(09:00-11:00)","비지정()","",,,
4395,"미정","전공선택","7458752","교양축구1","최정호",2,"목(13:00-15:00)","비지정()","",,,
4396,"미정","전공선택","7458753","교양탁구1","아미르 카만디",2,"화(09:00-11:00)","올림픽체육관종합실기장","",,,
4397,"미정","전공선택","7458754","교양탁구1","아미르 카만디",2,"화(11:00-13:00)","올림픽체육관종합실기장","",,,
4398,"미정","전공선택","7458755","교양테니스1","김종희",2,"화(15:00-17:00)","올림픽체육관114호농구장","",,,
4399,"미정","전공선택","7458756","교양테니스1","김종희",2,"목(15:00-17:00)","올림픽체육관114호농구장","",,,
4400,"미정","전공선택","7458757","뉴스포츠","유현기",2,"수(09:00-11:00)","올림픽체육관114호농구장","",,,
4401,"미정","전공선택","7458758","뉴스포츠","유현기",2,"수(11:00-13:00)","올림픽체육관114호농구장","",,,
4402,"미정","전공선택","7458759","버추얼피트니스산업디자인","김성민",3,"수(15:00-16:00),수(16:00-18:00)","올림픽체육관332강의실","",,,
4403,"미정","전공선택","7458760","요가","최현주",2,"월(11:00-13:00)","올림픽체육관116호사교무용홀","",,,
4404,"미정","전공선택","7458761","요가","최현주",2,"월(13:00-15:00)","올림픽체육관116호사교무용홀","",,,
4405,"미정","전공선택","7458762","전문학술영어","Kimberley Jean Blount",3,"화(10:30-12:00),금(10:30-12:00)","제2공학관305강의실","",,,
4406,"미정","전공선택","7458763","전문학술영어","Younghwa Choi-Hong",3,"화(14:30-16:00),금(13:00-14:30)","제2공학관305강의실","",,,
4407,"미정","전공선택","7458764","사회클래식:자서전의힘","김현주",3,"수(15:00-17:00)","제2공학관203강의실,","",,,
4408,"미정","전공선택","7458767","지적재산법","김병일",3,"수(15:00-16:30),수(16:30-18:00)","제3법학관601호","",,,
4409,"미정","전공선택","7458768","과학기술학의새로운지평","김성희",3,"금(16:00-17:30),금(17:30-19:00)","제2공학관312강의실","",,,
4410,"미정","전공선택","7458769","과학기술의철학적이해","이채리",3,"화(10:30-12:00)","제1공학관501강의실,","",,,
4411,"미정","전공선택","7458770","과학기술의철학적이해","박민아",3,"화(10:30-12:00)","제1공학관209강의실,","",,,
4412,"미정","전공선택","7458771","과학기술의철학적이해","남영",3,"목(09:00-10:30)","제2공학관203강의실,","",,,
4413,"미정","전공선택","7458772","과학기술의철학적이해","남영",3,"목(10:30-12:00)","제2공학관203강의실,","",,,
4414,"미정","전공선택","7458773","인문클래식BL:언어의비밀","전은진",3,"화(15:00-17:00)","제1공학관505강의실,","",,,
4415,"미정","전공선택","7458774","디지털게임과현대사회","김은정",3,"화(09:00-11:00),화(11:00-12:00)","인문관318강의실","",,,
4416,"미정","전공선택","7458775","테크노사이언스가만드는세상","박민아",3,"월(13:00-14:30),월(14:30-16:00)","인문관318강의실","",,,
4417,"미정","전공선택","7458776","네트워크사회를위한미래인문학","오경준",3,"금(13:00-14:30),금(14:30-16:00)","인문관318강의실","",,,
4418,"미정","전공선택","7458777","사회적상상력을여는소통과혁신의수사학","조명희",3,"금(09:00-10:30),금(10:30-12:00)","인문관312강의실","",,,
4419,"미정","전공선택","7458778","20대의논어읽기","서신혜",3,"월(13:00-15:00),시간미지정강좌","제1공학관502강의실,","",,,
4420,"미정","전공선택","7458779","20대의논어읽기","서신혜",3,"목(11:00-13:00),시간미지정강좌","제1공학관502강의실,","",,,
4421,"미정","전공선택","7458780","옛소설과현대와의대화","서신혜",3,"월(15:00-17:00)","제1공학관502강의실,","",,,
4422,"미정","전공선택","7458781","옛소설과현대와의대화","서신혜",3,"목(13:00-15:00)","제2공학관202강의실(녹화전용),","",,,
4423,"미정","전공선택","7458782","멀티미디어영작문","Ian Gareth Robert Jones",2,"목(11:00-13:00)","제2공학관정석현PC1","",,,
4424,"미정","전공선택","7458783","멀티미디어영작문","Matthew John Clement",2,"월(13:00-15:00)","제2공학관정석현PC1","",,,
4425,"미정","전공선택","7458787","초급중국어1","박준수",3,"화(15:00-17:00)","사회과학관153강의실,","",,,
4426,"미정","전공선택","7458788","초급중국어1","박준수",3,"수(11:00-13:00)","사회과학관153강의실,","",,,
4427,"미정","전공선택","7458789","초급중국어1","박준수",3,"수(15:00-17:00)","사회과학관153강의실,","",,,
4428,"미정","전공선택","7458790","초급중국어1","박준수",3,"목(11:00-13:00)","사회과학관153강의실,","",,,
4429,"미정","전공선택","7458791","초급중국어1","박준수",3,"목(13:00-15:00)","사회과학관153강의실,","",,,
4430,"미정","전공선택","7458792","인문클래식BL:언어의비밀","전은진",3,"화(11:00-13:00)","제1공학관505강의실,","",,,
4431,"미정","전공선택","7458793","기초스페인어","진미령",3,"수(09:00-11:00)","제1공학관602강의실,","",,,
4432,"미정","전공선택","7458794","전통음악감상","박지인",2,"월(11:00-13:00)","제2음악관301강의실","",,,
4433,"미정","전공선택","7458795","전통음악감상","박지인",2,"월(13:00-15:00)","제2음악관301강의실","",,,
4434,"미정","전공선택","7458796","전통음악감상","이윤정",2,"월(11:00-13:00)","제1음악관501강의실","",,,
4435,"미정","전공선택","7458797","의사소통과이미지메이킹론","권나은",3,"금(09:00-10:30),금(10:30-12:00)","사회과학관304강의실","",,,
4436,"미정","전공선택","7458798","의사소통과이미지메이킹론","김혜림",3,"화(09:00-10:30),화(10:30-12:00)","사회과학관304강의실","",,,
4437,"미정","전공선택","7458799","구급법","성기석",2,"수(11:00-13:00)","올림픽체육관230강의실","",,,
4438,"미정","전공선택","7458800","운동과다이어트","김다흰",2,"화(13:00-15:00)","올림픽체육관333강의실","",,,
4439,"미정","전공선택","7458801","필라테스","황민경",2,"화(09:00-11:00)","올림픽체육관116호사교무용홀","",,,
4440,"미정","전공선택","7458802","필라테스","황민경",2,"화(11:00-13:00)","올림픽체육관116호사교무용홀","",,,
4441,"미정","전공선택","7458803","필라테스","황민경",2,"목(13:00-15:00)","올림픽체육관116호사교무용홀","",,,
4442,"미정","전공선택","7458804","필라테스","정경화",2,"수(09:00-11:00)","올림픽체육관116호사교무용홀","",,,
4443,"미정","전공선택","7458805","필라테스","순아름",2,"금(09:00-11:00)","올림픽체육관116호사교무용홀","",,,
4444,"미정","전공선택","7458806","사회클래식BL:사랑의역사와문화정치학","김현주",3,"목(13:00-15:00)","제2공학관312강의실,","",,,
4445,"미정","전공선택","7458807","인문클래식:문학으로읽는음식과인간","김지선",3,"수(16:00-18:00),수(18:00-19:00)","제2공학관312강의실","",,,
4446,"미정","전공선택","7458808","과학기술의철학적이해","김호연",3,"목(13:00-14:30)","제2공학관203강의실,","",,,
4447,"미정","전공선택","7458809","과학기술의철학적이해","김호연",3,"목(14:30-16:00)","제2공학관203강의실,","",,,
4448,"미정","전공선택","7458810","미분적분학1","최나리",3,"월(14:30-16:00),목(13:00-14:30)","제1공학관404강의실","",,,
4449,"미정","전공선택","7458811","미분적분학2","최나리",3,"월(16:00-17:30),수(16:00-17:30)","제1공학관404강의실","",,,
4450,"미정","전공선택","7458812","미분적분학2","정예원",3,"화(09:00-10:30),목(10:30-12:00)","제1공학관404강의실","",,,
4451,"미정","전공선택","7458813","미분적분학2","허재성",3,"월(14:30-16:00),목(13:00-14:30)","제1공학관601강의실","",,,
4452,"미정","전공선택","7458814","미분적분학2","조규동",3,"화(16:00-17:30),금(14:30-16:00)","제1공학관404강의실","",,,
4453,"미정","전공선택","7458815","호신술과자기방어","손성원",2,"목(09:00-11:00)","올림픽체육관유도장","",,,
4454,"미정","전공선택","7458816","호신술과자기방어","손성원",2,"목(11:00-13:00)","올림픽체육관유도장","",,,
4455,"미정","전공선택","7458817","호신술과자기방어","김만근",2,"금(11:00-13:00)","올림픽체육관유도장","",,,
4456,"미정","전공선택","7458818","과학클래식:생명과문명의융합적세계관을향하여","정혜경",3,"금(09:00-10:30),금(10:30-12:00)","제1공학관505강의실","",,,
4457,"미정","전공선택","7458819","예술클래식BL:신화로읽는동화","강민경",3,"화(11:00-13:00)","제2공학관203강의실,","",,,
4458,"미정","전공선택","7458825","과학기술의철학적이해","남영",3,"금(09:00-10:30)","제2공학관203강의실,","",,,
4459,"미정","전공선택","7458826","창의적프로그래밍","신수연",2,"화(15:00-16:00),화(16:00-17:00)","제2공학관최병부SW실습실(303)","",,,
4460,"미정","전공선택","7458827","창의적프로그래밍","장병철",2,"화(15:00-16:00),화(16:00-17:00)","제2공학관SW융합실습실(507)","",,,
4461,"미정","전공선택","7458838","초급중국어1","한승",3,"수(11:00-13:00)","제1공학관409강의실,","",,,
4462,"미정","전공선택","7458839","초급중국어1","한승",3,"수(13:00-15:00)","제1공학관409강의실,","",,,
4463,"미정","전공선택","7458840","초급중국어1","ZHAO MENGMENG",3,"월(11:00-13:00)","제2공학관312강의실,","",,,
4464,"미정","전공선택","7458841","초급중국어1","ZHAO MENGMENG",3,"월(13:00-15:00)","제2공학관312강의실,","",,,
4465,"미정","전공선택","7458842","인문클래식BL:삼국지와인간","박동욱",3,"수(09:00-11:00)","제1공학관103강의실,","",,,
4466,"미정","전공선택","7458843","인문클래식BL:삼국지와인간","박동욱",3,"수(13:00-15:00)","제1공학관103강의실,","",,,
4467,"미정","전공선택","7458844","유쾌한이노베이션","정효찬",2,"목(11:00-13:00)","제1공학관201강의실","",,,
4468,"미정","전공선택","7458845","유쾌한이노베이션","정효찬",2,"목(13:00-15:00)","제1공학관201강의실","",,,
4469,"미정","전공선택","7458846","유쾌한이노베이션","정효찬",2,"목(15:00-17:00)","제1공학관201강의실","",,,
4470,"미정","전공선택","7458847","성인병과운동","석민화",2,"월(11:00-13:00)","올림픽체육관333강의실","",,,
4471,"미정","전공선택","7458848","연극치료","김석윤",2,"수(11:00-13:00)","올림픽체육관블랙박스씨어터","",,,
4472,"미정","전공선택","7458849","영어말하기및표현연습2(영어노래분석과표현기법)","Gary Joseph Turnham",2,"목(11:00-13:00)","제2공학관308강의실","",,,
4473,"미정","전공선택","7458850","영어말하기및표현연습2(영어노래분석과표현기법)","Esther du Plessis",2,"목(11:00-13:00)","제2공학관307강의실","",,,
4474,"미정","전공선택","7458851","AI와함께하는스마트자기주도학습","Ian Gareth Robert Jones",2,"월(11:00-13:00)","제2공학관309강의실","",,,
4475,"미정","전공선택","7458852","하루키와함께읽는고전","김지선",2,"수(13:00-15:00)","제2공학관312강의실","",,,
4476,"미정","전공선택","7458854","항공업진로의탐색","권나은",3,"금(13:00-14:30),금(14:30-16:00)","사회과학관304강의실","",,,
4477,"미정","전공선택","7458855","말과글","전지은",3,"월(13:00-14:30),수(13:00-14:30)","제1공학관603강의실","",,,
4478,"미정","전공선택","7458856","기초학술영어","Connie Park",3,"월(11:00-13:00)","인문관112강의실,","",,,
4479,"미정","전공선택","7458857","기초학술영어","Mimi Eun Newton",3,"목(13:00-15:00)","인문관211강의실,","",,,
4480,"미정","전공선택","7458858","기초학술영어","S. Afflick-Smith",3,"수(11:00-13:00)","제2공학관306강의실,","",,,
4481,"미정","전공선택","7458859","기초학술영어","S. Afflick-Smith",3,"목(11:00-13:00)","제2공학관306강의실,","",,,
4482,"미정","전공선택","7458860","기초학술영어","Connie Park",3,"목(11:00-13:00)","제2공학관305강의실,","",,,
4483,"미정","전공선택","7458861","비판적사고와창의적추론:현대적사고를위한툴","Michael William Brandon",2,"금(11:00-13:00)","제2공학관307강의실","",,,
4484,"미정","전공선택","7458862","비판적사고와창의적추론:현대적사고를위한툴","Luke Oliver Allum",2,"수(11:00-13:00)","제1공학관405강의실","",,,
4485,"미정","전공선택","7458863","취업영어커뮤니케이션","Matthew John Clement",2,"화(11:00-13:00)","제2공학관312강의실","",,,
4486,"미정","전공선택","7458864","취업영어커뮤니케이션","Matthew John Clement",2,"금(11:00-13:00)","제1공학관602강의실","",,,
4487,"미정","전공선택","7458865","시나리오영작문","Hugh Newton",2,"화(13:00-15:00)","제2공학관308강의실","",,,
4488,"미정","전공선택","7458866","시나리오영작문","Hugh Newton",2,"월(13:00-15:00)","제2공학관308강의실","",,,
4489,"미정","전공선택","7458867","말과글","김치성",3,"월(10:30-12:00),수(10:30-12:00)","제1공학관603강의실","",,,
4490,"미정","전공선택","7458870","말과글","허진혁",3,"화(10:30-12:00),목(10:30-12:00)","제1공학관603강의실","",,,
4491,"미정","전공선택","7458871","말과글","김선화",3,"화(13:00-14:30),목(13:00-14:30)","제1공학관603강의실","",,,
4492,"미정","전공선택","7458872","로봇의이해","이재수",3,"수(13:00-15:00),수(15:00-17:00)","제2공학관COBOT센터","",,,
4493,"미정","전공선택","7458873","로봇의이해","이재수",3,"수(13:00-15:00),수(15:00-17:00)","제2공학관휴온스팹랩창의공간","",,,
4494,"미정","전공선택","7458874","로봇의이해","이태영",3,"목(13:00-15:00),목(15:00-17:00)","제2공학관COBOT센터","",,,
4495,"미정","전공선택","7458875","로봇의이해","이태영",3,"목(13:00-15:00),목(15:00-17:00)","제2공학관휴온스팹랩창의공간","",,,
4496,"미정","전공선택","7458876","스마트장치의이해","이태영",2,"화(13:00-14:00),화(14:00-16:00)","제2공학관휴온스팹랩창의공간","",,,
4497,"미정","전공선택","7458877","스마트장치의이해","오승연",2,"금(09:00-10:00),금(10:00-12:00)","제2공학관휴온스팹랩창의공간","",,,
4498,"미정","전공선택","7458878","스마트장치의이해","오승연",2,"금(13:00-14:00),금(14:00-16:00)","제2공학관휴온스팹랩창의공간","",,,
4499,"미정","전공선택","7458879","대학합창","임병훈",2,"금(09:00-11:00)","백남음악관백남홀","",,,
4500,"미정","전공선택","7458881","중급일본어","배소연",2,"월(09:00-11:00)","제1공학관601강의실","",,,
4501,"미정","전공선택","7458882","기초프랑스어","문규영",3,"수(16:00-17:30),수(17:30-19:00)","제1공학관409강의실","",,,
4502,"미정","전공선택","7458883","기초프랑스어","서덕렬",3,"목(13:00-14:30),목(14:30-16:00)","제1공학관604강의실(녹화전용)","",,,
4503,"미정","전공선택","7458884","중급프랑스어","Rukiye AKDAG",2,"금(11:00-13:00)","제1공학관501강의실","",,,
4504,"미정","전공선택","7458885","실용일어회화","배소연",2,"월(11:00-13:00)","제1공학관601강의실","",,,
4505,"미정","전공선택","7458886","실용일어회화","최경옥",2,"목(13:00-15:00)","제1공학관304강의실","",,,
4506,"미정","전공선택","7458887","Ideology in Politics and Culture","Luke Oliver Allum",3,"수(14:30-16:00),금(10:30-12:00)","제1공학관509강의실","",,,
4507,"미정","전공선택","7458888","기업·공공부문커뮤니케이션실전","Michael William Brandon",2,"목(13:00-15:00)","제1공학관401강의실","",,,
4508,"미정","전공선택","7458889","기업·공공부문커뮤니케이션실전","Douglas N. McIntosh",2,"월(11:00-13:00)","인문관121강의실","",,,
4509,"미정","전공선택","7458890","인문클래식:인간과가족","박동욱",3,"목(09:00-10:30),목(10:30-12:00)","제1공학관103강의실","",,,
4510,"미정","전공선택","7458891","인문클래식:인간과가족","박동욱",3,"목(16:00-17:30),목(17:30-19:00)","제1공학관103강의실","",,,
4511,"미정","전공선택","7458892","초급중국어1","김명신",3,"화(13:00-15:00)","제1공학관207강의실,","",,,
4512,"미정","전공선택","7458894","말과글","이은실",3,"화(14:30-16:00),목(14:30-16:00)","제1공학관603강의실","",,,
4513,"미정","전공선택","7458895","말과글","만다",3,"화(14:30-16:00),수(14:30-16:00)","제1공학관406강의실","",,,
4514,"미정","전공선택","7458896","말과글","오민수",3,"화(16:00-17:30),목(16:00-17:30)","제1공학관507강의실","",,,
4515,"미정","전공선택","7458897","말과글","김치성",3,"월(09:00-10:30),수(09:00-10:30)","제1공학관603강의실","",,,
4516,"미정","전공선택","7458898","기후변화와임팩트비즈니스","김태한",3,"목(13:00-14:30),목(14:30-16:00)","제2공학관301강의실","",,,
4517,"미정","전공선택","7458899","초급일본어","김주연",3,"월(09:00-10:30),월(10:30-12:00)","제1공학관103강의실","",,,
4518,"미정","전공선택","7458900","초급일본어","전유나",3,"화(09:00-10:30),화(10:30-12:00)","제1공학관601강의실","",,,
4519,"미정","전공선택","7458901","초급일본어","오수진",3,"월(13:00-14:30),월(14:30-16:00)","제1공학관201강의실","",,,
4520,"미정","전공선택","7458902","초급일본어","최경옥",3,"화(13:00-14:30),화(14:30-16:00)","제1공학관405강의실","",,,
4521,"미정","전공선택","7458905","사회클래식BL:성과인간의대화","임은희",3,"목(13:00-15:00)","제1공학관409강의실,","",,,
4522,"미정","전공선택","7458906","민법의이해","이준형",3,"월(13:00-14:30),월(14:30-16:00)","제3법학관601호","",,,
4523,"미정","전공선택","7458907","교양배구1","양진웅",2,"화(11:00-13:00)","올림픽체육관메인홀","",,,
4524,"미정","전공선택","7458908","교양배구1","양진웅",2,"화(13:00-15:00)","올림픽체육관메인홀","",,,
4525,"미정","전공선택","7458909","글로벌기업가정신","배태준",3,"금(13:00-14:30),금(14:30-16:00)","HITB2아이디어팩토리","",,,
4526,"미정","전공선택","7458910","성공취업의이해","홍주영",2,"화(15:00-17:00)","비지정()","",,,
4527,"미정","전공선택","7458911","성공취업의이해","안태정",2,"월(13:00-15:00)","비지정()","",,,
4528,"미정","전공선택","7458912","성공취업의이해","안태정",2,"월(15:00-17:00)","비지정()","",,,
4529,"미정","전공선택","7458913","심리학의이해","이숙희",2,"수(13:00-15:00)","사범대학본관멀티미디어강의실(213)","",,,
4530,"미정","전공선택","7458914","심리학의이해","이숙희",2,"수(15:00-17:00)","사범대학본관멀티미디어강의실(213)","",,,
4531,"미정","전공선택","7458915","필수비즈니스한자","윤국화",2,"월(13:00-15:00)","제2공학관301강의실","",,,
4532,"미정","전공선택","7458916","중국의역사와문화","이승아",2,"화(11:00-13:00)","제2공학관202강의실(녹화전용)","",,,
4533,"미정","전공선택","7458917","스크린영어","박주영",3,"수(13:00-14:30),수(14:30-16:00)","인문관404강의실","",,,
4534,"미정","전공선택","7458918","실용영문법","이영인",3,"화(16:00-17:30),화(17:30-19:00)","인문관233강의실","",,,
4535,"미정","전공선택","7458919","현대중국의이해","안창현",3,"화(13:00-14:30),화(14:30-16:00)","제1공학관409강의실","",,,
4536,"미정","전공선택","7458920","스마트에너지와지속가능한미래","김성희",3,"시간미지정강좌,시간미지정강좌",,"",,,
4537,"미정","전공선택","7458921","생활법률","안문희",2,"수(15:00-17:00)","제3법학관403호","",,,
4538,"미정","전공선택","7458922","생활법률","박세영",2,"수(11:00-13:00)","제3법학관102호","",,,
4539,"미정","전공선택","7458923","교육봉사활동2","김선아",2,"시간미지정강좌",,"",,,
4540,"미정","전공선택","7458924","학교폭력예방및학생의이해","임종근",2,"목(15:00-17:00)","사범대학본관대강의실8(404)","",,,
4541,"미정","전공선택","7458925","AI를위한컴퓨터구조및프로그래밍이해","박주열",2,"수(09:00-10:00),수(10:00-11:00)","제2공학관정석현PC1","",,,
4542,"미정","전공선택","7458926","대중문화와패션","이지연",3,"수(09:00-10:30),수(10:30-12:00)","생활과학관디자인실습실","",,,
4543,"미정","전공선택","7458927","대중문화와패션","이지연",3,"수(13:00-14:30),수(14:30-16:00)","생활과학관디자인실습실","",,,
4544,"미정","전공선택","7458928","인간관계훈련","조희원",2,"월(15:00-17:00)","사범대학본관대강의실3(303)","",,,
4545,"미정","전공선택","7458929","인간관계훈련","조희원",2,"화(15:00-17:00)","사범대학본관대강의실3(303)","",,,
4546,"미정","전공선택","7458930","외국인유학생을위한한국취·창업전략과실습","김범수",2,"금(15:00-16:00),금(16:00-17:00)","대학원.토건관313강의실","",,,
4547,"미정","전공선택","7458931","미디어로세상읽기","이영희",2,"목(15:00-17:00)","제1공학관302강의실","",,,
4548,"미정","전공선택","7458932","초급독일어","최지수",3,"월(16:00-17:30),월(17:30-19:00)","인문관404강의실","",,,
4549,"미정","전공선택","7458933","인문대생을위한앱프로그래밍","이주호",3,"목(09:00-12:00)","인문관107강의실","",,,
4550,"미정","전공선택","7458934","생활지도및상담","조한익",2,"목(13:00-15:00)","사범대학본관대강의실3(303)","",,,
4551,"미정","전공선택","7458935","교육방법및공학","오현숙",2,"수(15:00-17:00)","사범대학별관강의실(506-305)","",,,
4552,"미정","전공선택","7458936","파워앱스를활용한현장프로세스디지털전환","홍석준",2,"목(15:00-16:00),목(16:00-17:00)","제2공학관SW융합실습실(507)","",,,
4553,"미정","전공선택","7458937","교양펜싱","김정환",2,"수(13:00-15:00)","올림픽체육관114호농구장","",,,
4554,"미정","전공선택","7458938","영화로보는서양의역사","고광열",2,"월(13:00-15:00)","제1공학관409강의실","",,,
4555,"미정","전공선택","7458939","외국인을위한한국의역사와문화","주혁",2,"화(15:00-17:00)","인문관405강의실","",,,
4556,"미정","전공선택","7458940","외국인을위한한국의역사와문화","주혁",2,"수(13:00-15:00)","인문관405강의실","",,,
4557,"미정","전공선택","7458941","한국근현대사","정종원",2,"수(15:00-17:00)","제2공학관302강의실","",,,
4558,"미정","전공선택","7458942","한국근현대사","김민석",2,"목(15:00-17:00)","제2공학관302강의실","",,,
4559,"미정","전공선택","7458943","한국의역사와문화","박종연",2,"수(11:00-13:00)","제1공학관502강의실","",,,
4560,"미정","전공선택","7458944","한국의역사와문화","박종연",2,"수(13:00-15:00)","제1공학관502강의실","",,,
4561,"미정","전공선택","7458945","한국의역사와문화","홍양희",2,"목(15:00-17:00)","제1공학관304강의실","",,,
4562,"미정","전공선택","7458947","헌법의이해","조하늬",3,"수(13:00-14:30),수(14:30-16:00)","제3법학관204호","",,,
4563,"미정","전공선택","7458948","교양댄스스포츠","김현진",2,"화(13:00-15:00)","올림픽체육관116호사교무용홀","",,,
4564,"미정","전공선택","7458949","교양댄스스포츠","김현진",2,"화(15:00-17:00)","올림픽체육관116호사교무용홀","",,,
4565,"미정","전공선택","7458950","교양댄스스포츠","김현진",2,"목(11:00-13:00)","올림픽체육관116호사교무용홀","",,,
4566,"미정","전공선택","7458951","사랑의실천2(스마트커뮤니케이션)","최영태",2,"시간미지정강좌",,"",,,
4567,"미정","전공선택","7458952","재료및생산가공실험1","배지웅",2,"월(15:00-19:00)","비지정()","",,,
4568,"미정","전공선택","7458953","열전달","엄석기",3,"월(10:30-12:00),수(10:30-12:00)","제2공학관210강의실","",,,
4569,"미정","전공선택","7458955","촉매반응공학","서영웅",3,"화(13:00-14:30),목(13:00-14:30)","제2공학관501강의실","",,,
4570,"미정","전공선택","7458956","커리어개발Ⅱ:취.창업진로포트폴리오","염봉준",1,"목(16:00-17:00)","제2공학관203강의실","",,,
4571,"미정","전공선택","7458957","전달현상","서정길",3,"화(10:30-12:00),목(10:30-12:00)","신소재공학관707호/708호,제1공학관202강의실","",,,
4572,"미정","전공선택","7458958","세포및조직공학","신흥수",3,"월(14:30-16:00),수(14:30-16:00)","IT.BT관902강의실","",,,
4573,"미정","전공선택","7458959","이산수학","최진식",3,"화(13:00-14:30),목(14:30-16:00)","IT.BT관501강의실,IT.BT관203강의실","",,,
4574,"미정","전공선택","7458960","커리어개발Ⅱ:취.창업진로포트폴리오","김은솔",1,"화(17:00-18:00)","IT.BT관207강의실","",,,
4575,"미정","전공선택","7458961","커리어개발Ⅱ:취.창업진로포트폴리오","이성윤",1,"화(17:00-18:00)","IT.BT관507강의실","",,,
4576,"미정","전공선택","7458962","산업공학연구실현장실습4","송재욱",1,"시간미지정강좌","비지정()","",,,
4577,"미정","전공선택","7458965","자동차공학실험","조기춘",2,"목(15:00-19:00)","비지정()","",,,
4578,"미정","전공선택","7458968","미래자동차공학연구실현장실습4","유지형",1,"시간미지정강좌","비지정()","",,,
4579,"미정","전공선택","7458969","미래자동차공학연구실현장실습4","한경석",1,"시간미지정강좌","비지정()","",,,
4580,"미정","전공선택","7458970","생명공학실험2(URIP)","이동윤",2,"금(13:00-17:00)","IT.BT관902강의실","",,,
4581,"미정","전공선택","7458971","커리어개발Ⅱ:취.창업진로포트폴리오","임태연",1,"월(16:00-17:00)","IT.BT관901강의실","",,,
4582,"미정","전공선택","7458972","자연어처리론","김태욱",3,"월(10:30-12:00),목(13:00-14:30)","IT.BT관207강의실","",,,
4583,"미정","전공선택","7458973","기계학습이론","이성윤",3,"월(10:30-12:00),수(10:30-12:00)","IT.BT관501강의실","",,,
4584,"미정","전공선택","7458974","캡스톤소프트웨어프로젝트2","조영필",1,"시간미지정강좌","비지정()","",,,
4585,"미정","전공선택","7458975","캡스톤소프트웨어프로젝트2","차재혁",1,"시간미지정강좌","비지정()","",,,
4586,"미정","전공선택","7458976","미래자동차공학연구실현장실습4","황순민",1,"시간미지정강좌","비지정()","",,,
4587,"미정","전공선택","7458977","미래자동차공학연구실현장실습4","이동진",1,"시간미지정강좌","비지정()","",,,
4588,"미정","전공선택","7458978","데이터베이스시스템및응용","이경용",3,"목(09:00-10:30),목(10:30-12:00)","인텔리전스컴퓨팅룸3","",,,
4589,"미정","전공선택","7458979","커리어개발Ⅱ:취.창업진로포트폴리오","백성용",1,"수(12:00-13:00)","비지정()","",,,
4590,"미정","전공선택","7458980","분산컴퓨팅","이춘화",3,"화(14:30-16:00),목(10:30-12:00)","IT.BT관609강의실,IT.BT관507강의실","",,,
4591,"미정","전공선택","7458981","AI시대쓰기의힘","허진혁",2,"금(09:00-11:00)","제1공학관206강의실","",,,
4592,"미정","전공선택","7458982","미생물학","이동윤",3,"월(14:30-16:00),수(14:30-16:00)","IT.BT관901강의실","",,,
4593,"미정","전공선택","7458987","생체공학연구실현장실습4","김인영",1,"시간미지정강좌","비지정()","",,,
4594,"미정","전공선택","7458988","재료열역학2","이종원",3,"화(14:30-16:00),목(14:30-16:00)","제2공학관311강의실","",,,
4595,"미정","전공선택","7458989","화공열역학2","김경학",3,"월(13:00-14:30),수(14:30-16:00)","제1공학관604강의실(녹화전용)","",,,
4596,"미정","전공선택","7458990","공정제어","박기호",3,"월(14:30-16:00),수(09:00-10:30)","제1공학관507강의실","",,,
4597,"미정","전공선택","7458991","세포생물학","류성언",3,"화(13:00-14:30),목(13:00-14:30)","IT.BT관901강의실","",,,
4598,"미정","전공선택","7458992","데이터베이스시스템및응용","김상욱",3,"금(09:00-10:30)","비지정(),IT.BT관508강의실","",,,
4599,"미정","전공선택","7458993","디지털헬스케어","최창순",3,"월(10:30-12:00),수(10:30-12:00)","IT.BT관208강의실","",,,
4600,"미정","전공선택","7458994","커리어개발Ⅱ:취.창업진로포트폴리오","한혁수",1,"화(16:00-17:00)","제1공학관402강의실","",,,
4601,"미정","전공선택","7458995","신소재공학종합설계2(URIP)","한태희",3,"시간미지정강좌","비지정()","",,,
4602,"미정","전공선택","7458996","수치해석","김진국",3,"월(13:00-14:30),수(10:30-12:00)","공업센터화공전산실습실","",,,
4603,"미정","전공선택","7458997","커리어개발Ⅱ:취.창업진로포트폴리오","장윤정",1,"목(16:00-17:00)","제1공학관208강의실","",,,
4604,"미정","전공선택","7458998","전달현상","서정길",3,"화(14:30-16:00),목(14:30-16:00)","제2공학관501강의실,제1공학관601강의실","",,,
4605,"미정","전공선택","7458999","생명공학종합설계2","이민형",1,"시간미지정강좌","비지정()","",,,
4606,"미정","전공선택","7459001","수처리시스템공학","김영모",3,"월(16:00-17:30),월(17:30-19:00)","재성토목관302강의실","",,,
4607,"미정","전공선택","7459002","유한요소법의기초","박예원",3,"화(13:00-14:30),목(13:00-14:30)","재성토목관멀티미디어실305호,재성토목관302강의실","",,,
4608,"미정","전공선택","7459003","건설AI및로봇","김진우",3,"화(09:00-10:30),목(09:00-10:30)","재성토목관멀티미디어실305호,재성토목관사이버강의실204호","",,,
4609,"미정","전공선택","7459004","일반생물학및실험2","이상경",3,"수(09:00-11:00),화(09:00-11:00)","제2공학관207강의실","",,,
4610,"미정","전공선택","7459005","차량전자제어","이형철",3,"금(15:00-16:30),금(16:30-18:00)","제2공학관301강의실","",,,
4611,"미정","전공선택","7459006","건축구조역학2","이민정",3,"수(09:00-10:30),수(10:30-12:00)","제1공학관401강의실","",,,
4612,"미정","전공선택","7459007","건설사업관리1","최훈",3,"수(13:00-15:00),수(15:00-17:00)","제2공학관313강의실(녹화전용),제2공학관401강의실","",,,
4613,"미정","전공선택","7459008","건축구조계획","이은진",3,"수(09:00-10:30),수(10:30-12:00)","제1공학관202강의실","",,,
4614,"미정","전공선택","7459009","문화기술인간","남영",2,"월(11:00-13:00)","제1공학관206강의실","",,,
4615,"미정","전공선택","7459010","창의적소프트웨어프로그래밍","김현준",4,"월(15:00-17:00),화(13:00-17:00)","인텔리전스컴퓨팅룸1","",,,
4616,"미정","전공선택","7459011","에너지공학캡스톤PBL(에너지와자원순환)","도시현",3,"수(17:00-19:00),목(15:00-17:00)","인텔리전스컴퓨팅룸2","",,,
4617,"미정","전공선택","7459012","커리어개발Ⅱ:취.창업진로포트폴리오","엄석기",1,"시간미지정강좌","비지정()","",,,
4618,"미정","전공선택","7459013","유체역학2","송시몬",3,"수(13:00-14:30)","제1공학관408강의실","",,,
4619,"미정","전공선택","7459014","산업공학종합설계2","정지훈",3,"금(16:00-19:00)","제2공학관205강의실","",,,
4620,"미정","전공선택","7459015","전기공학종합설계2","이성민",1,"시간미지정강좌","비지정()","",,,
4621,"미정","전공선택","7459016","에너지신산업이슈연구","장문석",3,"시간미지정강좌,시간미지정강좌","비지정()","",,,
4622,"미정","전공선택","7459017","커리어개발Ⅱ:취.창업진로포트폴리오","배성철",1,"월(11:00-12:00)","공학실험스튜디오2-1","",,,
4623,"미정","전공선택","7459018","반도체공학","박희준",3,"화(10:30-12:00),목(10:30-12:00)","신소재공학관318호세미나실","",,,
4624,"미정","전공선택","7459019","유기나노공학종합설계2","정인환",3,"시간미지정강좌","비지정()","",,,
4625,"미정","전공선택","7459020","재료물성학","이윤정",3,"월(13:00-14:30),수(13:00-14:30)","퓨전테크놀러지1008강의실","",,,
4626,"미정","전공선택","7459021","이산수학","김광욱",3,"화(13:00-14:30),목(16:00-17:30)","IT.BT관207강의실","",,,
4627,"미정","전공선택","7459022","기기분석","안희준",3,"월(10:30-12:00),수(10:30-12:00)","신소재공학관218호멀티미디어실","",,,
4628,"미정","전공선택","7459023","테크노경영학(스타트업종합설계)","이재석",3,"목(09:00-10:30)","제1공학관509강의실,","",,,
4629,"미정","전공선택","7459024","시스템해석","박종현",3,"화(10:30-12:00),목(10:30-12:00)","제1공학관407강의실","",,,
4630,"미정","전공선택","7459025","재료및생산가공실험1","이승환",2,"화(15:00-19:00)","제2공학관203강의실,비지정()","",,,
4631,"미정","전공선택","7459026","기계공학의응용과미래1","김민구",1,"목(14:30-15:30)","제2공학관501강의실","",,,
4632,"미정","전공선택","7459027","공업수학2","신교일",3,"화(14:30-16:00),금(13:00-14:30)","제1공학관508강의실","",,,
4633,"미정","전공선택","7459028","건축설비개론","정재원",3,"월(13:00-14:30),월(14:30-16:00)","건축관IC-PBL강의실(601)","",,,
4634,"미정","전공선택","7459029","재료역학","유은종",3,"수(16:00-17:30),목(13:00-14:30)","제1공학관402강의실,제1공학관504강의실","",,,
4635,"미정","전공선택","7459030","공업수학2","노우석",3,"월(13:00-14:30),목(13:00-14:30)","제1공학관302강의실","",,,
4636,"미정","전공선택","7459031","신호와시스템","김정희",3,"금(09:00-10:30),금(10:30-12:00)","제2공학관311강의실","",,,
4637,"미정","전공선택","7459033","커리어개발Ⅱ:취.창업진로포트폴리오","김현준",1,"수(12:00-13:00)","비지정()","",,,
4638,"미정","전공선택","7459034","화공열역학2","김도환",3,"월(13:00-14:30),수(14:30-16:00)","제1공학관602강의실,제1공학관601강의실","",,,
4639,"미정","전공선택","7459035","에너지공학실험2","이윤정",2,"금(13:00-17:00)","비지정()","",,,
4640,"미정","전공선택","7459036","에너지공학종합설계2","이윤정",3,"시간미지정강좌","비지정()","",,,
4641,"미정","전공선택","7459037","커리어개발Ⅱ:취.창업진로포트폴리오","장재영",1,"시간미지정강좌","비지정()","",,,
4642,"미정","전공선택","7459038","동역학제어실험1","오기용",2,"화(15:00-19:00)","비지정()","",,,
4643,"미정","전공선택","7459039","캐드와디지털팩토리개론","김재정",3,"금(13:00-15:00),화(15:00-17:00)","비지정()","",,,
4644,"미정","전공선택","7459040","전자회로2","박상규",4,"월(13:00-14:30),수(13:00-14:30),목(11:00-13:00)","제1공학관501강의실,제1공학관209강의실,반도체공학과회로설계실험실(407)","",,,
4645,"미정","전공선택","7459041","메모리반도체소자","남인호",3,"금(13:00-14:30),금(14:30-16:00)","제2공학관208강의실","",,,
4646,"미정","전공선택","7459042","일반화학및실험","김민경",3,"화(09:00-11:00),금(13:00-15:00)","제1공학관304강의실,자연과학관일반화학실험실1(114),자연과학관일반화학실험실2(116)","",,,
4647,"미정","전공선택","7459043","문화기술인간","이기태",2,"목(13:00-15:00)","제1공학관406강의실","",,,
4648,"미정","전공선택","7459044","CAE","민승재",3,"화(11:00-13:00),화(15:00-17:00)","미래자동차연구센터104강의실,CAD/CAE실습실(214)","",,,
4649,"미정","전공선택","7459045","차량최적설계","민승재",3,"월(11:00-13:00),월(15:00-17:00)","미래자동차연구센터104강의실,CAD/CAE실습실(214)","",,,
4650,"미정","전공선택","7459046","xEV에너지시스템","유지형",3,"화(13:00-14:30),목(13:00-14:30)","미래자동차연구센터103강의실","",,,
4651,"미정","전공선택","7459047","원자력재료부식및전기화학","김상태",3,"화(13:00-14:30),목(10:30-12:00)","제1공학관601강의실","",,,
4652,"미정","전공선택","7459048","미래에너지자원공학","이근상",3,"화(10:30-12:00),목(10:30-12:00)","신소재공학관218호멀티미디어실,제1공학관509강의실","",,,
4653,"미정","전공선택","7459049","경영전략및데이터베이스","김태복",3,"월(16:00-17:30),화(14:30-16:00)","제1공학관501강의실","",,,
4654,"미정","전공선택","7459050","공학도를위한창의적컴퓨팅","원정임",3,"화(13:00-15:00),목(15:00-17:00)","제2공학관207강의실,제2공학관401강의실","",,,
4655,"미정","전공선택","7459051","AI시대쓰기의힘","정치훈",2,"월(09:00-11:00)","제1공학관406강의실","",,,
4656,"미정","전공선택","7459052","스마트제조의이해","배지웅",3,"시간미지정강좌,월(11:00-13:00)","제2공학관204강의실,제2공학관정석현PC3","",,,
4657,"미정","전공선택","7459053","커리어개발Ⅱ:취.창업진로포트폴리오","이승용",1,"화(16:00-17:00)","제2공학관208강의실","",,,
4658,"미정","전공선택","7459054","열전달","육세진",3,"월(10:30-12:00),수(10:30-12:00)","제1공학관202강의실,제1공학관302강의실","",,,
4659,"미정","전공선택","7459055","전력전자공학","윤영두",3,"월(14:30-16:00),수(14:30-16:00)","미래자동차연구센터104강의실","",,,
4660,"미정","전공선택","7459056","커리어개발Ⅱ:취.창업진로포트폴리오","이동진",1,"화(17:30-18:30)","미래자동차연구센터103강의실","",,,
4661,"미정","전공선택","7459057","자원처리실험및설계","김현중",2,"화(13:00-17:00)","제1공학관506강의실(공학대학원전용)","",,,
4662,"미정","전공선택","7459058","금융공학개론","송재욱",3,"화(16:00-17:30),목(13:00-14:30)","제2공학관510강의실(녹화전용)","",,,
4663,"미정","전공선택","7459059","수환경공학","김영모",3,"월(09:00-10:30),월(10:30-12:00)","재성토목관302강의실","",,,
4664,"미정","전공선택","7459060","AI시대쓰기의힘","임은희",2,"금(11:00-13:00)","제1공학관206강의실","",,,
4665,"미정","전공선택","7459061","Technology and AI: Utopia or Dystopia?","Stacey Eujung Choi",2,"화(09:00-11:00)","제2공학관307강의실","",,,
4666,"미정","전공선택","7459062","공학도를위한창의적컴퓨팅","조호성",3,"월(15:00-17:00),수(15:00-17:00)","제2공학관202강의실(녹화전용),제2공학관해동AILab_402","",,,
4667,"미정","전공선택","7459063","기본설계2","김명재",3,"수(13:00-14:00),수(14:00-18:00)","비지정()","",,,
4668,"미정","전공선택","7459064","컴퓨터활용디자인기본","이병준",3,"목(13:00-15:00),목(15:00-17:00)","제2공학관정석현PC4","",,,
4669,"미정","전공선택","7459065","건축과컴퓨터","전한종",3,"수(13:00-15:00),수(15:00-17:00)","제1공학관206강의실,제2공학관정석현PC3","",,,
4670,"미정","전공선택","7459066","건축설계스튜디오2","김나운",6,"화(13:00-14:00),금(13:00-14:00),화(14:00-18:00),금(14:00-18:00)","비지정()","",,,
4671,"미정","전공선택","7459067","건축설계스튜디오4","김은미",6,"월(13:00-14:00),목(13:00-14:00),월(14:00-18:00),목(14:00-18:00)","비지정()","",,,
4672,"미정","전공선택","7459068","건축설계스튜디오6","노승범",6,"월(13:00-14:00),목(13:00-14:00),월(14:00-18:00),목(14:00-18:00)","비지정()","",,,
4673,"미정","전공선택","7459069","기본설계2","김희준",3,"수(13:00-14:00),수(14:00-18:00)","공학실험스튜디오2-3","",,,
4674,"미정","전공선택","7459070","기본설계2","김선욱",3,"수(13:00-14:00),수(14:00-18:00)","융합공학스튜디오4","",,,
4675,"미정","전공선택","7459071","커리어개발Ⅱ:취.창업진로포트폴리오","박진아",1,"목(11:00-12:00)","제1공학관209강의실","",,,
4676,"미정","전공선택","7459072","도시공학종합설계2(URIP)","이수기",4,"시간미지정강좌,시간미지정강좌","비지정()","",,,
4677,"미정","전공선택","7459073","정보디스플레이공학개론","김재훈",3,"화(14:30-16:00),목(14:30-16:00)","제2공학관210강의실,제2공학관207강의실","",,,
4678,"미정","전공선택","7459074","아날로그회로설계","박상규",3,"화(14:30-16:00),목(14:30-16:00)","제2공학관510강의실(녹화전용)","",,,
4679,"미정","전공선택","7459075","공학도를위한창의적프로그래밍","성기혁",2,"수(11:00-12:00),수(12:00-13:00)","제2공학관최병부SW실습실(303)","",,,
4680,"미정","전공선택","7459076","유체역학","유지형",3,"화(16:00-17:30),목(16:00-17:30)","미래자동차연구센터106강의실","",,,
4681,"미정","전공선택","7459077","전자기학","임명섭",3,"화(10:30-12:00),목(13:00-14:30)","미래자동차연구센터106강의실","",,,
4682,"미정","전공선택","7459078","일반화학및실험2","김민경",3,"수(09:00-11:00),월(13:00-15:00)","제1공학관504강의실,자연과학관일반화학실험실1(114),자연과학관일반화학실험실2(116)","",,,
4683,"미정","전공선택","7459079","Technology and AI: Utopia or Dystopia?","Hugh Newton",2,"월(09:00-11:00)","제1공학관206강의실","",,,
4684,"미정","전공선택","7459080","Technology and AI: Utopia or Dystopia?","Michael William Brandon",2,"화(09:00-11:00)","제2공학관308강의실","",,,
4685,"미정","전공선택","7459082","산업공학연구실현장실습4","김태복",1,"시간미지정강좌","비지정()","",,,
4686,"미정","전공선택","7459083","산업공학캡스톤PBL(강화학습이론과응용)","정지훈",3,"화(09:00-11:00),목(13:00-15:00)","제1공학관201강의실,제1공학관205강의실","",,,
4687,"미정","전공선택","7459084","무선통신공학","홍송남",3,"월(13:00-14:30),월(14:30-16:00)","제2공학관209강의실","",,,
4688,"미정","전공선택","7459085","재료의물리적해석2","김현우",3,"화(09:00-10:30),수(13:00-14:30)","제1공학관303강의실","",,,
4689,"미정","전공선택","7459086","일반물리학및실험2","김준하",3,"월(13:00-15:00),목(15:00-17:00)","제1공학관401강의실,자연과학관일반물리학실험실3(212),자연과학관일반물리학실험실4(213)","",,,
4690,"미정","전공선택","7459087","공학도를위한창의적컴퓨팅","김진우",3,"화(15:00-17:00),수(09:00-11:00)","재성토목관103강의실,재성토목관멀티미디어실305호","",,,
4691,"미정","전공선택","7459088","디지털로직","IGBAFE ORIKUMHI",3,"수(14:30-16:00),금(10:30-12:00)","제1공학관208강의실,제1공학관203강의실","",,,
4692,"미정","전공선택","7459089","미분적분학2","박영선",3,"월(13:00-14:30),목(14:30-16:00)","제1공학관402강의실","",,,
4693,"미정","전공선택","7459090","공업유기화학2","정인환",3,"화(10:30-12:00),목(10:30-12:00)","IT.BT관501강의실,제1공학관203강의실","",,,
4694,"미정","전공선택","7459091","공업물리화학2","송태섭",3,"월(13:00-14:30),수(13:00-14:30)","퓨전테크놀러지911강의실","",,,
4695,"미정","전공선택","7459092","Technology and AI: Utopia or Dystopia?","Hugh Newton",2,"월(11:00-13:00)","제2공학관308강의실","",,,
4696,"미정","전공선택","7459093","Technology and AI: Utopia or Dystopia?","Ed Topliffe",2,"월(09:00-11:00)","제2공학관307강의실","",,,
4697,"미정","전공선택","7459094","커리어개발Ⅱ:취.창업진로포트폴리오","정재원",1,"월(11:00-12:00)","공학실험스튜디오2-3","",,,
4698,"미정","전공선택","7459095","건축공학캡스톤PBL(건물에너지절약기술)","정재원",3,"시간미지정강좌,시간미지정강좌","비지정()","",,,
4699,"미정","전공선택","7459096","도시와디자인","이일희",3,"목(15:00-17:00),목(17:00-19:00)","비지정()","",,,
4700,"미정","전공선택","7459097","커리어개발Ⅱ:취.창업진로포트폴리오","이창무",1,"목(11:00-12:00)","제1공학관405강의실","",,,
4701,"미정","전공선택","7459098","정보디스플레이공학개론","유창재",3,"화(14:30-16:00),목(14:30-16:00)","제1공학관204강의실,제1공학관203강의실","",,,
4702,"미정","전공선택","7459099","전자회로2","임재명",4,"화(10:30-12:00),목(10:30-12:00),목(18:00-20:00)","제2공학관209강의실,제2공학관209강의실,공업센터응용설계실(611)","",,,
4703,"미정","전공선택","7459100","신소재공학HY-UP(실용연구실습)2","김형진",1,"시간미지정강좌","비지정()","",,,
4704,"미정","전공선택","7459101","응용핵물리","김용균",3,"목(13:00-14:30),금(13:00-14:30)","제2공학관210강의실","",,,
4705,"미정","전공선택","7459102","방사선계측","김찬형",3,"화(09:00-10:30),수(10:30-12:00)","제2공학관313강의실(녹화전용)","",,,
4706,"미정","전공선택","7459103","석유천연가스공학","왕지훈",3,"월(13:00-14:30),수(13:00-14:30)","제2공학관305강의실,제1공학관401강의실","",,,
4707,"미정","전공선택","7459104","공업수학2","김주형",3,"화(10:30-12:00),금(13:00-14:30)","제1공학관303강의실,제1공학관208강의실","",,,
4708,"미정","전공선택","7459105","문화기술인간","구재령",2,"금(13:00-15:00)","제1공학관406강의실","",,,
4709,"미정","전공선택","7459106","공학도를위한창의적컴퓨팅","탁문호",3,"목(13:00-15:00),목(15:00-17:00)","제2공학관206강의실","",,,
4710,"미정","전공선택","7459107","공학도를위한창의적컴퓨팅","조호성",3,"화(18:00-20:00),금(09:00-11:00)","제2공학관205강의실,제2공학관해동AILab_402","",,,
4711,"미정","전공선택","7459108","공업수학2","이성열",3,"화(10:30-12:00),금(13:00-14:30)","제1공학관204강의실","",,,
4712,"미정","전공선택","7459109","미래기술과신소재2","박진성",2,"화(17:00-19:00)","제2공학관301강의실","",,,
4713,"미정","전공선택","7459110","신소재공학종합설계2(URIP)","윤종승",3,"시간미지정강좌","비지정()","",,,
4714,"미정","전공선택","7459111","에너지과학과기술","도시현",3,"화(13:00-14:30),목(13:00-14:30)","퓨전테크센터910호","",,,
4715,"미정","전공선택","7459112","재료과학2","백운규",3,"월(10:30-12:00),수(10:30-12:00)","퓨전테크놀러지911강의실","",,,
4716,"미정","전공선택","7459113","기계재료학","김태원",3,"월(13:00-14:30),월(14:30-16:00)","제1공학관202강의실","",,,
4717,"미정","전공선택","7459114","일반물리학및실험2","이경수",3,"월(09:00-11:00),화(15:00-17:00)","제1공학관401강의실,자연과학관일반물리학실험실2(210),자연과학관일반물리학실험실1(209)","",,,
4718,"미정","전공선택","7459115","융합전자공학종합설계2","정예환",1,"시간미지정강좌","비지정()","",,,
4719,"미정","전공선택","7459116","인공지능","채동규",3,"금(13:00-14:30)","비지정(),IT.BT관508강의실","",,,
4720,"미정","전공선택","7459118","도시설계2","김민정",4,"화(13:00-15:00),화(15:00-19:00)","비지정()","",,,
4721,"미정","전공선택","7459119","도시계량분석","류강민",3,"목(13:00-14:30),목(14:30-16:00)","제2공학관502강의실","",,,
4722,"미정","전공선택","7459120","재료열역학2","정용재",3,"화(14:30-16:00),목(14:30-16:00)","제2공학관208강의실","",,,
4723,"미정","전공선택","7459121","디지털논리설계","황순민",3,"수(15:00-17:00),목(13:00-15:00)","미래자동차연구센터102강의실","",,,
4724,"미정","전공선택","7459122","전자회로","조한신",3,"월(15:00-17:00),목(09:00-11:00)","미래자동차연구센터106강의실","",,,
4725,"미정","전공선택","7459123","분리공학개론","김현중",3,"화(09:00-10:30),목(09:00-10:30)","제1공학관202강의실","",,,
4726,"미정","전공선택","7459124","자원환경기기분석","권일한",3,"금(09:00-11:00),금(11:00-13:00)","제1공학관202강의실","",,,
4727,"미정","전공선택","7459125","공업수학2","김재희",3,"월(13:00-14:30),목(13:00-14:30)","제1공학관303강의실","",,,
4728,"미정","전공선택","7459126","알고리즘및문제해결기법","채동규",3,"금(14:30-16:00)","비지정(),IT.BT관508강의실","",,,
4729,"미정","전공선택","7459127","AI시대쓰기의힘","임지훈",2,"금(09:00-11:00)","제1공학관207강의실","",,,
4730,"미정","전공선택","7459128","건축설계스튜디오8","안기현",6,"토(09:00-11:00),토(11:00-15:00),토(15:00-19:00)","비지정()","",,,
4731,"미정","전공선택","7459129","객체지향프로그래밍","David Phillip Wagner",3,"목(16:00-18:00),목(18:00-20:00)","제2공학관502강의실,제2공학관해동AILab_402","",,,
4732,"미정","전공선택","7459130","AI시대쓰기의힘","정원정",2,"월(13:00-15:00)","제1공학관406강의실","",,,
4733,"미정","전공선택","7459131","AI시대쓰기의힘","문혜연",2,"월(09:00-11:00)","제1공학관502강의실","",,,
4734,"미정","전공선택","7459132","이산수학","차재혁",3,"화(14:30-16:00),목(14:30-16:00)","IT.BT관507강의실","",,,
4735,"미정","전공선택","7459133","커리어개발Ⅱ:취.창업진로포트폴리오","최용석",1,"화(17:00-18:00)","IT.BT관813강의실","",,,
4736,"미정","전공선택","7459134","IT프로젝트관리론","김낙일",3,"목(09:00-10:30),목(10:30-12:00)","IT.BT관813강의실","",,,
4737,"미정","전공선택","7459135","건축설계스튜디오4","이근식",6,"월(13:00-14:00),목(13:00-14:00),월(14:00-18:00),목(14:00-18:00)","비지정()","",,,
4738,"미정","전공선택","7459136","동아시아건축과문화","한동수",3,"수(13:00-14:30),수(14:30-16:00)","제1공학관508강의실","",,,
4739,"미정","전공선택","7459137","문화기술인간","임장원",2,"금(13:00-15:00)","제1공학관507강의실","",,,
4740,"미정","전공선택","7459138","문화기술인간","정원교",2,"금(13:00-15:00)","제1공학관602강의실","",,,
4741,"미정","전공선택","7459139","문화기술인간","임장원",2,"금(15:00-17:00)","제1공학관507강의실","",,,
4742,"미정","전공선택","7459140","건축융합설계2","안재근",3,"목(13:00-14:00),목(14:00-18:00)","공학실험스튜디오2-4","",,,
4743,"미정","전공선택","7459141","건축융합설계2","최대성",3,"목(13:00-14:00),목(14:00-18:00)","융합공학스튜디오3","",,,
4744,"미정","전공선택","7459142","커리어개발Ⅱ:취.창업진로포트폴리오","전병훈",1,"시간미지정강좌","비지정()","",,,
4745,"미정","전공선택","7459143","일반전자물리2","박완준",3,"월(13:00-14:30),목(10:30-12:00)","제2공학관204강의실,제2공학관205강의실","",,,
4746,"미정","전공선택","7459144","일반전자물리2","유창재",3,"월(13:00-14:30),목(10:30-12:00)","제2공학관207강의실,제2공학관206강의실","",,,
4747,"미정","전공선택","7459145","소프트웨어공학","원영준",3,"금(13:00-14:30),금(14:30-16:00)","IT.BT관203강의실","",,,
4748,"미정","전공선택","7459146","공학도를위한창의적컴퓨팅","조호성",3,"화(09:00-11:00),수(11:00-13:00)","제2공학관205강의실,제2공학관해동AILab_402","",,,
4749,"미정","전공선택","7459147","문화기술인간","이기태",2,"목(09:00-11:00)","제1공학관406강의실","",,,
4750,"미정","전공선택","7459148","캡스톤소프트웨어프로젝트2","이헌준",1,"시간미지정강좌","비지정()","",,,
4751,"미정","전공선택","7459149","전공멘토링2","박희진",1,"시간미지정강좌","비지정()","",,,
4752,"미정","전공선택","7459150","커리어개발Ⅱ:취.창업진로포트폴리오","강창묵",1,"목(17:00-18:00)","제2공학관202강의실(녹화전용)","",,,
4753,"미정","전공선택","7459151","알고리즘분석","KUTZNER ARNE HOLGER",3,"화(16:00-17:30),목(16:00-17:30)","IT.BT관203강의실,IT.BT관202강의실","",,,
4754,"미정","전공선택","7459152","일반전자물리2","남인호",3,"화(16:00-17:30),목(16:00-17:30)","제2공학관205강의실","",,,
4755,"미정","전공선택","7459153","확률통계론","김근배",3,"화(13:00-14:30),목(13:00-14:30)","제1공학관408강의실","",,,
4756,"미정","전공선택","7459154","회로이론2","송윤흡",3,"화(09:00-10:30),목(10:30-12:00)","제2공학관210강의실","",,,
4757,"미정","전공선택","7459155","재료과학2","박원일",3,"월(16:00-17:30),목(16:00-17:30)","제2공학관209강의실","",,,
4758,"미정","전공선택","7459156","커리어개발Ⅱ:취.창업진로포트폴리오","임원빈",1,"화(16:00-17:00)","제1공학관302강의실","",,,
4759,"미정","전공선택","7459157","커리어개발Ⅱ:취.창업진로포트폴리오","김현우",1,"화(16:00-17:00)","제1공학관304강의실","",,,
4760,"미정","전공선택","7459158","전자소자재료2","한태희",3,"월(13:00-14:30),화(13:00-14:30)","제2공학관210강의실,제1공학관203강의실","",,,
4761,"미정","전공선택","7459159","조직론","김은찬",3,"월(13:00-14:30),월(14:30-16:00)","IT.BT관202강의실","",,,
4762,"미정","전공선택","7459160","기본설계2","고현민",3,"화(13:00-14:00),화(14:00-18:00)","비지정()","",,,
4763,"미정","전공선택","7459161","건축설계스튜디오2","손주휘",6,"화(13:00-14:00),금(13:00-14:00),화(14:00-18:00),금(14:00-18:00)","비지정()","",,,
4764,"미정","전공선택","7459162","일반물리학및실험2","남창우",3,"금(09:00-11:00),수(15:00-17:00)","제1공학관401강의실,자연과학관일반물리학실험실6(218),자연과학관일반물리학실험실5(217)","",,,
4765,"미정","전공선택","7459163","일반물리학및실험2","하은자",3,"월(09:00-11:00),목(13:00-15:00)","제1공학관304강의실,자연과학관일반물리학실험실1(209),자연과학관일반물리학실험실2(210)","",,,
4766,"미정","전공선택","7459164","커리어개발Ⅱ:취.창업진로포트폴리오","오윤선",1,"월(17:30-18:30)","제2공학관206강의실","",,,
4767,"미정","전공선택","7459165","커리어개발Ⅱ:취.창업진로포트폴리오","이채은",1,"화(17:30-18:30)","제2공학관208강의실","",,,
4768,"미정","전공선택","7459166","미분적분학2","조규동",3,"화(14:30-16:00),금(16:00-17:30)","제1공학관403강의실","",,,
4769,"미정","전공선택","7459168","커리어개발Ⅱ:취.창업진로포트폴리오","고민재",1,"목(16:00-17:00)","제2공학관311강의실","",,,
4770,"미정","전공선택","7459169","커리어개발Ⅱ:취.창업진로포트폴리오","김진국",1,"목(16:00-17:00)","제1공학관603강의실","",,,
4771,"미정","전공선택","7459170","커리어개발Ⅱ:취.창업진로포트폴리오","송태섭",1,"시간미지정강좌","비지정()","",,,
4772,"미정","전공선택","7459171","Adventure Design(기계융합1)","김민구",3,"월(15:00-16:00),월(16:00-20:00)","비지정()","",,,
4773,"미정","전공선택","7459172","재료역학2","김학성",3,"화(10:30-12:00)","제1공학관203강의실","",,,
4774,"미정","전공선택","7459173","융합전자공학종합설계2","박진섭",1,"시간미지정강좌","비지정()","",,,
4775,"미정","전공선택","7459174","창의적소프트웨어프로그래밍","설웅",4,"월(15:00-17:00),수(15:00-17:00),금(11:00-13:00)","IT.BT관507강의실","",,,
4776,"미정","전공선택","7459175","실용공학연구2","최성택",1,"시간미지정강좌",,"",,,
4777,"미정","전공선택","7459176","C++프로그래밍","KUTZNER ARNE HOLGER",3,"화(11:00-13:00),수(13:00-15:00)","IT.BT관202강의실","",,,
4778,"미정","전공선택","7459177","컴퓨터활용디자인기본","이혜승",3,"목(13:00-15:00),목(15:00-17:00)","제2공학관정석현PC3","",,,
4779,"미정","전공선택","7459178","미분적분학2","오수진",3,"월(13:00-14:30),목(14:30-16:00)","제1공학관403강의실","",,,
4780,"미정","전공선택","7459179","열유체공학실험1","육세진",2,"화(15:00-19:00)","비지정()","",,,
4781,"미정","전공선택","7459180","열유체공학실험1","엄석기",2,"수(15:00-19:00)","비지정()","",,,
4782,"미정","전공선택","7459181","선형대수","이상화",3,"월(09:00-10:30),수(10:30-12:00)","IT.BT관813강의실","",,,
4783,"미정","전공선택","7459182","선형대수","이상화",3,"월(13:00-14:30),수(13:00-14:30)","IT.BT관813강의실","",,,
4784,"미정","전공선택","7459183","커리어개발Ⅱ:취.창업진로포트폴리오","박우성",1,"시간미지정강좌","비지정()","",,,
4785,"미정","전공선택","7459184","동역학제어실험1","박관규",2,"화(15:00-19:00)","비지정()","",,,
4786,"미정","전공선택","7459185","X-선회절및응용","오누리",3,"월(16:00-17:30),목(16:00-17:30)","제2공학관204강의실","",,,
4787,"미정","전공선택","7459186","AI시대쓰기의힘","황인건",2,"월(13:00-15:00)","제1공학관207강의실","",,,
4788,"미정","전공선택","7459187","문화기술인간","정혜경",2,"목(09:00-11:00)","제1공학관602강의실","",,,
4789,"미정","전공선택","7459192","산업공학종합설계2","박철진",3,"금(16:00-19:00)","제1공학관103강의실","",,,
4790,"미정","전공선택","7459193","실용공학연구4","류성언",1,"시간미지정강좌","비지정()","",,,
4791,"미정","전공선택","7459194","기본설계2","김승욱",3,"수(13:00-14:00),수(14:00-18:00)","비지정()","",,,
4792,"미정","전공선택","7459195","컴퓨터활용디자인기본","고현민",3,"목(13:00-15:00),목(15:00-17:00)","비지정()","",,,
4793,"미정","전공선택","7459196","컴퓨터활용디자인기본","전재우",3,"목(13:00-15:00),목(15:00-17:00)","비지정()","",,,
4794,"미정","전공선택","7459197","건축설계스튜디오4","이성용",6,"월(13:00-14:00),목(13:00-14:00),월(14:00-18:00),목(14:00-18:00)","비지정()","",,,
4795,"미정","전공선택","7459198","커리어개발Ⅱ:취.창업진로포트폴리오","노승범",1,"시간미지정강좌","비지정()","",,,
4796,"미정","전공선택","7459199","건축설계스튜디오6","한송이",6,"월(13:00-14:00),목(13:00-14:00),월(14:00-18:00),목(14:00-18:00)","비지정()","",,,
4797,"미정","전공선택","7459200","Adventure_Design(건축융합2)","안진호",3,"화(13:00-14:00),화(14:00-18:00)","공학실험스튜디오2-4","",,,
4798,"미정","전공선택","7459201","커리어개발Ⅱ:취.창업진로포트폴리오","한상욱",1,"화(17:00-18:00)","재성토목관103강의실","",,,
4799,"미정","전공선택","7459202","커리어개발Ⅱ:취.창업진로포트폴리오","이수기",1,"목(11:00-12:00)","제1공학관604강의실(녹화전용)","",,,
4800,"미정","전공선택","7459203","AI시대쓰기의힘","장예영",2,"월(09:00-11:00)","제1공학관505강의실","",,,
4801,"미정","전공선택","7459204","기본설계2","이상현",3,"수(13:00-14:00),수(14:00-18:00)","비지정()","",,,
4802,"미정","전공선택","7459205","건축설계스튜디오2","박선영",6,"화(13:00-14:00),금(13:00-14:00),화(14:00-18:00),금(14:00-18:00)","비지정()","",,,
4803,"미정","전공선택","7459206","커리어개발Ⅱ:취.창업진로포트폴리오","안기현",1,"시간미지정강좌","비지정()","",,,
4804,"미정","전공선택","7459207","근대건축의역사와이론","남성택",3,"월(09:00-10:30),월(10:30-12:00)","비지정()","",,,
4805,"미정","전공선택","7459208","공학도를위한창의적컴퓨팅","조호성",3,"월(09:00-11:00),금(11:00-13:00)","제2공학관202강의실(녹화전용),제2공학관정석현PC1","",,,
4806,"미정","전공선택","7459209","미분적분학2","박영선",3,"화(10:30-12:00),목(09:00-10:30)","제1공학관405강의실","",,,
4807,"미정","전공선택","7459210","반도체소자","이승백",3,"화(14:30-16:00),목(14:30-16:00)","제2공학관204강의실","",,,
4808,"미정","전공선택","7459211","회로이론2","송윤흡",3,"화(10:30-12:00),목(09:00-10:30)","제2공학관210강의실","",,,
4809,"미정","전공선택","7459212","커리어개발Ⅱ:취.창업진로포트폴리오","문희찬",1,"월(17:30-18:30)","제2공학관204강의실","",,,
4810,"미정","전공선택","7459213","상상과학성찰","장희진",2,"수(11:00-13:00)","제1공학관206강의실","",,,
4811,"미정","전공선택","7459214","전자장","정진욱",3,"화(14:30-16:00),수(14:30-16:00)","제1공학관601강의실,제1공학관404강의실","",,,
4812,"미정","전공선택","7459215","AI시대쓰기의힘","조소명",2,"금(15:00-17:00)","제1공학관206강의실","",,,
4813,"미정","전공선택","7459216","미분적분학2","박영선",3,"월(16:00-17:30),목(13:00-14:30)","제1공학관402강의실","",,,
4814,"미정","전공선택","7459217","공업수학2","이성열",3,"월(14:30-16:00),목(14:30-16:00)","제1공학관204강의실","",,,
4815,"미정","전공선택","7459218","AI시대쓰기의힘","윤수미",2,"목(13:00-15:00)","제1공학관207강의실","",,,
4816,"미정","전공선택","7459219","통합사고와읽기의기술","박순형",2,"화(11:00-13:00)","제1공학관406강의실","",,,
4817,"미정","전공선택","7459220","건축설계스튜디오8","김재경",6,"토(09:00-11:00),토(11:00-15:00),토(15:00-19:00)","비지정()","",,,
4818,"미정","전공선택","7459221","건축설계스튜디오8","남성택",6,"토(09:00-11:00),토(11:00-15:00),토(15:00-19:00)","비지정()","",,,
4819,"미정","전공선택","7459222","커리어개발Ⅱ:취.창업진로포트폴리오","추현욱",1,"화(17:00-18:00)","비지정()","",,,
4820,"미정","전공선택","7459223","도시설계2","홍상현",4,"화(13:00-15:00),화(15:00-19:00)","비지정()","",,,
4821,"미정","전공선택","7459224","확률통계론","오윤선",3,"화(13:00-14:30),목(13:00-14:30)","제1공학관508강의실,제1공학관208강의실","",,,
4822,"미정","전공선택","7459225","기계진동학","유홍희",3,"금(09:00-10:30),금(10:30-12:00)","제2공학관205강의실","",,,
4823,"미정","전공선택","7459226","일반물리학및실험2","라오철",3,"금(09:00-11:00),수(13:00-15:00)","제1공학관305강의실,자연과학관일반물리학실험실4(213),자연과학관일반물리학실험실3(212)","",,,
4824,"미정","전공선택","7459227","커리어개발Ⅱ:취.창업진로포트폴리오","장준혁",1,"수(17:30-18:30)","제2공학관207강의실","",,,
4825,"미정","전공선택","7459228","커리어개발Ⅱ:취.창업진로포트폴리오","정해준",1,"수(17:30-18:30)","제2공학관208강의실","",,,
4826,"미정","전공선택","7459229","융합전자공학종합설계2","이승백",1,"시간미지정강좌","비지정()","",,,
4827,"미정","전공선택","7459230","Adventure Design(기계융합1)","오기용",3,"목(15:00-16:00),목(16:00-20:00)","비지정()","",,,
4828,"미정","전공선택","7459231","공학도를위한창의적컴퓨팅","탁문호",3,"월(13:00-15:00),월(15:00-17:00)","제2공학관206강의실","",,,
4829,"미정","전공선택","7459232","문화기술인간","정원교",2,"금(15:00-17:00)","제1공학관602강의실","",,,
4830,"미정","전공선택","7459233","마이크로프로세서","이채은",4,"화(13:00-14:30),수(14:30-16:00),금(11:00-13:00)","제2공학관204강의실,제2공학관204강의실,퓨전테크놀러지융합전자공학부실험실1(202)","",,,
4831,"미정","전공선택","7459234","융합전자공학종합설계2","장준혁",1,"시간미지정강좌","비지정()","",,,
4832,"미정","전공선택","7459235","스마트기계공작법","배지웅",3,"월(09:00-10:30)","제1공학관202강의실","",,,
4833,"미정","전공선택","7459236","화공바이오소재","상병인",3,"월(13:00-14:30),화(13:00-14:30)","제2공학관501강의실,제1공학관607강의실(공학대학원전용)","",,,
4834,"미정","전공선택","7459237","화공기초실험","임희대",2,"수(16:00-20:00)","공업센터화공전산실습실","",,,
4835,"미정","전공선택","7459238","화공소재분석","임희대",3,"월(09:00-10:30),수(13:00-14:30)","제1공학관302강의실","",,,
4836,"미정","전공선택","7459239","소프트웨어공학","유민수",3,"수(13:00-14:30),목(13:00-14:30)","IT.BT관507강의실","",,,
4837,"미정","전공선택","7459240","커리어개발Ⅱ:취.창업진로포트폴리오","박현석",1,"금(17:00-18:00)","IT.BT관501강의실","",,,
4838,"미정","전공선택","7459241","커리어개발Ⅱ:취.창업진로포트폴리오","김태현",1,"화(17:00-18:00)","IT.BT관502강의실","",,,
4839,"미정","전공선택","7459242","공업수학2","신교일",3,"화(13:00-14:30),금(10:30-12:00)","제2공학관210강의실","",,,
4840,"미정","전공선택","7459243","전문학술영어","Gary Joseph Turnham",3,"화(09:00-10:30),금(09:00-10:30)","제2공학관305강의실","",,,
4841,"미정","전공선택","7459244","원자로공학","홍서기",3,"목(14:30-16:00),금(10:30-12:00)","제1공학관103강의실","",,,
4842,"미정","전공선택","7459245","일반화학및실험2","강미정",3,"월(15:00-17:00),수(13:00-15:00)","제1공학관304강의실,자연과학관일반화학실험실2(116),자연과학관일반화학실험실1(114)","",,,
4843,"미정","전공선택","7459246","일반화학및실험2","탁정애",3,"금(09:00-11:00),수(13:00-15:00)","제1공학관501강의실,자연과학관일반화학실험실4(122),자연과학관일반화학실험실3(121)","",,,
4844,"미정","전공선택","7459247","C++프로그래밍","KUTZNER ARNE HOLGER",3,"화(13:00-15:00),목(13:00-15:00)","IT.BT관202강의실","",,,
4845,"미정","전공선택","7459248","커리어개발Ⅱ:취.창업진로포트폴리오","김은찬",1,"월(11:00-12:00)","IT.BT관502강의실","",,,
4846,"미정","전공선택","7459249","선형대수","장의선",3,"월(13:00-14:30),수(13:00-14:30)","IT.BT관508강의실","",,,
4847,"미정","전공선택","7459250","환경공정","김종오",3,"월(13:00-14:30),월(14:30-16:00)","재성토목관302강의실","",,,
4848,"미정","전공선택","7459251","화공전산설계","김경학",3,"월(15:00-17:00),금(15:00-17:00)","공업센터화공전산실습실","",,,
4849,"미정","전공선택","7459252","응용유전학","임태연",3,"월(09:00-10:30),수(09:00-10:30)","IT.BT관208강의실","",,,
4850,"미정","전공선택","7459253","생명공학종합설계2","임태연",1,"시간미지정강좌","비지정()","",,,
4851,"미정","전공선택","7459254","지능형생물정보학","백은옥",3,"화(09:00-10:30),목(09:00-10:30)","IT.BT관501강의실","",,,
4852,"미정","전공선택","7459255","전공멘토링2","박종일",1,"시간미지정강좌","비지정()","",,,
4853,"미정","전공선택","7459256","화학공학캡스톤PBL(석유화학분리정제공정)","박기호",3,"금(09:00-11:00),금(11:00-13:00)","공업센터화공전산실습실","",,,
4854,"미정","전공선택","7459257","나노바이러스공학","윤채옥",3,"화(14:30-16:00),목(14:30-16:00)","IT.BT관902강의실","",,,
4855,"미정","전공선택","7459258","생물공정","임동현",3,"월(10:30-12:00),수(10:30-12:00)","IT.BT관910강의실","",,,
4856,"미정","전공선택","7459259","컴파일러설계","이헌준",3,"화(13:00-14:30),목(09:00-10:30)","IT.BT관508강의실,IT.BT관202강의실","",,,
4857,"미정","전공선택","7459260","미분적분학2","황신철",3,"월(16:00-17:30),목(13:00-14:30)","제1공학관403강의실","",,,
4858,"미정","전공선택","7459261","미분적분학2","김형준",3,"화(14:30-16:00),금(16:00-17:30)","제1공학관402강의실","",,,
4859,"미정","전공선택","7459262","수치해석","김근배",3,"화(14:30-16:00),수(16:00-17:30)","제2공학관해동AILab_402,제2공학관209강의실","",,,
4860,"미정","전공선택","7459263","전공멘토링2","김상욱",1,"시간미지정강좌","비지정()","",,,
4861,"미정","전공선택","7459264","전공멘토링2","백은옥",1,"시간미지정강좌","비지정()","",,,
4862,"미정","전공선택","7459267","커리어개발Ⅱ:취.창업진로포트폴리오","김미숙",1,"수(12:00-13:00)","비지정()","",,,
4863,"미정","전공선택","7459268","산업공학연구실현장실습2","박철진",1,"시간미지정강좌","비지정()","",,,
4864,"미정","전공선택","7459270","미래자동차공학연구실현장실습2","임명섭",1,"시간미지정강좌","비지정()","",,,
4865,"미정","전공선택","7459271","미래자동차공학연구실현장실습4","조기춘",1,"시간미지정강좌","비지정()","",,,
4866,"미정","전공선택","7459272","전력전자","김래영",3,"월(09:00-10:30),월(10:30-12:00)","공업센터전기공학IC-PBL강의실(601)","",,,
4867,"미정","전공선택","7459273","바이오포토닉스","김성환",3,"화(10:30-12:00),목(10:30-12:00)","IT.BT관208강의실","",,,
4868,"미정","전공선택","7459274","바이오메디컬종합설계2","김성환",3,"목(13:00-16:00)","IT.BT관201강의실","",,,
4869,"미정","전공선택","7459276","커리어개발Ⅱ:취.창업진로포트폴리오","노미나",1,"화(17:00-18:00)","IT.BT관607강의실","",,,
4870,"미정","전공선택","7459277","컴퓨터비전","김태현",3,"월(16:00-17:30),수(09:00-10:30)","IT.BT관501강의실","",,,
4871,"미정","전공선택","7459278","공업수학2","노우석",3,"화(10:30-12:00),금(13:00-14:30)","제1공학관302강의실","",,,
4872,"미정","전공선택","7459279","AI시대쓰기의힘","최가은",2,"월(13:00-15:00)","제1공학관206강의실","",,,
4873,"미정","전공선택","7459280","일반화학및실험2","이경림",3,"금(11:00-13:00),수(11:00-13:00)","제1공학관304강의실,자연과학관일반화학실험실4(122),자연과학관일반화학실험실3(121)","",,,
4874,"미정","전공선택","7459281","공업수학2","이성열",3,"월(13:00-14:30),목(13:00-14:30)","제1공학관204강의실","",,,
4875,"미정","전공선택","7459282","상상과학성찰","전혜리",2,"수(11:00-13:00)","제1공학관207강의실","",,,
4876,"미정","전공선택","7459283","상상과학성찰","최은호",2,"수(11:00-13:00)","제1공학관406강의실","",,,
4877,"미정","전공선택","7459287","커리어개발Ⅱ:취.창업진로포트폴리오","박진성",1,"화(16:00-17:00)","제1공학관205강의실","",,,
4878,"미정","전공선택","7459288","신소재공학요소설계4(URIP)","한태희",2,"월(18:00-20:00),목(18:00-20:00)","제1공학관203강의실","",,,
4879,"미정","전공선택","7459289","데이터사이언스연구실현장실습2","백성용",1,"목(16:00-17:00)","비지정()","",,,
4880,"미정","전공선택","7459290","데이터사이언스연구실현장실습2","한경식",1,"목(16:00-17:00)","비지정()","",,,
4881,"미정","전공선택","7459291","테크노경영학(스타트업종합설계)","안광일",3,"수(09:00-10:30)","제1공학관405강의실,","",,,
4882,"미정","전공선택","7459293","배터리특론","선양국",3,"월(10:30-12:00),화(09:00-10:30)","퓨전테크놀러지1008강의실","",,,
4883,"미정","전공선택","7459294","커리어개발Ⅱ:취.창업진로포트폴리오","김성신",1,"수(12:00-13:00)","비지정()","",,,
4884,"미정","전공선택","7459295","비정형데이터분석","김미숙",3,"화(09:00-11:00),목(09:00-11:00)","인텔리전스컴퓨팅룸4,인텔리전스컴퓨팅룸1","",,,
4885,"미정","전공선택","7459298","생체공학연구실현장실습2","김안모",1,"시간미지정강좌","비지정()","",,,
4886,"미정","전공선택","7459299","생체공학연구실현장실습4","임창환",1,"시간미지정강좌","비지정()","",,,
4887,"미정","전공선택","7459301","신소재공학HY-UP(실용연구실습)2","오누리",1,"시간미지정강좌","비지정()","",,,
4888,"미정","전공선택","7459302","신소재공학종합설계2(URIP)","한혁수",3,"시간미지정강좌","비지정()","",,,
4889,"미정","전공선택","7459303","프리스트레스트콘크리트구조설계","유재석",3,"월(09:00-10:30),수(09:00-10:30)","재성토목관103강의실","",,,
4890,"미정","전공선택","7459304","전산구조동역학","이용국",3,"화(13:00-14:30),수(13:00-14:30)","재성토목관302강의실","",,,
4891,"미정","전공선택","7459305","커리어개발Ⅱ:취.창업진로포트폴리오","김영모",1,"화(17:00-18:00)","비지정()","",,,
4892,"미정","전공선택","7459306","광전에너지변환소자","이성민",3,"시간미지정강좌,시간미지정강좌","비지정()","",,,
4893,"미정","전공선택","7459307","커리어개발Ⅱ:취.창업진로포트폴리오","이성민",1,"목(17:00-18:00)","제2공학관203강의실","",,,
4894,"미정","전공선택","7459308","수치해석","유은종",3,"금(09:00-10:30),금(10:30-12:00)","제1공학관504강의실","",,,
4895,"미정","전공선택","7459309","컴퓨터소프트웨어캡스톤PBL(알고리즘테스트실습)","박희진",3,"시간미지정강좌,목(15:00-17:00)","비지정(),IT.BT관609강의실","",,,
4896,"미정","전공선택","7459310","생체소재공학","김선정",3,"월(13:00-14:30),월(14:30-16:00)","IT.BT관201강의실","",,,
4897,"미정","전공선택","7459311","공업유기화학2","신흥수",3,"월(10:30-12:00),수(10:30-12:00)","IT.BT관901강의실","",,,
4898,"미정","전공선택","7459312","공학도를위한창의적프로그래밍","홍석준",2,"수(11:00-12:00),수(12:00-13:00)","제2공학관401강의실","",,,
4899,"미정","전공선택","7459313","신소재공학종합설계2(URIP)","박원일",3,"시간미지정강좌","비지정()","",,,
4900,"미정","전공선택","7459314","커리어개발Ⅱ:취.창업진로포트폴리오","이상경",1,"월(16:00-17:00)","IT.BT관910강의실","",,,
4901,"미정","전공선택","7459315","실용공학연구2","정인환",1,"시간미지정강좌","비지정()","",,,
4902,"미정","전공선택","7459316","실용공학연구2","안희준",1,"시간미지정강좌","비지정()","",,,
4903,"미정","전공선택","7459317","기계재료학","한석영",3,"월(13:00-14:30),목(16:00-17:30)","제1공학관203강의실,제1공학관202강의실","",,,
4904,"미정","전공선택","7459318","데이터사이언스연구실현장실습2","김동진",1,"목(16:00-17:00)","비지정()","",,,
4905,"미정","전공선택","7459319","기구학","서태원",3,"월(10:30-12:00),화(13:00-14:30)","제2공학관311강의실","",,,
4906,"미정","전공선택","7459320","공학입문설계","전상환",3,"월(13:00-15:00),수(13:00-15:00)","제2공학관공학입문설계실","",,,
4907,"미정","전공선택","7459321","정역학","왕웨이",3,"수(09:00-10:30),수(10:30-12:00)","제2공학관501강의실","",,,
4908,"미정","전공선택","7459322","재료역학2","한석영",3,"화(10:30-12:00),목(13:00-14:30)","제1공학관202강의실","",,,
4909,"미정","전공선택","7459323","커리어개발Ⅱ:취.창업진로포트폴리오","김민구",1,"목(16:00-17:00)","제2공학관510강의실(녹화전용)","",,,
4910,"미정","전공선택","7459324","커리어개발Ⅱ:취.창업진로포트폴리오","정인환",1,"화(15:00-16:00)","신소재공학관318호세미나실","",,,
4911,"미정","전공선택","7459325","고분자재료","엄영호",3,"화(09:00-10:30),수(09:00-10:30)","신소재공학관318호세미나실","",,,
4912,"미정","전공선택","7459326","전공세미나(유기나노공학)URIP","안희준",3,"월(13:00-15:00),수(13:00-15:00)","신소재공학관218호멀티미디어실","",,,
4913,"미정","전공선택","7459327","재료유변학","엄영호",3,"월(10:30-12:00),수(10:30-12:00)","신소재공학관318호세미나실","",,,
4914,"미정","전공선택","7459328","에너지소자공정","송태섭",3,"월(10:30-12:00),수(10:30-12:00)","인텔리전스컴퓨팅룸2","",,,
4915,"미정","전공선택","7459329","바이오메디컬공학특강2","이종민",2,"월(17:00-19:00)","IT.BT관국제회의실(911)","",,,
4916,"미정","전공선택","7459330","생체시스템설계프로젝트","이병훈",3,"월(16:00-18:00),수(15:00-17:00)","IT.BT관208강의실,산학기술관생체전자실습실(404)","",,,
4917,"미정","전공선택","7459331","의료기기","유형석",3,"화(15:00-16:30),화(16:30-18:00)","산학기술관생체정보실습실(608)","",,,
4918,"미정","전공선택","7459332","마인드풀니스와테크놀로지","김형숙",3,"목(13:00-15:00),목(15:00-17:00)","인텔리전스컴퓨팅룸4","",,,
4919,"미정","전공선택","7459333","광전자공학","박진섭",4,"월(09:00-10:30),월(10:30-12:00),월(18:00-20:00)","제2공학관313강의실(녹화전용),제2공학관313강의실(녹화전용),반도체공학과회로설계실험실(407)","",,,
4920,"미정","전공선택","7459334","미분적분학2","변양현",3,"수(13:00-14:30),금(09:00-10:30)","제1공학관404강의실","",,,
4921,"미정","전공선택","7459335","일반물리학및실험2","이인숙",3,"월(11:00-13:00),금(11:00-13:00)","제1공학관305강의실,제1공학관501강의실,자연과학관일반물리학실험실4(213),자연과학관일반물리학실험실3(212)","",,,
4922,"미정","전공선택","7459336","전자공학","김민구",3,"수(09:00-10:30)","제1공학관209강의실,비지정()","",,,
4923,"미정","전공선택","7459337","재료역학2","하성규",3,"목(13:00-14:30),목(14:30-16:00)","제1공학관503강의실","",,,
4924,"미정","전공선택","7459338","커리어개발Ⅱ:취.창업진로포트폴리오","김동립",1,"시간미지정강좌","비지정()","",,,
4925,"미정","전공선택","7459339","열유체공학실험1","곽노균",2,"수(15:00-19:00)","비지정()","",,,
4926,"미정","전공선택","7459340","공업유기화학2","서동학",3,"화(14:30-16:00),목(13:00-14:30)","제1공학관408강의실,제1공학관305강의실","",,,
4927,"미정","전공선택","7459341","인공지능","김태욱",3,"월(13:00-14:30),목(10:30-12:00)","IT.BT관203강의실","",,,
4928,"미정","전공선택","7459342","커리어개발Ⅱ:취.창업진로포트폴리오","김학성",1,"시간미지정강좌","비지정()","",,,
4929,"미정","전공선택","7459343","커리어개발Ⅱ:취.창업진로포트폴리오","배지웅",1,"시간미지정강좌","비지정()","",,,
4930,"미정","전공선택","7459344","미래모빌리티및스마트제조PBL2","김영범",3,"금(15:00-16:00),금(16:00-20:00)","비지정()","",,,
4931,"미정","전공선택","7459346","테크노경영학(스타트업종합설계)","안광일",3,"목(13:00-14:30)","제1공학관405강의실,","",,,
4932,"미정","전공선택","7459347","차량동역학시스템","허건수",3,"수(13:00-14:30),목(10:30-12:00)","미래자동차연구센터103강의실","",,,
4933,"미정","전공선택","7459348","설계공학","이동진",3,"월(16:00-17:30),수(16:00-17:30)","미래자동차연구센터103강의실","",,,
4934,"미정","전공선택","7459349","핵연료주기공학","조용흠",3,"월(16:00-17:30),화(10:30-12:00)","제2공학관311강의실","",,,
4935,"미정","전공선택","7459350","환경화학","송호철",3,"월(09:00-10:30),수(09:00-10:30)","제1공학관407강의실","",,,
4936,"미정","전공선택","7459351","석유생산공학","이근상",3,"월(13:00-14:30),수(13:00-14:30)","제2공학관309강의실,제2공학관209강의실","",,,
4937,"미정","전공선택","7459354","문화기술인간","이기태",2,"목(11:00-13:00)","제1공학관406강의실","",,,
4938,"미정","전공선택","7459355","선형대수","장의선",3,"월(09:00-10:30),수(10:30-12:00)","IT.BT관507강의실","",,,
4939,"미정","전공선택","7459356","커리어개발Ⅱ:취.창업진로포트폴리오","박관규",1,"화(12:00-13:00)","제2공학관204강의실","",,,
4940,"미정","전공선택","7459357","재료및생산가공실험1","김학성",2,"수(15:00-19:00)","비지정()","",,,
4941,"미정","전공선택","7459358","기계진동학","장건희",3,"금(09:00-10:30),금(10:30-12:00)","제2공학관207강의실","",,,
4942,"미정","전공선택","7459359","스마트기계공작법","이승환",3,"월(09:00-10:30)","제1공학관203강의실","",,,
4943,"미정","전공선택","7459360","컴퓨터네트워크","원영준",3,"금(09:00-10:30),금(10:30-12:00)","IT.BT관203강의실","",,,
4944,"미정","전공선택","7459361","건축통합시스템","맹민정",3,"월(09:00-10:30),월(10:30-12:00)","제1공학관204강의실","",,,
4945,"미정","전공선택","7459362","건설CAD및전산응용","서종원",3,"월(15:00-17:00),목(13:00-15:00)","재성토목관103강의실,재성토목관멀티미디어실305호","",,,
4946,"미정","전공선택","7459363","고체재료역학및실험","최동호",3,"화(11:00-13:00),수(13:00-15:00)","재성토목관103강의실","",,,
4947,"미정","전공선택","7459364","통합사고와읽기의기술","정애진",2,"화(11:00-13:00)","제1공학관206강의실","",,,
4948,"미정","전공선택","7459365","마이크로프로세서응용","조영필",3,"월(09:00-11:00),수(09:00-11:00)","IT.BT관609강의실","",,,
4949,"미정","전공선택","7459366","커리어개발Ⅱ:취.창업진로포트폴리오","이정표",1,"수(17:30-18:30)","제1공학관202강의실","",,,
4950,"미정","전공선택","7459367","커리어개발Ⅱ:취.창업진로포트폴리오","조기춘",1,"화(17:30-18:30)","미래자동차연구센터104강의실","",,,
4951,"미정","전공선택","7459368","교통공학","고준호",3,"화(16:00-17:30),수(10:30-12:00)","제1공학관601강의실,신소재공학관707호/708호","",,,
4952,"미정","전공선택","7459369","부동산평가및자산관리","손지형",3,"월(16:00-17:30),월(17:30-19:00)","제1공학관305강의실","",,,
4953,"미정","전공선택","7459370","안테나공학","왕성식",4,"화(16:00-17:30),목(16:00-17:30),목(18:00-20:00)","제1공학관303강의실,제1공학관303강의실,공업센터PC실(613)","",,,
4954,"미정","전공선택","7459371","모빌리티기술기초및산업동향","김선우",3,"월(16:00-17:30),수(16:00-17:30)","제1공학관303강의실","",,,
4955,"미정","전공선택","7459373","기계공학종합설계2","왕웨이",3,"시간미지정강좌","비지정()","",,,
4956,"미정","전공선택","7459374","커리어개발Ⅱ:취.창업진로포트폴리오","곽노균",1,"시간미지정강좌","비지정()","",,,
4957,"미정","전공선택","7459375","자동차소프트웨어","조기춘",3,"수(14:30-16:00),금(14:30-16:00)","미래자동차연구센터103강의실","",,,
4958,"미정","전공선택","7459376","실용공학연구2","김상태",1,"시간미지정강좌","비지정()","",,,
4959,"미정","전공선택","7459378","커리어개발Ⅱ:취.창업진로포트폴리오","전한종",1,"시간미지정강좌","비지정()","",,,
4960,"미정","전공선택","7459379","공학도를위한창의적컴퓨팅","원정임",3,"화(11:00-13:00),금(13:00-15:00)","제2공학관207강의실,제2공학관401강의실","",,,
4961,"미정","전공선택","7459380","Technology and AI: Utopia or Dystopia?","Ed Topliffe",2,"월(11:00-13:00)","제2공학관307강의실","",,,
4962,"미정","전공선택","7459381","공업유기화학실험","정인환",2,"수(15:00-19:00)","신소재공학관218호멀티미디어실","",,,
4963,"미정","전공선택","7459382","공학입문설계","윤수경",3,"화(11:00-13:00),수(09:00-11:00)","제2공학관공학입문설계실","",,,
4964,"미정","전공선택","7459383","일반화학및실험2","탁정애",3,"월(09:00-11:00),수(15:00-17:00)","제1공학관604강의실(녹화전용),자연과학관일반화학실험실4(122),자연과학관일반화학실험실3(121)","",,,
4965,"미정","전공선택","7459384","공업수학2","노우석",3,"화(13:00-14:30),금(10:30-12:00)","제1공학관302강의실","",,,
4966,"미정","전공선택","7459385","미분적분학2","정예원",3,"월(10:30-12:00),수(09:00-10:30)","제1공학관402강의실","",,,
4967,"미정","전공선택","7459386","미래자동차공학연구실현장실습2","황순민",1,"시간미지정강좌","비지정()","",,,
4968,"미정","전공선택","7459387","전자회로2","박상규",4,"월(10:30-12:00),수(10:30-12:00),화(11:00-13:00)","제2공학관209강의실,제2공학관209강의실,공업센터응용설계실(611)","",,,
4969,"미정","전공선택","7459388","통신시스템","윤동원",3,"월(13:00-14:30),월(14:30-16:00)","제2공학관해동AILab_402","",,,
4970,"미정","전공선택","7459389","컴퓨터네트워크","문희찬",4,"화(14:30-16:00),수(14:30-16:00),금(13:00-15:00)","제1공학관203강의실,제1공학관203강의실,제2공학관해동AILab_402","",,,
4971,"미정","전공선택","7459390","실용공학연구2","정윤선",1,"시간미지정강좌","비지정()","",,,
4972,"미정","전공선택","7459391","커리어개발Ⅱ:취.창업진로포트폴리오","김태복",1,"화(17:30-18:30)","제2공학관313강의실(녹화전용)","",,,
4973,"미정","전공선택","7459392","자동차공학실험","황순민",2,"목(15:00-19:00)","비지정()","",,,
4974,"미정","전공선택","7459393","미래자동차공학종합설계2","황순민",1,"시간미지정강좌","미래자동차연구센터104강의실","",,,
4975,"미정","전공선택","7459394","머신러닝2","백성용",3,"화(13:00-15:00),수(09:00-11:00)","인텔리전스컴퓨팅룸3,인텔리전스컴퓨팅룸4","",,,
4976,"미정","전공선택","7459395","응용재료공학","김상태",3,"화(10:30-12:00),목(13:00-14:30)","제2공학관510강의실(녹화전용),제2공학관311강의실","",,,
4977,"미정","전공선택","7459397","공업수학2","노우석",3,"월(10:30-12:00),목(10:30-12:00)","제1공학관302강의실","",,,
4978,"미정","전공선택","7459398","문화기술인간","정혜경",2,"목(11:00-13:00)","제1공학관602강의실","",,,
4979,"미정","전공선택","7459399","응용통계학","배석주",3,"월(09:00-10:30),수(13:00-14:30)","제2공학관205강의실,제2공학관206강의실","",,,
4980,"미정","전공선택","7459400","산업인공지능시스템응용","정지훈",3,"월(16:00-17:30),목(09:00-10:30)","제2공학관해동AILab_402","",,,
4981,"미정","전공선택","7459401","선형계획법","이동호",3,"화(10:30-12:00),목(14:30-16:00)","제1공학관305강의실","",,,
4982,"미정","전공선택","7459402","인지과학기초","김성신",3,"목(15:00-16:30),목(16:30-18:00)","인텔리전스컴퓨팅룸1","",,,
4983,"미정","전공선택","7459403","회로이론2","송윤흡",3,"화(14:30-16:00),목(14:30-16:00)","제1공학관208강의실","",,,
4984,"미정","전공선택","7459404","커리어개발Ⅱ:취.창업진로포트폴리오","이경용",1,"수(12:00-13:00)","비지정()","",,,
4985,"미정","전공선택","7459406","수치해석","최성용",3,"화(16:00-17:30),수(16:00-17:30)","IT.BT관208강의실","",,,
4986,"미정","전공선택","7459407","알고리즘및문제해결기법","박희진",3,"월(14:30-16:00)","비지정(),IT.BT관508강의실","",,,
4987,"미정","전공선택","7459408","공업수학2","김재희",3,"월(10:30-12:00),목(10:30-12:00)","제1공학관303강의실","",,,
4988,"미정","전공선택","7459409","객체지향프로그래밍","김근배",3,"화(09:00-11:00),수(18:00-20:00)","반도체공학과406강의실","",,,
4989,"미정","전공선택","7459412","데이터사이언스연구실현장실습2","김미숙",1,"목(16:00-17:00)","비지정()","",,,
4990,"미정","전공선택","7459413","열역학1","박성욱",3,"월(10:30-12:00)","제1공학관208강의실,제1공학관508강의실","",,,
4991,"미정","전공선택","7459414","커리어개발Ⅱ:취.창업진로포트폴리오","박성욱",1,"시간미지정강좌","비지정()","",,,
4992,"미정","전공선택","7459415","커리어개발Ⅱ:취.창업진로포트폴리오","송호철",1,"시간미지정강좌","비지정()","",,,
4993,"미정","전공선택","7459417","핵융합발전소설계","이정표",3,"금(09:00-11:00),금(11:00-13:00)","비지정()","",,,
4994,"미정","전공선택","7459419","공학도를위한창의적컴퓨팅","이주호",3,"월(09:00-11:00),월(11:00-13:00)","제2공학관401강의실","",,,
4995,"미정","전공선택","7459420","컴퓨터응용도시설계","김현수",3,"월(09:00-11:00),월(11:00-13:00)","비지정()","",,,
4996,"미정","전공선택","7459421","마이크로프로세서","김지훈",4,"화(13:00-14:30),수(14:30-16:00),수(16:00-18:00)","제1공학관202강의실,제1공학관202강의실,퓨전테크놀러지융합전자공학부실험실1(202)","",,,
4997,"미정","전공선택","7459422","일반전자물리2","유창재",3,"월(10:30-12:00),목(09:00-10:30)","제2공학관510강의실(녹화전용)","",,,
4998,"미정","전공선택","7459423","Technology and AI: Utopia or Dystopia?","Matthew John Clement",2,"월(11:00-13:00)","제2공학관305강의실","",,,
4999,"미정","전공선택","7459424","공학도를위한창의적컴퓨팅","조호성",3,"월(11:00-13:00),금(13:00-15:00)","제2공학관205강의실,제2공학관정석현PC1","",,,
5000,"미정","전공선택","7459425","공업수학2","김주형",3,"화(13:00-14:30),금(10:30-12:00)","제1공학관208강의실","",,,
5001,"미정","전공선택","7459426","컴퓨터구조2","오현옥",3,"월(09:00-10:30),화(09:00-10:30)","IT.BT관203강의실","",,,
5002,"미정","전공선택","7459428","확률및통계","안종창",3,"월(10:30-12:00),수(09:00-10:30)","IT.BT관203강의실","",,,
5003,"미정","전공선택","7459429","반도체소자","박재근",3,"월(13:00-14:30),월(14:30-16:00)","반도체공학과406강의실","",,,
5004,"미정","전공선택","7459430","전자소자재료2","최창환",3,"월(13:00-14:30),화(13:00-14:30)","제2공학관313강의실(녹화전용)","",,,
5005,"미정","전공선택","7459431","커리어개발Ⅱ:취.창업진로포트폴리오","한태희",1,"화(16:00-17:00)","제2공학관204강의실","",,,
5006,"미정","전공선택","7459432","일반전자물리2","김재훈",3,"화(16:00-17:30),목(16:00-17:30)","제2공학관210강의실","",,,
5007,"미정","전공선택","7459433","Technology and AI: Utopia or Dystopia?","Douglas N. McIntosh",2,"월(09:00-11:00)","제1공학관207강의실","",,,
5008,"미정","전공선택","7459434","Personal Branding in Digital Markets","S. Afflick-Smith",2,"목(09:00-11:00)","제2공학관306강의실","",,,
5009,"미정","전공선택","7459435","공학도를위한창의적컴퓨팅","탁문호",3,"화(13:00-15:00),화(15:00-17:00)","제2공학관206강의실","",,,
5010,"미정","전공선택","7459436","공업수학2","이성열",3,"화(13:00-14:30),금(10:30-12:00)","제1공학관204강의실","",,,
5011,"미정","전공선택","7459437","IT와경영전략","박현석",3,"금(13:00-14:30),금(14:30-16:00)","IT.BT관202강의실","",,,
5012,"미정","전공선택","7459438","정보시스템학종합설계2","이욱",1,"시간미지정강좌","비지정()","",,,
5013,"미정","전공선택","7459439","도시설계론","유영원",3,"목(09:00-10:30),목(10:30-12:00)","제1공학관408강의실","",,,
5014,"미정","전공선택","7459440","커리어개발Ⅱ:취.창업진로포트폴리오","정재경",1,"월(17:30-18:30)","제2공학관207강의실","",,,
5015,"미정","전공선택","7459441","데이터베이스시스템및응용","강수용",3,"화(09:00-10:30),금(09:00-10:30)","IT.BT관202강의실","",,,
5016,"미정","전공선택","7459442","생물나노소재","이동윤",3,"월(10:30-12:00),수(10:30-12:00)","IT.BT관902강의실","",,,
5017,"미정","전공선택","7459443","실용공학연구4","윤채옥",1,"시간미지정강좌","비지정()","",,,
5018,"미정","전공선택","7459444","전공멘토링2","강수용",1,"시간미지정강좌","비지정()","",,,
5019,"미정","전공선택","7459445","캡스톤소프트웨어프로젝트2","이윤상",1,"시간미지정강좌","비지정()","",,,
5020,"미정","전공선택","7459446","수치해석","김진국",3,"월(10:30-12:00),수(14:30-16:00)","공업센터화공전산실습실","",,,
5021,"미정","전공선택","7459447","신소재공학종합설계2(URIP)","박진성",3,"시간미지정강좌","비지정()","",,,
5022,"미정","전공선택","7459448","Adventure Design(기계융합1)","박우성",3,"화(15:00-16:00),화(16:00-20:00)","비지정()","",,,
5023,"미정","전공선택","7459449","CSE융합세미나2","백은옥",2,"수(16:00-18:00)","IT.BT관국제회의실(911)","",,,
5024,"미정","전공선택","7459450","일반물리학및실험2","천병구",3,"목(11:00-13:00),월(15:00-17:00)","제1공학관304강의실,자연과학관일반물리학실험실2(210),자연과학관일반물리학실험실1(209)","",,,
5025,"미정","전공선택","7459451","생화학2","이민형",3,"월(09:00-10:30),수(09:00-10:30)","IT.BT관901강의실","",,,
5026,"미정","전공선택","7459452","창의적소프트웨어프로그래밍","조동현",4,"시간미지정강좌,수(15:00-17:00),금(11:00-13:00)","비지정(),IT.BT관202강의실,IT.BT관202강의실","",,,
5027,"미정","전공선택","7459453","생체영상처리","이종민",3,"화(14:30-16:00),목(14:30-16:00)","IT.BT관208강의실","",,,
5028,"미정","전공선택","7459456","수치해석","박종일",3,"월(16:00-17:30),수(16:00-17:30)","IT.BT관508강의실","",,,
5029,"미정","전공선택","7459457","통합사고와읽기의기술","이은실",2,"화(11:00-13:00)","제1공학관507강의실","",,,
5030,"미정","전공선택","7459458","문화기술인간","김준수",2,"목(11:00-13:00)","제1공학관507강의실","",,,
5031,"미정","전공선택","7459459","문화기술인간","김준수",2,"목(13:00-15:00)","제1공학관507강의실","",,,
5032,"미정","전공선택","7459460","열유체공학실험1","문승재",2,"월(15:00-19:00)","비지정()","",,,
5033,"미정","전공선택","7459461","커리어개발Ⅱ:취.창업진로포트폴리오","조용흠",1,"수(17:30-18:30)","제1공학관203강의실","",,,
5034,"미정","전공선택","7459462","커리어개발Ⅱ:취.창업진로포트폴리오","정인재",1,"화(17:30-18:30)","제2공학관510강의실(녹화전용)","",,,
5035,"미정","전공선택","7459464","미래자동차공학연구실현장실습2","유지형",1,"시간미지정강좌","비지정()","",,,
5036,"미정","전공선택","7459465","미래자동차공학연구실현장실습2","조기춘",1,"시간미지정강좌","비지정()","",,,
5037,"미정","전공선택","7459466","인공지능프로젝트2","임형욱",3,"수(15:00-16:00),수(16:00-20:00)","비지정()","",,,
5038,"미정","전공선택","7459467","반도체소자공정실험","이승백",3,"화(11:00-13:00),금(09:00-11:00)","제1공학관604강의실(녹화전용),반도체공학과회로설계실험실(407)","",,,
5039,"미정","전공선택","7459470","심리뇌과학연구실현장실습2","임형욱",1,"금(11:00-12:00)","비지정()","",,,
5040,"미정","전공선택","7459471","데이터사이언스연구실현장실습2","김현준",1,"목(16:00-17:00)","비지정()","",,,
5041,"미정","전공선택","7459472","미분적분학2","김동영",3,"화(09:00-10:30),금(10:30-12:00)","제1공학관402강의실","",,,
5042,"미정","전공선택","7459473","유체역학","전정숙",3,"수(16:00-17:30),목(10:30-12:00)","재성토목관103강의실","",,,
5043,"미정","전공선택","7459474","회로망이론","김성열",3,"월(10:30-12:00),화(10:30-12:00)","제2공학관502강의실","",,,
5044,"미정","전공선택","7459475","스마트건축의이해","박창한",2,"금(09:00-11:00)","제1공학관201강의실","",,,
5045,"미정","전공선택","7459476","일반물리학및실험2","하은자",3,"월(13:00-15:00),목(15:00-17:00)","제1공학관304강의실,자연과학관일반물리학실험실1(209),자연과학관일반물리학실험실2(210)","",,,
5046,"미정","전공선택","7459477","재료과학개론","이상규",3,"금(09:00-10:30),금(10:30-12:00)","신소재공학관707호/708호","",,,
5047,"미정","전공선택","7459478","선형대수","김동진",3,"월(10:30-12:00),수(10:30-12:00)","인텔리전스컴퓨팅룸3","",,,
5048,"미정","전공선택","7459479","디지털논리설계","정기석",4,"화(13:00-14:30),화(14:30-16:00),월(13:00-15:00)","반도체공학과406강의실,반도체공학과406강의실,반도체공학과회로설계실험실(407),반도체공학과회로설계실험실(407)","",,,
5049,"미정","전공선택","7459480","미분적분학2","박영선",3,"월(09:00-10:30),수(10:30-12:00)","제1공학관403강의실","",,,
5050,"미정","전공선택","7459481","공학도를위한창의적프로그래밍","김도희",2,"금(13:00-14:00),금(14:00-15:00)","제2공학관최병부SW실습실(303)","",,,
5051,"미정","전공선택","7459482","미분적분학2","연미정",3,"화(10:30-12:00),목(09:00-10:30)","제1공학관402강의실","",,,
5052,"미정","전공선택","7459483","미래자동차공학개론","허건수",3,"수(17:00-18:30),목(16:00-17:30)","미래자동차연구센터102강의실","",,,
5053,"미정","전공선택","7459484","일반화학및실험2","탁정애",3,"수(09:00-11:00),월(13:00-15:00)","제1공학관502강의실,자연과학관일반화학실험실4(122),자연과학관일반화학실험실3(121)","",,,
5054,"미정","전공선택","7459485","미분적분학2","연미정",3,"화(13:00-14:30),금(14:30-16:00)","제1공학관402강의실","",,,
5055,"미정","전공선택","7459486","공학도를위한창의적프로그래밍","지정은",2,"목(11:00-12:00),목(12:00-13:00)","제2공학관401강의실","",,,
5056,"미정","전공선택","7459487","미분적분학2","이선경",3,"화(14:30-16:00),금(16:00-17:30)","제1공학관404강의실","",,,
5057,"미정","전공선택","7459488","테크노경영학(스타트업종합설계)","이재석",3,"목(13:00-14:30)","제1공학관509강의실,","",,,
5058,"미정","전공선택","7459489","방사선량과생물학적영향","정윤선",3,"화(13:00-14:30),수(14:30-16:00)","제2공학관510강의실(녹화전용)","",,,
5059,"미정","전공선택","7459490","공업수학2","김재희",3,"화(14:30-16:00),금(13:00-14:30)","제1공학관303강의실","",,,
5060,"미정","전공선택","7459491","암반공학","이승원",3,"화(10:30-12:00),목(10:30-12:00)","제2공학관309강의실,제1공학관204강의실","",,,
5061,"미정","전공선택","7459492","공업경제학","정인재",3,"수(10:30-12:00),금(10:30-12:00)","제2공학관206강의실,제2공학관209강의실","",,,
5062,"미정","전공선택","7459493","데이터구조론","김경환",3,"화(16:00-17:30),화(17:30-19:00)","제2공학관311강의실","",,,
5063,"미정","전공선택","7459494","도시와디자인","한재원",3,"목(15:00-17:00),목(17:00-19:00)","비지정()","",,,
5064,"미정","전공선택","7459495","도시설계2","박진아",4,"화(13:00-15:00),화(15:00-19:00)","비지정()","",,,
5065,"미정","전공선택","7459496","공학입문설계","전상환",3,"월(09:00-11:00),금(13:00-15:00)","제2공학관공학입문설계실","",,,
5066,"미정","전공선택","7459497","미분적분학2","송정환",3,"수(13:00-14:30),금(09:00-10:30)","제1공학관402강의실","",,,
5067,"미정","전공선택","7459498","재료과학2","최선진",3,"월(16:00-17:30),목(16:00-17:30)","제2공학관313강의실(녹화전용)","",,,
5068,"미정","전공선택","7459499","결정구조분석","이승용",3,"금(15:00-16:30),금(16:30-18:00)","제1공학관208강의실","",,,
5069,"미정","전공선택","7459500","수문학","강석구",3,"금(13:00-14:30),금(14:30-16:00)","재성토목관201강의실","",,,
5070,"미정","전공선택","7459501","전력시스템경제","김성열",3,"월(14:30-16:00),금(13:00-14:30)","제2공학관313강의실(녹화전용)","",,,
5071,"미정","전공선택","7459502","전기회로및조명시스템","기유경",3,"월(16:00-17:30),월(17:30-19:00)","제1공학관302강의실","",,,
5072,"미정","전공선택","7459503","자동차공학실험","임명섭",2,"목(15:00-19:00)","비지정()","",,,
5073,"미정","전공선택","7459505","자동차커넥티비티","조한신",3,"화(09:00-11:00),목(11:00-13:00)","미래자동차연구센터102강의실,미래자동차연구센터106강의실","",,,
5074,"미정","전공선택","7459506","인공지능","김은솔",3,"월(13:00-14:30),목(10:30-12:00)","IT.BT관207강의실","",,,
5075,"미정","전공선택","7459507","미래자동차공학종합설계2","조한신",1,"시간미지정강좌","미래자동차연구센터103강의실","",,,
5076,"미정","전공선택","7459508","소형모듈원자로안전해석","송민섭",3,"수(13:00-14:30),금(10:30-12:00)","제1공학관601강의실","",,,
5077,"미정","전공선택","7459509","자원환경공학종합설계","권일한",3,"시간미지정강좌","비지정()","",,,
5078,"미정","전공선택","7459510","신뢰성및보전공학","배석주",3,"월(13:00-14:30),수(10:30-12:00)","비지정(),제2공학관205강의실","",,,
5079,"미정","전공선택","7459511","시스템프로그래밍","설웅",3,"화(15:00-17:00),목(15:00-17:00)","IT.BT관508강의실","",,,
5080,"미정","전공선택","7459512","커리어개발Ⅱ:취.창업진로포트폴리오","김윤호",1,"화(17:00-18:00)","IT.BT관202강의실","",,,
5081,"미정","전공선택","7459513","캡스톤소프트웨어프로젝트2","채동규",1,"시간미지정강좌","비지정()","",,,
5082,"미정","전공선택","7459514","전자장","Ming-Chieh Lin",3,"월(09:00-10:30),화(09:00-10:30)","제2공학관208강의실","",,,
5083,"미정","전공선택","7459515","생체공학연구실현장실습4","최창순",1,"시간미지정강좌","비지정()","",,,
5084,"미정","전공선택","7459516","재료과학2","신동욱",3,"월(16:00-17:30),목(16:00-17:30)","제2공학관208강의실","",,,
5085,"미정","전공선택","7459517","커리어개발Ⅱ:취.창업진로포트폴리오","최선진",1,"화(16:00-17:00)","제2공학관313강의실(녹화전용)","",,,
5086,"미정","전공선택","7459518","제조시스템공학","이동호",3,"화(14:30-16:00),목(10:30-12:00)","제2공학관313강의실(녹화전용)","",,,
5087,"미정","전공선택","7459519","부동산개발및마케팅분석","이창무",3,"월(13:00-14:30),월(14:30-16:00)","신소재공학관702호/703호","",,,
5088,"미정","전공선택","7459520","컴퓨터비전개론","홍제형",3,"화(10:30-12:00),목(10:30-12:00)","제2공학관해동AILab_402","",,,
5089,"미정","전공선택","7459521","원자력과AI입문","조용흠",3,"수(14:30-16:00),목(10:30-12:00)","제1공학관402강의실","",,,
5090,"미정","전공선택","7459522","재료의기계적거동","장재일",3,"월(14:30-16:00),수(14:30-16:00)","제1공학관402강의실,제1공학관302강의실","",,,
5091,"미정","전공선택","7459523","데이터구조","원영준",3,"목(09:00-10:30)","비지정(),IT.BT관508강의실","",,,
5092,"미정","전공선택","7459524","Personal Branding in Digital Markets","Ian Gareth Robert Jones",2,"목(09:00-11:00)","제2공학관305강의실","",,,
5093,"미정","전공선택","7459525","건축설계스튜디오6","김미희",6,"월(13:00-14:00),목(13:00-14:00),월(14:00-18:00),목(14:00-18:00)","비지정()","",,,
5094,"미정","전공선택","7459526","건축설계스튜디오6","박종진",6,"월(13:00-14:00),목(13:00-14:00),월(14:00-18:00),목(14:00-18:00)","비지정()","",,,
5095,"미정","전공선택","7459527","기본설계2","이완정",3,"수(13:00-14:00),수(14:00-18:00)","융합공학스튜디오2","",,,
5096,"미정","전공선택","7459528","커리어개발Ⅱ:취.창업진로포트폴리오","김진우",1,"화(17:00-18:00)","비지정()","",,,
5097,"미정","전공선택","7459529","도시와디자인","박자영",3,"목(15:00-17:00),목(17:00-19:00)","비지정()","",,,
5098,"미정","전공선택","7459530","커리어개발Ⅱ:취.창업진로포트폴리오","최성택",1,"목(11:00-12:00)","제2공학관202강의실(녹화전용)","",,,
5099,"미정","전공선택","7459531","도시공학종합설계2(URIP)","이창무",4,"시간미지정강좌,시간미지정강좌","비지정()","",,,
5100,"미정","전공선택","7459532","화학공학종합설계2(URIP)","염봉준",2,"시간미지정강좌","비지정()","",,,
5101,"미정","전공선택","7459533","커리어개발Ⅱ:취.창업진로포트폴리오","이욱",1,"목(17:00-18:00)","IT.BT관501강의실","",,,
5102,"미정","전공선택","7459535","건축법과실무","엄정달",3,"화(13:00-14:30),화(14:30-16:00)","제1공학관205강의실","",,,
5103,"미정","전공선택","7459536","건축상세미학","신민재",3,"수(09:00-10:30),수(10:30-12:00)","제1공학관208강의실","",,,
5104,"미정","전공선택","7459537","건축설계스튜디오6","맹민정",6,"월(13:00-14:00),목(13:00-14:00),월(14:00-18:00),목(14:00-18:00)","비지정()","",,,
5105,"미정","전공선택","7459538","건축과인터랙션","한민지",3,"수(13:00-14:30),수(14:30-16:00)","신소재공학관707호/708호","",,,
5106,"미정","전공선택","7459540","건축형태이론","이세진",3,"금(09:00-10:30),금(10:30-12:00)","제1공학관407강의실","",,,
5107,"미정","전공선택","7459541","반도체소자","정예환",3,"월(14:30-16:00),수(09:00-10:30)","제1공학관302강의실","",,,
5108,"미정","전공선택","7459542","광전자공학","박진섭",4,"화(13:00-14:30),목(13:00-14:30),목(18:00-20:00)","제2공학관208강의실,제2공학관208강의실,공업센터별관광자응용실험실(610)","",,,
5109,"미정","전공선택","7459543","캡스톤디자인:반도체소자","유호천",3,"수(13:00-15:00),수(15:00-17:00)","공업센터종합설계실(614)","",,,
5110,"미정","전공선택","7459544","융합전자공학종합설계2","권대웅",1,"시간미지정강좌","비지정()","",,,
5111,"미정","전공선택","7459545","신소재공학요소설계4(URIP)","박원일",2,"월(18:00-20:00),목(18:00-20:00)","제1공학관201강의실","",,,
5112,"미정","전공선택","7459546","일반물리학및실험2","김준하",3,"월(09:00-11:00),목(13:00-15:00)","제1공학관305강의실,자연과학관일반물리학실험실5(217),자연과학관일반물리학실험실6(218)","",,,
5113,"미정","전공선택","7459547","미분적분학2","황신철",3,"화(13:00-14:30),목(16:00-17:30)","제1공학관403강의실","",,,
5114,"미정","전공선택","7459548","일반화학및실험2","이경림",3,"화(13:00-15:00),목(09:00-11:00)","제1공학관604강의실(녹화전용),자연과학관일반화학실험실3(121),자연과학관일반화학실험실4(122)","",,,
5115,"미정","전공선택","7459549","공학도를위한창의적프로그래밍","조문기",2,"수(13:00-14:00),수(14:00-15:00)","제2공학관최병부SW실습실(303)","",,,
5116,"미정","전공선택","7459550","신호와시스템","문희찬",3,"월(16:00-17:30),화(16:00-17:30)","제1공학관204강의실","",,,
5117,"미정","전공선택","7459551","Technology and AI: Utopia or Dystopia?","Brian A. Wildeboer",2,"월(09:00-11:00)","제2공학관306강의실","",,,
5118,"미정","전공선택","7459552","Technology and AI: Utopia or Dystopia?","Brian A. Wildeboer",2,"월(11:00-13:00)","제2공학관306강의실","",,,
5119,"미정","전공선택","7459553","전문학술영어","Connie Park",3,"화(09:00-10:30),금(09:00-10:30)","제2공학관306강의실","",,,
5120,"미정","전공선택","7459554","전자회로","김래영",3,"월(16:00-17:30),화(16:00-17:30)","제2공학관301강의실,제2공학관501강의실","",,,
5121,"미정","전공선택","7459555","기본설계2","홍유찬",3,"수(13:00-14:00),수(14:00-18:00)","공학실험스튜디오2-1","",,,
5122,"미정","전공선택","7459556","Adventure_Design(건축융합2)","이순석",3,"화(13:00-14:00),화(14:00-18:00)","공학실험스튜디오2-2","",,,
5123,"미정","전공선택","7459557","정역학","박우성",3,"수(09:00-10:30),수(10:30-12:00)","제1공학관508강의실","",,,
5124,"미정","전공선택","7459558","일반물리학및실험2","조진호",3,"금(09:00-11:00),수(13:00-15:00)","제1공학관304강의실,자연과학관일반물리학실험실6(218),자연과학관일반물리학실험실5(217)","",,,
5125,"미정","전공선택","7459559","마이크로프로세서","이채은",4,"화(11:00-12:30),수(10:30-12:00),금(13:00-15:00)","제2공학관206강의실,제2공학관311강의실,반도체공학과회로설계실험실(407)","",,,
5126,"미정","전공선택","7459561","Personal Branding in Digital Markets","Esther du Plessis",2,"목(09:00-11:00)","제2공학관307강의실","",,,
5127,"미정","전공선택","7459562","미분적분학2","황신철",3,"화(09:00-10:30),금(10:30-12:00)","제1공학관403강의실","",,,
5128,"미정","전공선택","7459563","미분적분학2","오수진",3,"월(10:30-12:00),수(09:00-10:30)","제1공학관404강의실","",,,
5129,"미정","전공선택","7459564","전자소자및회로","김형진",3,"월(09:00-10:30),목(10:30-12:00)","제2공학관204강의실","",,,
5130,"미정","전공선택","7459565","전자장","박완준",3,"월(10:30-12:00),수(10:30-12:00)","제1공학관203강의실","",,,
5131,"미정","전공선택","7459566","일반화학및실험2","탁정애",3,"수(15:00-17:00),목(13:00-15:00)","제1공학관502강의실,자연과학관일반화학실험실1(114),자연과학관일반화학실험실2(116)","",,,
5132,"미정","전공선택","7459567","일반물리학및실험2","김호영",3,"월(11:00-13:00),금(11:00-13:00)","제1공학관304강의실,자연과학관일반물리학실험실5(217),자연과학관일반물리학실험실6(218)","",,,
5133,"미정","전공선택","7459568","커리어개발Ⅱ:취.창업진로포트폴리오","유은종",1,"월(11:00-12:00)","공학실험스튜디오2-2","",,,
5134,"미정","전공선택","7459569","건축공학캡스톤PBL(스마트건축구조시스템)","유은종",3,"시간미지정강좌,시간미지정강좌","비지정()","",,,
5135,"미정","전공선택","7459570","건설환경공학종합설계2","김종오",1,"시간미지정강좌","비지정()","",,,
5136,"미정","전공선택","7459571","자원환경공학종합설계","전병훈",3,"시간미지정강좌","비지정()","",,,
5137,"미정","전공선택","7459572","신호와시스템","신동준",3,"수(13:00-14:30),금(13:00-14:30)","제1공학관202강의실","",,,
5138,"미정","전공선택","7459573","Adventure_Design(건축융합2)","김산",3,"화(13:00-14:00),화(14:00-18:00)","융합공학스튜디오1","",,,
5139,"미정","전공선택","7459574","재료역학2","왕웨이",3,"화(10:30-12:00),목(13:00-14:30)","제2공학관204강의실","",,,
5140,"미정","전공선택","7459575","전자공학","박관규",3,"월(09:00-10:30),수(09:00-10:30)","제1공학관303강의실","",,,
5141,"미정","전공선택","7459576","열역학1","김동립",3,"월(10:30-12:00)","제2공학관501강의실","",,,
5142,"미정","전공선택","7459577","미분적분학2","변양현",3,"수(16:00-17:30),금(14:30-16:00)","제1공학관509강의실","",,,
5143,"미정","전공선택","7459578","미분적분학2","정예원",3,"화(10:30-12:00),목(09:00-10:30)","제1공학관403강의실","",,,
5144,"미정","전공선택","7459579","미분적분학2","최나리",3,"화(10:30-12:00),목(09:00-10:30)","제1공학관404강의실","",,,
5145,"미정","전공선택","7459580","기본설계2","최수희",3,"화(13:00-14:00),화(14:00-18:00)","비지정()","",,,
5146,"미정","전공선택","7459581","건축설계스튜디오4","안진호",6,"월(13:00-14:00),목(13:00-14:00),월(14:00-18:00),목(14:00-18:00)","비지정()","",,,
5147,"미정","전공선택","7459582","도시공학종합설계2(URIP)","박진아",4,"시간미지정강좌,시간미지정강좌","비지정()","",,,
5148,"미정","전공선택","7459583","디지털논리설계","IGBAFE ORIKUMHI",4,"월(14:30-16:00),금(13:00-14:30),월(18:00-20:00)","제2공학관205강의실,제2공학관204강의실,퓨전테크놀러지융합전자공학부실험실1(202)","",,,
5149,"미정","전공선택","7459584","선형대수","김동진",3,"월(13:00-14:30),수(13:00-14:30)","인텔리전스컴퓨팅룸3","",,,
5150,"미정","전공선택","7459586","공학입문설계","윤수경",3,"월(15:00-17:00),수(11:00-13:00)","제2공학관공학입문설계실","",,,
5151,"미정","전공선택","7459587","수치해석","이정표",3,"월(13:00-14:30),수(13:00-14:30)","제1공학관407강의실","",,,
5152,"미정","전공선택","7459588","탄성파탐사의원리","설순지",3,"월(15:00-16:30),월(16:30-17:00)","제1공학관206강의실","",,,
5153,"미정","전공선택","7459589","지구환경공학개론","전병훈",3,"금(13:00-14:30),금(14:30-16:00)","제2공학관502강의실","",,,
5154,"미정","전공선택","7459590","투자과학","송재욱",3,"화(09:00-10:30),목(16:00-17:30)","제2공학관202강의실(녹화전용),제2공학관301강의실","",,,
5155,"미정","전공선택","7459591","공학입문설계","전상환",3,"화(15:00-17:00),수(15:00-17:00)","제2공학관공학입문설계실","",,,
5156,"미정","전공선택","7459592","데이터의구조","정두석",3,"화(14:30-16:00),목(14:30-16:00)","제2공학관209강의실,제1공학관509강의실","",,,
5157,"미정","전공선택","7459593","공학도를위한창의적컴퓨팅","탁문호",3,"금(13:00-15:00),금(15:00-17:00)","제2공학관206강의실","",,,
5158,"미정","전공선택","7459594","일반물리학및실험2","이경수",3,"월(13:00-15:00),목(15:00-17:00)","제1공학관305강의실,자연과학관일반물리학실험실5(217),자연과학관일반물리학실험실6(218)","",,,
5159,"미정","전공선택","7459595","일반물리학및실험2","남창우",3,"화(13:00-15:00),목(09:00-11:00)","제1공학관305강의실,자연과학관일반물리학실험실1(209),자연과학관일반물리학실험실2(210)","",,,
5160,"미정","전공선택","7459596","일반물리학및실험2","이원욱",3,"금(09:00-11:00),수(15:00-17:00)","제1공학관604강의실(녹화전용),자연과학관일반물리학실험실4(213),자연과학관일반물리학실험실3(212)","",,,
5161,"미정","전공선택","7459597","디지털논리설계","정준영",4,"수(14:30-16:00),금(14:30-16:00),금(18:00-20:00)","제2공학관205강의실,제2공학관205강의실,퓨전테크놀러지융합전자공학부실험실1(202)","",,,
5162,"미정","전공선택","7459598","디지털논리설계","정준영",4,"수(13:00-14:30),금(13:00-14:30),수(18:00-20:00)","제2공학관205강의실,제2공학관205강의실,퓨전테크놀러지융합전자공학부실험실1(202)","",,,
5163,"미정","전공선택","7459599","자원시장분석론","김진수",3,"화(10:30-12:00),목(10:30-12:00)","제2공학관정석현PC3,제1공학관206강의실","",,,
5164,"미정","전공선택","7459601","커리어개발Ⅱ:취.창업진로포트폴리오","송재욱",1,"화(17:30-18:30)","제2공학관210강의실","",,,
5165,"미정","전공선택","7459602","시뮬레이션","박철진",3,"목(09:00-10:30),금(10:30-12:00)","제2공학관정석현PC3","",,,
5166,"미정","전공선택","7459605","신소재공학HY-UP(실용연구실습)4","김형진",1,"시간미지정강좌","비지정()","",,,
5167,"미정","전공선택","7459606","확률통계론","최성택",3,"화(10:30-12:00),수(13:00-14:30)","제1공학관502강의실,제2공학관311강의실","",,,
5168,"미정","전공선택","7459607","융합전자설계입문","윤동원",1,"화(18:30-19:30)","제2공학관302강의실","",,,
5169,"미정","전공선택","7459608","반도체소자","유호천",3,"월(14:30-16:00),수(09:00-10:30)","제2공학관204강의실","",,,
5170,"미정","전공선택","7459609","AI시대쓰기의힘","이나윤",2,"월(09:00-11:00)","제1공학관507강의실","",,,
5171,"미정","전공선택","7459610","공학도를위한창의적컴퓨팅","원정임",3,"목(11:00-13:00),금(15:00-17:00)","제2공학관207강의실,제2공학관정석현PC2","",,,
5172,"미정","전공선택","7459611","공학입문설계","윤수경",3,"화(13:00-15:00),목(11:00-13:00)","제2공학관공학입문설계실","",,,
5173,"미정","전공선택","7459612","공업수학2","김주형",3,"월(13:00-14:30),목(13:00-14:30)","제1공학관508강의실","",,,
5174,"미정","전공선택","7459613","상상과학성찰","권무순",2,"수(11:00-13:00)","제1공학관201강의실","",,,
5175,"미정","전공선택","7459614","알고리즘및문제해결기법","박희진",3,"금(10:30-12:00)","비지정(),IT.BT관508강의실","",,,
5176,"미정","전공선택","7459615","신호와시스템","오윤선",3,"월(16:00-17:30),화(16:00-17:30)","제1공학관203강의실","",,,
5177,"미정","전공선택","7459616","전자장","정해준",3,"월(10:30-12:00),수(10:30-12:00)","제1공학관508강의실,제1공학관303강의실","",,,
5178,"미정","전공선택","7459617","커리어개발Ⅱ:취.창업진로포트폴리오","송익현",1,"수(17:30-18:30)","제2공학관204강의실","",,,
5179,"미정","전공선택","7459618","인공지능및응용","원영준",3,"목(13:00-14:30)","비지정(),IT.BT관203강의실","",,,
5180,"미정","전공선택","7459619","건축환경공학","민현준",3,"금(16:00-17:30),금(17:30-19:00)","제1공학관203강의실","",,,
5181,"미정","전공선택","7459620","건축설계스튜디오8","노승범",6,"토(09:00-11:00),토(11:00-15:00),토(15:00-19:00)","비지정()","",,,
5182,"미정","전공선택","7459621","조경이론및설계","임한솔",3,"수(09:00-10:30),수(10:30-12:00)","제1공학관408강의실","",,,
5183,"미정","전공선택","7459622","AI시대쓰기의힘","황인건",2,"월(09:00-11:00)","제1공학관209강의실","",,,
5184,"미정","전공선택","7459623","자성재료","윤종승",3,"수(11:00-13:00),금(11:00-13:00)","제2공학관207강의실,제2공학관510강의실(녹화전용)","",,,
5185,"미정","전공선택","7459624","문화기술인간","구재령",2,"금(15:00-17:00)","제1공학관406강의실","",,,
5186,"미정","전공선택","7459625","현대물리학","오누리",3,"수(16:00-17:30),목(13:00-14:30)","제1공학관103강의실","",,,
5187,"미정","전공선택","7459626","통합사고와읽기의기술","김선화",2,"화(11:00-13:00)","제1공학관602강의실","",,,
5188,"미정","전공선택","7459627","데이터사이언스기반의사결정지원","김은찬",3,"금(16:00-17:30),금(17:30-19:00)","IT.BT관203강의실","",,,
5189,"미정","전공선택","7459628","인공지능이해","강창묵",3,"수(10:30-12:00),목(10:30-12:00)","제2공학관502강의실","",,,
5190,"미정","전공선택","7459629","실용공학연구2","이수기",1,"시간미지정강좌",,"",,,
5191,"미정","전공선택","7459630","고분자물성","고민재",3,"월(10:30-12:00),수(10:30-12:00)","신소재공학관707호/708호,제1공학관204강의실","",,,
5192,"미정","전공선택","7459631","실용공학연구2","윤채옥",1,"시간미지정강좌","비지정()","",,,
5193,"미정","전공선택","7459632","실용공학연구4","박희진",1,"시간미지정강좌","비지정()","",,,
5194,"미정","전공선택","7459633","컴퓨터보안","임을규",3,"월(09:00-10:30),수(09:00-10:30)","IT.BT관508강의실","",,,
5195,"미정","전공선택","7459634","생체신호처리","임창환",3,"월(13:00-14:30),화(13:00-14:30)","IT.BT관208강의실","",,,
5196,"미정","전공선택","7459635","공학도를위한창의적프로그래밍","장병철",2,"화(09:00-10:00),화(10:00-11:00)","제2공학관SW융합실습실(507)","",,,
5197,"미정","전공선택","7459636","데이터베이스시스템및응용","이경용",3,"화(15:00-16:30),화(16:30-18:00)","인텔리전스컴퓨팅룸3","",,,
5198,"미정","전공선택","7459637","전자회로2","최병덕",4,"화(10:30-12:00),목(10:30-12:00),수(11:00-13:00)","제2공학관208강의실,제2공학관208강의실,공업센터응용설계실(611)","",,,
5199,"미정","전공선택","7459638","융합전자공학종합설계2","신동준",1,"시간미지정강좌","비지정()","",,,
5200,"미정","전공선택","7459639","AI시대쓰기의힘","최가은",2,"월(09:00-11:00)","제1공학관501강의실","",,,
5201,"미정","전공선택","7459640","테크노경영학(스타트업종합설계)","김수진",3,"월(13:00-14:30)","제1공학관509강의실,","",,,
5202,"미정","전공선택","7459641","시스템플래닝실습","이욱",3,"화(13:00-16:00)","IT.BT관203강의실","",,,
5203,"미정","전공선택","7459642","건설환경공학종합설계2","유재석",1,"시간미지정강좌","비지정()","",,,
5204,"미정","전공선택","7459643","스마트그리드","장문석",3,"시간미지정강좌,시간미지정강좌","비지정()","",,,
5205,"미정","전공선택","7459644","건축융합설계2","박운종",3,"목(13:00-14:00),목(14:00-18:00)","공학실험스튜디오2-1","",,,
5206,"미정","전공선택","7459645","환경과생태건축","전진용",3,"금(13:00-14:30),금(14:30-16:00)","건축관IC-PBL강의실(601)","",,,
5207,"미정","전공선택","7459647","융합전자공학종합설계2","정기석",1,"시간미지정강좌","비지정()","",,,
5208,"미정","전공선택","7459648","융합전자공학종합설계2","홍제형",1,"시간미지정강좌","비지정()","",,,
5209,"미정","전공선택","7459649","캡스톤디자인:반도체소자","정재경",3,"목(09:00-11:00),목(11:00-13:00)","제2공학관311강의실","",,,
5210,"미정","전공선택","7459650","데이터베이스시스템","원영준",3,"목(10:30-12:00)","비지정(),IT.BT관508강의실","",,,
5211,"미정","전공선택","7459651","건축구조역학","정지훈",3,"화(09:00-10:30),화(10:30-12:00)","제1공학관205강의실","",,,
5212,"미정","전공선택","7459653","건축과도시설계","손주휘",3,"금(09:00-10:30),금(10:30-12:00)","제1공학관405강의실","",,,
5213,"미정","전공선택","7459654","건축시공계획","현길용",3,"수(13:00-14:30),수(14:30-16:00)","제1공학관204강의실","",,,
5214,"미정","전공선택","7459655","인공지능과기계학습","성기혁",2,"시간미지정강좌",,"",,,
5215,"미정","전공선택","7459656","상상과학성찰","김성희",2,"수(11:00-13:00)","제1공학관507강의실","",,,
5216,"미정","전공선택","7459657","건축설계스튜디오2","서진석",6,"화(13:00-14:00),금(13:00-14:00),화(14:00-18:00),금(14:00-18:00)","비지정()","",,,
5217,"미정","전공선택","7459658","건축설계스튜디오4","함인선",6,"월(13:00-14:00),목(13:00-14:00),월(14:00-18:00),목(14:00-18:00)","비지정()","",,,
5218,"미정","전공선택","7459659","Adventure_Design(건축융합2)","윤병희",3,"화(13:00-14:00),화(14:00-18:00)","융합공학스튜디오3","",,,
5219,"미정","전공선택","7459660","건축융합설계2","백준현",3,"목(13:00-14:00),목(14:00-18:00)","융합공학스튜디오1","",,,
5220,"미정","전공선택","7459661","고분자구조물리","위정재",3,"월(14:30-16:00),수(14:30-16:00)","신소재공학관318호세미나실","",,,
5221,"미정","전공선택","7459662","에너지환경기술","도시현",3,"월(13:00-14:30),수(13:00-14:30)","인텔리전스컴퓨팅룸2","",,,
5222,"미정","전공선택","7459663","에너지공학캡스톤PBL(ESS에너지효율화솔루션)","도시현",3,"월(17:00-19:00),화(17:00-19:00)","인텔리전스컴퓨팅룸2","",,,
5223,"미정","전공선택","7459664","미래모빌리티및스마트제조PBL2","김동립",3,"수(15:00-16:00),수(16:00-20:00)","비지정()","",,,
5224,"미정","전공선택","7459665","기초신경과학","이제연",3,"화(13:00-14:30),목(13:00-14:30)","IT.BT관201강의실,IT.BT관208강의실","",,,
5225,"미정","전공선택","7459666","생체공학연구실현장실습4","김선정",1,"시간미지정강좌","비지정()","",,,
5226,"미정","전공선택","7459667","커리어개발Ⅱ:취.창업진로포트폴리오","김성환",1,"화(12:00-13:00)","IT.BT관208강의실","",,,
5227,"미정","전공선택","7459669","마이크로프로세서응용","조영필",3,"월(11:00-13:00),수(11:00-13:00)","IT.BT관508강의실","",,,
5228,"미정","전공선택","7459670","시스템프로그래밍","설웅",3,"월(11:00-13:00),수(13:00-15:00)","IT.BT관609강의실","",,,
5229,"미정","전공선택","7459672","회계학","이윤기",3,"월(09:00-10:30),월(10:30-12:00)","IT.BT관202강의실","",,,
5230,"미정","전공선택","7459673","재무관리","안종창",3,"화(10:30-12:00),수(10:30-12:00)","IT.BT관207강의실","",,,
5231,"미정","전공선택","7459674","상상과학성찰","박민아",2,"수(11:00-13:00)","제1공학관602강의실","",,,
5232,"미정","전공선택","7459675","미분적분학2","권윤기",3,"월(10:30-12:00),수(09:00-10:30)","제1공학관403강의실","",,,
5233,"미정","전공선택","7459676","미분적분학2","박춘길",3,"수(13:00-14:30),금(09:00-10:30)","제1공학관403강의실","",,,
5234,"미정","전공선택","7459677","디지털논리설계","IGBAFE ORIKUMHI",4,"월(16:00-17:30),금(14:30-16:00),화(18:00-20:00)","제2공학관205강의실,제2공학관204강의실,퓨전테크놀러지융합전자공학부실험실1(202)","",,,
5235,"미정","전공선택","7459678","반도체소자","남인호",3,"화(14:30-16:00),목(14:30-16:00)","제2공학관205강의실","",,,
5236,"미정","전공선택","7459680","커리어개발Ⅱ:취.창업진로포트폴리오","권일한",1,"시간미지정강좌","비지정()","",,,
5237,"미정","전공선택","7459681","유체역학2","곽노균",3,"월(13:00-14:30),수(13:00-14:30)","제1공학관208강의실","",,,
5238,"미정","전공선택","7459682","반도체및MEMS공정개론","문승재",3,"월(13:00-14:30),수(13:00-14:30)","제2공학관510강의실(녹화전용)","",,,
5239,"미정","전공선택","7459683","원자로열수력학","송민섭",3,"수(10:30-12:00),금(14:30-16:00)","제2공학관510강의실(녹화전용)","",,,
5240,"미정","전공선택","7459684","원자로물리","홍서기",3,"목(10:30-12:00),금(13:00-14:30)","제1공학관401강의실","",,,
5241,"미정","전공선택","7459685","일반생물학","김백호",3,"금(13:00-14:30),금(14:30-16:00)","자연과학관B116강의실","",,,
5242,"미정","전공선택","7459686","신호와시스템","IGBAFE ORIKUMHI",3,"수(10:30-12:00),목(10:30-12:00)","제1공학관205강의실,제1공학관508강의실","",,,
5243,"미정","전공선택","7459687","커리어개발Ⅱ:취.창업진로포트폴리오","이헌준",1,"화(17:00-18:00)","IT.BT관508강의실","",,,
5244,"미정","전공선택","7459688","캡스톤소프트웨어프로젝트2","조동현",1,"시간미지정강좌","비지정()","",,,
5245,"미정","전공선택","7459689","전공멘토링2","김태현",1,"시간미지정강좌","비지정()","",,,
5246,"미정","전공선택","7459690","정보시스템개론","안종창",3,"월(16:00-17:30),월(17:30-19:00)","IT.BT관202강의실","",,,
5247,"미정","전공선택","7459691","정보시스템설계","김은찬",3,"월(16:00-17:30),월(17:30-19:00)","IT.BT관203강의실","",,,
5248,"미정","전공선택","7459692","일반화학및실험2","김완주",3,"수(15:00-17:00),목(13:00-15:00)","제1공학관305강의실,자연과학관일반화학실험실3(121),자연과학관일반화학실험실4(122)","",,,
5249,"미정","전공선택","7459693","테크노경영학(스타트업종합설계)","이재석",3,"수(09:00-10:30)","제1공학관509강의실,","",,,
5250,"미정","전공선택","7459694","테크노경영학(스타트업종합설계)","안광일",3,"목(09:00-10:30)","제1공학관601강의실,","",,,
5251,"미정","전공선택","7459695","커리어개발Ⅱ:취.창업진로포트폴리오","박진섭",1,"화(17:30-18:30)","제2공학관206강의실","",,,
5252,"미정","전공선택","7459696","커리어개발Ⅱ:취.창업진로포트폴리오","유호천",1,"수(17:30-18:30)","제2공학관206강의실","",,,
5253,"미정","전공선택","7459697","안전공학기초및원자력안전법","제무성",3,"월(09:00-10:30),월(10:30-12:00)","제2공학관206강의실","",,,
5254,"미정","전공선택","7459698","암반공학실험및설계","이승원",2,"목(13:00-17:00)","제1공학관506강의실(공학대학원전용)","",,,
5255,"미정","전공선택","7459699","물리탐사실험및설계","설순지",2,"금(13:00-17:00)","제2공학관209강의실","",,,
5256,"미정","전공선택","7459700","이산화탄소지중저장설계","왕지훈",3,"월(14:30-16:00),수(14:30-16:00)","제1공학관403강의실","",,,
5257,"미정","전공선택","7459701","공급사슬경영(SCM)","정인재",3,"수(13:00-15:00),금(13:00-15:00)","제1공학관205강의실","",,,
5258,"미정","전공선택","7459702","경영과학과운영연구2","박철진",3,"목(10:30-12:00),금(09:00-10:30)","제2공학관510강의실(녹화전용)","",,,
5259,"미정","전공선택","7459703","도시설계4","리나",4,"목(13:00-15:00),목(15:00-19:00)","비지정()","",,,
5260,"미정","전공선택","7459704","도시계획사","김흥순",3,"월(16:00-17:30),화(10:30-12:00)","제2공학관510강의실(녹화전용),비지정()","",,,
5261,"미정","전공선택","7459705","건물유체및열역학","김종엽",3,"수(13:00-14:30),수(14:30-16:00)","제2공학관210강의실","",,,
5262,"미정","전공선택","7459706","일반화학및실험2","탁정애",3,"금(13:00-15:00),월(11:00-13:00)","제1공학관502강의실,자연과학관일반화학실험실4(122),자연과학관일반화학실험실3(121)","",,,
5263,"미정","전공선택","7459707","미분적분학2","황신철",3,"월(13:00-14:30),금(13:00-14:30)","제1공학관405강의실","",,,
5264,"미정","전공선택","7459708","공업유기화학2","김영훈",3,"화(10:30-12:00),목(10:30-12:00)","퓨전테크놀러지911강의실","",,,
5265,"미정","전공선택","7459709","동역학","한경석",3,"월(10:30-12:00),수(10:30-12:00)","미래자동차연구센터106강의실","",,,
5266,"미정","전공선택","7459711","커리어개발Ⅱ:취.창업진로포트폴리오","김성열",1,"목(17:00-18:00)","제2공학관206강의실","",,,
5267,"미정","전공선택","7459713","생체공학연구실현장실습4","이병훈",1,"시간미지정강좌","비지정()","",,,
5268,"미정","전공선택","7459714","커리어개발Ⅱ:취.창업진로포트폴리오","오누리",1,"화(16:00-17:00)","제1공학관209강의실","",,,
5269,"미정","전공선택","7459715","커리어개발Ⅱ:취.창업진로포트폴리오","이종원",1,"화(16:00-17:00)","제1공학관305강의실","",,,
5270,"미정","전공선택","7459716","환경공학","장윤정",3,"화(10:30-12:00),수(10:30-12:00)","제2공학관501강의실,제2공학관202강의실(녹화전용)","",,,
5271,"미정","전공선택","7459717","소프트웨어기술창업1","백필호",3,"월(13:00-14:30),월(14:30-16:00)","IT.BT관502강의실","",,,
5272,"미정","전공선택","7459718","미분적분학2","김동영",3,"월(13:00-14:30),목(14:30-16:00)","제1공학관404강의실","",,,
5273,"미정","전공선택","7459719","미분적분학2","최나리",3,"화(13:00-14:30),목(16:00-17:30)","제1공학관404강의실","",,,
5274,"미정","전공선택","7459720","일반물리학및실험2","윤승언",3,"목(11:00-13:00),월(15:00-17:00)","제1공학관504강의실,자연과학관일반물리학실험실4(213),자연과학관일반물리학실험실3(212)","",,,
5275,"미정","전공선택","7459721","VLSI공학","임재명",3,"화(13:00-14:30),목(13:00-14:30)","제2공학관205강의실","",,,
5276,"미정","전공선택","7459722","VLSI공학","정기석",3,"금(09:00-10:30),금(10:30-12:00)","제2공학관208강의실","",,,
5277,"미정","전공선택","7459723","융합전자공학종합설계2","유창재",1,"시간미지정강좌","비지정()","",,,
5278,"미정","전공선택","7459724","알고리즘","David Phillip Wagner",3,"화(13:00-14:30),목(13:00-14:30)","제2공학관해동AILab_402","",,,
5279,"미정","전공선택","7459725","디지털신호처리2","김정희",4,"금(13:00-14:30),월(14:30-16:00),월(12:30-14:30)","제2공학관207강의실,퓨전테크놀러지융합전자공학부실험실1(202),퓨전테크놀러지융합전자공학부실험실1(202)","",,,
5280,"미정","전공선택","7459726","VLSI공학","김지훈",3,"수(13:00-14:30),목(14:30-16:00)","제2공학관208강의실,제2공학관210강의실","",,,
5281,"미정","전공선택","7459727","공학도를위한창의적컴퓨팅","탁문호",3,"금(09:00-11:00),금(11:00-13:00)","제2공학관206강의실","",,,
5282,"미정","전공선택","7459728","산업공학개론","김태복",3,"월(14:30-16:00),화(16:00-17:30)","제1공학관208강의실","",,,
5283,"미정","전공선택","7459729","토지이용","이수기",3,"월(16:00-17:30),월(17:30-19:00)","제1공학관405강의실","",,,
5284,"미정","전공선택","7459730","Technology and AI: Utopia or Dystopia?","Matthew John Clement",2,"월(09:00-11:00)","제2공학관305강의실","",,,
5285,"미정","전공선택","7459731","디지털논리설계","김근배",4,"수(14:30-16:00),목(14:30-16:00),목(18:00-20:00)","제2공학관209강의실,제2공학관209강의실,퓨전테크놀러지융합전자공학부실험실1(202)","",,,
5286,"미정","전공선택","7459732","신소재공학요소설계4(URIP)","한혁수",2,"월(18:00-20:00),목(18:00-20:00)","제1공학관204강의실","",,,
5287,"미정","전공선택","7459733","커리어개발Ⅱ:취.창업진로포트폴리오","김경학",1,"목(16:00-17:00)","제2공학관207강의실","",,,
5288,"미정","전공선택","7459734","실용공학연구2","엄영호",1,"시간미지정강좌","비지정()","",,,
5289,"미정","전공선택","7459735","에너지공학종합설계2","김영훈",3,"시간미지정강좌","비지정()","",,,
5290,"미정","전공선택","7459736","커리어개발Ⅱ:취.창업진로포트폴리오","이승환",1,"시간미지정강좌","비지정()","",,,
5291,"미정","전공선택","7459737","커리어개발Ⅱ:취.창업진로포트폴리오","임명섭",1,"화(17:30-18:30)","미래자동차연구센터106강의실","",,,
5292,"미정","전공선택","7459738","테크노경영학(스타트업종합설계)","안광일",3,"월(13:00-14:30)","제1공학관601강의실,","",,,
5293,"미정","전공선택","7459739","공학도를위한창의적컴퓨팅","조호성",3,"화(11:00-13:00),수(09:00-11:00)","제2공학관205강의실,제2공학관해동AILab_402","",,,
5294,"미정","전공선택","7459740","데이터베이스시스템및응용","차재혁",3,"화(09:00-10:30),금(09:00-10:30)","IT.BT관508강의실,IT.BT관207강의실","",,,
5295,"미정","전공선택","7459741","창의적소프트웨어프로그래밍","노미나",4,"월(15:00-17:00),수(15:00-17:00),금(11:00-13:00)","IT.BT관207강의실","",,,
5296,"미정","전공선택","7459742","디스플레이구동회로","최병덕",3,"화(13:00-14:30),목(13:00-14:30)","제2공학관209강의실","",,,
5297,"미정","전공선택","7459743","캡스톤디자인:아날로그설계","송익현",3,"월(13:00-15:00),월(15:00-17:00)","공업센터종합설계실(614)","",,,
5298,"미정","전공선택","7459744","바이오신소재공학","정현도",3,"월(13:00-14:30),수(13:00-14:30)","제1공학관507강의실","",,,
5299,"미정","전공선택","7459745","미래자동차공학연구실현장실습2","조한신",1,"시간미지정강좌","비지정()","",,,
5300,"미정","전공선택","7459746","미래자동차공학연구실현장실습4","임명섭",1,"시간미지정강좌","비지정()","",,,
5301,"미정","전공선택","7459747","커리어개발Ⅱ:취.창업진로포트폴리오","임형욱",1,"수(12:00-13:00)","비지정()","",,,
5302,"미정","전공선택","7459749","커리어개발Ⅱ:취.창업진로포트폴리오","김동진",1,"수(12:00-13:00)","비지정()","",,,
5303,"미정","전공선택","7459750","심리뇌과학연구실현장실습2","김성신",1,"금(11:00-12:00)","비지정()","",,,
5304,"미정","전공선택","7459751","인간컴퓨터상호작용","한경식",3,"수(09:00-10:30),수(10:30-12:00)","인텔리전스컴퓨팅룸1","",,,
5305,"미정","전공선택","7459752","공업수학2","신교일",3,"월(14:30-16:00),목(14:30-16:00)","제1공학관508강의실","",,,
5306,"미정","전공선택","7459753","공업물리화학2","임동현",3,"화(13:00-14:30),수(13:00-14:30)","IT.BT관902강의실","",,,
5307,"미정","전공선택","7459754","AI시대쓰기의힘","최은정",2,"목(13:00-15:00)","제1공학관206강의실","",,,
5308,"미정","전공선택","7459755","시스템프로그래밍","설웅",3,"화(11:00-13:00),목(13:00-15:00)","IT.BT관508강의실","",,,
5309,"미정","전공선택","7459756","커리어개발Ⅱ:취.창업진로포트폴리오","조동현",1,"화(17:00-18:00)","IT.BT관609강의실","",,,
5310,"미정","전공선택","7459757","커리어개발Ⅱ:취.창업진로포트폴리오","김지훈",1,"화(17:30-18:30)","제2공학관204강의실","",,,
5311,"미정","전공선택","7459758","박막공학","박진성",3,"월(10:30-12:00),수(16:00-17:30)","제2공학관208강의실","",,,
5312,"미정","전공선택","7459759","건설정보모델링","한상욱",3,"월(13:00-15:00),수(13:00-15:00)","재성토목관멀티미디어실305호","",,,
5313,"미정","전공선택","7459760","시계열데이터분석및실습","노영태",3,"화(13:00-15:00),목(11:00-13:00)","인텔리전스컴퓨팅룸4","",,,
5314,"미정","전공선택","7459761","VLSI공학","임재명",3,"화(14:30-16:00),목(16:00-17:30)","제1공학관407강의실","",,,
5315,"미정","전공선택","7459762","커리어개발Ⅱ:취.창업진로포트폴리오","박진섭",1,"월(16:00-17:00)","제2공학관305강의실","",,,
5316,"미정","전공선택","7459763","공학도를위한창의적컴퓨팅","원정임",3,"월(11:00-13:00),화(15:00-17:00)","제2공학관207강의실,제2공학관401강의실","",,,
5317,"미정","전공선택","7459764","시스템프로그래밍","조인휘",3,"화(15:00-17:00),목(15:00-17:00)","IT.BT관813강의실","",,,
5318,"미정","전공선택","7459765","건축설계스튜디오2","정대건",6,"화(13:00-14:00),금(13:00-14:00),화(14:00-18:00),금(14:00-18:00)","비지정()","",,,
5319,"미정","전공선택","7459766","커리어개발Ⅱ:취.창업진로포트폴리오","김재경",1,"시간미지정강좌","비지정()","",,,
5320,"미정","전공선택","7459767","전공멘토링2","유민수",1,"시간미지정강좌","비지정()","",,,
5321,"미정","전공선택","7459768","생체공학연구실현장실습4","최성용",1,"시간미지정강좌","비지정()","",,,
5322,"미정","전공선택","7459769","생체공학연구실현장실습4","김안모",1,"시간미지정강좌","비지정()","",,,
5323,"미정","전공선택","7459770","신소재공학종합설계2(URIP)","이승용",3,"시간미지정강좌","비지정()","",,,
5324,"미정","전공선택","7459771","AI시대쓰기의힘","장예영",2,"금(15:00-17:00)","제1공학관207강의실","",,,
5325,"미정","전공선택","7459772","전력시스템공학","장문석",3,"월(16:00-17:30),월(17:30-19:00)","제1공학관208강의실","",,,
5326,"미정","전공선택","7459773","플라즈마전자공학","정진욱",3,"화(16:00-17:30),수(13:00-14:30)","제1공학관509강의실","",,,
5327,"미정","전공선택","7459774","제어공학","문준",3,"월(13:00-14:30),화(13:00-14:30)","제2공학관502강의실","",,,
5328,"미정","전공선택","7459775","전기기기","이주",3,"수(14:30-16:00),목(14:30-16:00)","제1공학관408강의실","",,,
5329,"미정","전공선택","7459776","암반공학","추현욱",3,"화(10:30-12:00),목(10:30-12:00)","재성토목관302강의실","",,,
5330,"미정","전공선택","7459777","스마트건축생산","배성철",3,"화(13:00-15:00),화(15:00-17:00)","건축관IC-PBL강의실(601)","",,,
5331,"미정","전공선택","7459778","건축음향","전진용",3,"목(09:00-11:00)","건축관IC-PBL강의실(601),비지정()","",,,
5332,"미정","전공선택","7459779","건설프로젝트기획및개발","박민규",3,"수(13:00-14:30),수(14:30-16:00)","건축관IC-PBL강의실(601)","",,,
5333,"미정","전공선택","7459780","건축공학캡스톤PBL(건설경영및IT)","김주형",3,"시간미지정강좌,시간미지정강좌","비지정()","",,,
5334,"미정","전공선택","7459782","물화학","도시현",3,"화(10:30-12:00),수(10:30-12:00)","퓨전테크놀러지1007강의실","",,,
5335,"미정","전공선택","7459783","기계진동학","오기용",3,"금(09:00-10:30),금(10:30-12:00)","제2공학관204강의실","",,,
5336,"미정","전공선택","7459784","테크노경영학(스타트업종합설계)","이재석",3,"목(10:30-12:00)","제1공학관403강의실,","",,,
5337,"미정","전공선택","7459785","실용공학연구2","박희진",1,"시간미지정강좌","비지정()","",,,
5338,"미정","전공선택","7459786","소프트웨어공학","김윤호",3,"수(13:00-14:30),목(13:00-14:30)","IT.BT관501강의실","",,,
5339,"미정","전공선택","7459787","화학공학개론","함동효",3,"화(10:30-12:00),목(10:30-12:00)","제1공학관208강의실","",,,
5340,"미정","전공선택","7459788","생명과학과공학","상병인",3,"월(09:00-10:30),화(10:30-12:00)","제1공학관508강의실,제1공학관408강의실","",,,
5341,"미정","전공선택","7459789","미분적분학2","장정환",3,"수(16:00-17:30),금(14:30-16:00)","제1공학관403강의실","",,,
5342,"미정","전공선택","7459790","신소재공학종합설계2(URIP)","임원빈",3,"시간미지정강좌","비지정()","",,,
5343,"미정","전공선택","7459791","신소재공학종합설계2(URIP)","이종원",3,"시간미지정강좌","비지정()","",,,
5344,"미정","전공선택","7459792","커리어개발Ⅱ:취.창업진로포트폴리오","윤채옥",1,"월(16:00-17:00)","IT.BT관902강의실","",,,
5345,"미정","전공선택","7459793","커리어개발Ⅱ:취.창업진로포트폴리오","서태원",1,"시간미지정강좌","비지정()","",,,
5346,"미정","전공선택","7459794","통합사고와읽기의기술","문혜연",2,"화(11:00-13:00)","제1공학관207강의실","",,,
5347,"미정","전공선택","7459795","AI시대쓰기의힘","김지선",2,"금(11:00-13:00)","제1공학관207강의실","",,,
5348,"미정","전공선택","7459796","철근콘크리트구조2","최창식",3,"월(09:00-10:30),화(09:00-10:30)","건축관IC-PBL강의실(601)","",,,
5349,"미정","전공선택","7459797","테크노경영학(스타트업종합설계)","김수진",3,"월(09:00-10:30)","제1공학관405강의실,","",,,
5350,"미정","전공선택","7459798","유기나노공학실험2","정인환",2,"목(15:00-19:00)","신소재공학관318호세미나실","",,,
5351,"미정","전공선택","7459800","이차전지기초설계","황장연",3,"월(14:30-16:00),수(14:30-16:00)","퓨전테크놀러지1008강의실","",,,
5352,"미정","전공선택","7459801","기계공학종합설계2","박우성",3,"시간미지정강좌","비지정()","",,,
5353,"미정","전공선택","7459802","일반물리학및실험2","이원욱",3,"화(13:00-15:00),목(09:00-11:00)","제1공학관304강의실,자연과학관일반물리학실험실5(217),자연과학관일반물리학실험실6(218)","",,,
5354,"미정","전공선택","7459803","일반화학및실험2","최한",3,"화(13:00-15:00),금(11:00-13:00)","제1공학관401강의실,자연과학관일반화학실험실4(122),자연과학관일반화학실험실3(121)","",,,
5355,"미정","전공선택","7459804","생체구조및기능1","김인영",3,"월(15:00-16:30),월(16:30-18:00)","제1공학관209강의실","",,,
5356,"미정","전공선택","7459805","커리어개발Ⅱ:취.창업진로포트폴리오","송민섭",1,"수(17:30-18:30)","제1공학관201강의실","",,,
5357,"미정","전공선택","7459806","생체공학연구실현장실습2","김선정",1,"시간미지정강좌","비지정()","",,,
5358,"미정","전공선택","7459807","데이터사이언스연구실현장실습2","노영태",1,"목(16:00-17:00)","비지정()","",,,
5359,"미정","전공선택","7459808","커리어개발Ⅱ:취.창업진로포트폴리오","오기용",1,"시간미지정강좌","비지정()","",,,
5360,"미정","전공선택","7459809","열유체공학실험1","박성욱",2,"화(15:00-19:00)","비지정()","",,,
5361,"미정","전공선택","7459810","시스템해석","박종현",3,"화(13:00-14:30),목(13:00-14:30)","제1공학관407강의실","",,,
5362,"미정","전공선택","7459811","시스템감리론","안종창",3,"월(09:00-10:30),화(09:00-10:30)","IT.BT관207강의실","",,,
5363,"미정","전공선택","7459812","UX기반공간연구","양형모",3,"화(13:00-14:30),화(14:30-16:00)","신소재공학관706호","",,,
5364,"미정","전공선택","7459813","서양건축사","남경훈",3,"금(16:00-17:30),금(17:30-19:00)","제1공학관201강의실","",,,
5365,"미정","전공선택","7459814","건축과컴퓨터","전한종",3,"월(13:00-15:00),월(15:00-17:00)","제1공학관408강의실,제2공학관정석현PC3","",,,
5366,"미정","전공선택","7459815","문화기술인간","김준수",2,"목(09:00-11:00)","제1공학관507강의실","",,,
5367,"미정","전공선택","7459816","공업수학2","김재희",3,"화(13:00-14:30),금(10:30-12:00)","제1공학관303강의실","",,,
5368,"미정","전공선택","7459817","자동제어","박장현",3,"월(10:30-12:00),수(10:30-12:00)","미래자동차연구센터103강의실","",,,
5369,"미정","전공선택","7459818","원자력화학","조용흠",3,"월(13:00-15:00),목(15:00-17:00)","제2공학관311강의실,제1공학관205강의실","",,,
5370,"미정","전공선택","7459819","폐기물에너지전환공학","권일한",3,"월(16:00-17:30),수(10:30-12:00)","제1공학관604강의실(녹화전용)","",,,
5371,"미정","전공선택","7459821","공업물리화학2","정재윤",3,"화(13:00-14:30),수(13:00-14:30)","신소재공학관702호/703호,제2공학관207강의실","",,,
5372,"미정","전공선택","7459822","기계공학기초실험및설계","송시몬",3,"금(13:00-14:00),금(14:00-18:00)","비지정()","",,,
5373,"미정","전공선택","7459823","공학도를위한창의적프로그래밍","홍석준",2,"수(13:00-14:00),수(14:00-15:00)","제2공학관401강의실","",,,
5374,"미정","전공선택","7459824","공학입문설계","전상환",3,"화(09:00-11:00),금(11:00-13:00)","제2공학관공학입문설계실","",,,
5375,"미정","전공선택","7459825","공학입문설계","윤수경",3,"월(11:00-13:00),목(09:00-11:00)","제2공학관공학입문설계실","",,,
5376,"미정","전공선택","7459826","공학도를위한창의적프로그래밍","신수연",2,"월(13:00-14:00),월(14:00-15:00)","제2공학관최병부SW실습실(303)","",,,
5377,"미정","전공선택","7459827","확률통계론","김창훈",3,"수(15:00-16:30),수(16:30-18:00)","재성토목관302강의실","",,,
5378,"미정","전공선택","7459828","공업수학2","김재희",3,"월(14:30-16:00),목(14:30-16:00)","제1공학관303강의실","",,,
5379,"미정","전공선택","7459829","생체전자및실습","장동표",3,"수(13:00-15:00),월(09:00-11:00)","IT.BT관208강의실,산학기술관생체전자실습실(404)","",,,
5380,"미정","전공선택","7459830","공업수학2","노우석",3,"화(14:30-16:00),금(14:30-16:00)","제1공학관302강의실","",,,
5381,"미정","전공선택","7459831","공학도를위한창의적컴퓨팅","원정임",3,"월(15:00-17:00),금(11:00-13:00)","제2공학관207강의실,제2공학관정석현PC2","",,,
5382,"미정","전공선택","7459832","미분적분학2","권윤기",3,"월(09:00-10:30),수(10:30-12:00)","제1공학관402강의실","",,,
5383,"미정","전공선택","7459833","머신러닝2","백성용",3,"화(09:00-11:00),수(13:00-15:00)","인텔리전스컴퓨팅룸1","",,,
5384,"미정","전공선택","7459834","열전달","문승재",3,"월(10:30-12:00),수(10:30-12:00)","제1공학관407강의실","",,,
5385,"미정","전공선택","7459835","실용공학연구2","조용흠",1,"시간미지정강좌","비지정()","",,,
5386,"미정","전공선택","7459836","실용공학연구4","조용흠",1,"시간미지정강좌","비지정()","",,,
5387,"미정","전공선택","7459837","산업공학연구실현장실습2","송재욱",1,"시간미지정강좌","비지정()","",,,
5388,"미정","전공선택","7459838","미래자동차공학종합설계2","한경석",1,"시간미지정강좌","미래자동차연구센터106강의실","",,,
5389,"미정","전공선택","7459839","회로이론2","남인호",3,"화(10:30-12:00),목(09:00-10:30)","제1공학관508강의실","",,,
5390,"미정","전공선택","7459840","신소재공학종합설계2(URIP)","최선진",3,"시간미지정강좌","비지정()","",,,
5391,"미정","전공선택","7459841","신소재공학종합설계2(URIP)","오누리",3,"시간미지정강좌","비지정()","",,,
5392,"미정","전공선택","7459842","공업유기화학2","김종만",3,"화(13:00-14:30),목(13:00-14:30)","제1공학관509강의실,제1공학관501강의실","",,,
5393,"미정","전공선택","7459843","커리어개발Ⅱ:취.창업진로포트폴리오","안희준",1,"화(15:00-16:00)","신소재공학관218호멀티미디어실","",,,
5394,"미정","전공선택","7459844","유기나노공학종합설계2","박희준",3,"시간미지정강좌","비지정()","",,,
5395,"미정","전공선택","7459845","에너지공학캡스톤PBL(반도체:CMP공정)","도시현",3,"금(11:00-13:00),금(13:00-15:00)","인텔리전스컴퓨팅룸2","",,,
5396,"미정","전공선택","7459846","캡스톤소프트웨어프로젝트2","최진식",1,"시간미지정강좌","비지정()","",,,
5397,"미정","전공선택","7459847","신호와시스템","남상원",3,"수(13:00-14:30),금(13:00-14:30)","제1공학관203강의실","",,,
5398,"미정","전공선택","7459848","생체공학연구실현장실습4","이종민",1,"시간미지정강좌","비지정()","",,,
5399,"미정","전공선택","7459849","커리어개발Ⅱ:취.창업진로포트폴리오","장재일",1,"화(16:00-17:00)","제1공학관201강의실","",,,
5400,"미정","전공선택","7459850","전자회로2","송익현",4,"월(09:00-10:30),월(10:30-12:00),목(11:00-13:00)","제1공학관504강의실,제1공학관504강의실,공업센터응용설계실(611)","",,,
5401,"미정","전공선택","7459851","융합전자공학종합설계2","김선우",1,"시간미지정강좌","비지정()","",,,
5402,"미정","전공선택","7459852","커리어개발Ⅱ:취.창업진로포트폴리오","최창순",1,"화(12:00-13:00)","IT.BT관201강의실","",,,
5403,"미정","전공선택","7459853","신소재공학요소설계4(URIP)","임원빈",2,"월(18:00-20:00),목(18:00-20:00)","제1공학관202강의실","",,,
5404,"미정","전공선택","7459854","커리어개발Ⅱ:취.창업진로포트폴리오","김태욱",1,"화(17:00-18:00)","IT.BT관501강의실","",,,
5405,"미정","전공선택","7459855","컴파일러설계","이헌준",3,"화(14:30-16:00),목(10:30-12:00)","IT.BT관207강의실,IT.BT관202강의실","",,,
5406,"미정","전공선택","7459856","커리어개발Ⅱ:취.창업진로포트폴리오","윤동원",1,"화(17:30-18:30)","제2공학관207강의실","",,,
5407,"미정","전공선택","7459857","커리어개발Ⅱ:취.창업진로포트폴리오","정예환",1,"화(17:30-18:30)","제2공학관209강의실","",,,
5408,"미정","전공선택","7459858","기계재료학","김학성",3,"월(13:00-14:30)","제2공학관208강의실","",,,
5409,"미정","전공선택","7459859","융합전자공학종합설계2","윤기중",1,"시간미지정강좌","비지정()","",,,
5410,"미정","전공선택","7459860","융합전자공학종합설계2","이채은",1,"시간미지정강좌","비지정()","",,,
5411,"미정","전공선택","7459861","커리어개발Ⅱ:취.창업진로포트폴리오","오현옥",1,"금(17:00-18:00)","IT.BT관502강의실","",,,
5412,"미정","전공선택","7459862","이산수학","최진식",3,"화(14:30-16:00),목(16:00-17:30)","IT.BT관501강의실,IT.BT관203강의실","",,,
5413,"미정","전공선택","7459864","전자소자재료2","김형진",3,"월(13:00-14:30),목(13:00-14:30)","신소재공학관707호/708호","",,,
5414,"미정","전공선택","7459865","생물리학","조항준",2,"목(11:00-13:00)","의대계단강의동401강의실","",,,
5415,"미정","전공선택","7459866","사람.의료.사회1-2","박훈기",2,"화(15:00-17:00)","의대계단강의동401강의실","",,,
5416,"미정","전공선택","7459867","의과학기초실습","장미윤",1,"목(15:00-17:00)","제1의학관제1실습실","",,,
5417,"미정","전공선택","7459868","의과학기초실습","장미윤",1,"목(13:00-15:00)","제1의학관제1실습실","",,,
5418,"미정","전공선택","7459869","인간심리학","김은경",2,"금(13:00-15:00)","의대계단강의동401강의실","",,,
5419,"미정","전공선택","7459870","의학생화학입문","김용석",3,"금(09:00-10:30),금(10:30-12:00)","의대계단강의동202강의실","",,,
5420,"미정","전공선택","7459871","의학생리학입문","조항준",3,"수(10:00-12:00),수(13:00-15:00)","의대계단강의동202강의실","",,,
5421,"미정","전공선택","7459872","의과학기초실습","장미윤",1,"수(15:00-17:00)","제1의학관제1실습실","",,,
5422,"미정","전공선택","7459873","의학용어학1","황세진",2,"화(09:00-11:00)","의대계단강의동401강의실","",,,
5423,"미정","전공선택","7459874","인구집단과건강","김민주",2,"화(09:00-11:00)","의대계단강의동202강의실","",,,
5424,"미정","전공선택","7459875","인체영양학개론","김미경",2,"목(09:00-11:00)","의대계단강의동401강의실","",,,
5425,"미정","전공선택","7459876","의료데이터사이언스입문","황우창",2,"수(11:00-13:00)","의대계단강의동401강의실","",,,
5426,"미정","전공선택","7459877","사람.의료.사회2-2","신영전",2,"목(10:00-12:00)","의대계단강의동202강의실","",,,
5427,"미정","전공선택","7459878","기초신경과학","황세진",2,"월(15:00-17:00)","의대계단강의동202강의실","",,,
5428,"미정","전공선택","7459879","의료기기의이해","이제연",2,"금(09:00-11:00)","의대계단강의동401강의실","",,,
5429,"미정","전공선택","7459880","유기화학","이경림",2,"월(11:00-13:00)","의대계단강의동401강의실","",,,
5430,"미정","전공선택","7459881","의과학기초실습","장미윤",1,"수(13:00-15:00)","제1의학관제1실습실","",,,
5431,"미정","전공선택","7459882","세포생물학","김용석",3,"월(14:00-15:30),월(15:30-17:00)","의대계단강의동401강의실","",,,
5432,"미정","전공선택","7459883","유전학","허준호",3,"화(13:00-14:30),목(13:00-14:30)","의대계단강의동202강의실","",,,
5433,"미정","전공선택","7459885","교육철학및교육사","윤지혜",2,"금(13:00-15:00)","사범대학본관대강의실6(308)","",,,
5434,"미정","전공선택","7459886","교육과정론","김혜실",2,"수(15:00-17:00)","사범대학본관대강의실1(203)","",,,
5435,"미정","전공선택","7459887","신경과학과교육","임수현",3,"수(15:00-16:30),수(16:30-18:00)","사범대학본관대강의실6(308)","",,,
5436,"미정","전공선택","7459888","학습과학","신서경",3,"금(13:00-14:30),금(14:30-16:00)","사범대학본관IC-PBL강의실(406)","",,,
5437,"미정","전공선택","7459889","현대소설교육론","김수지",3,"화(13:00-14:30),화(14:30-16:00)","사범대학본관강의실(212)","",,,
5438,"미정","전공선택","7459891","HRD와조직변화","김희배",3,"수(13:00-14:00),수(14:00-16:00)","사범대학본관대강의실7(309)","",,,
5439,"미정","전공선택","7459893","현대대수2","신동의",3,"화(10:30-12:00),목(10:30-12:00)","사범대학별관IC-PBL강의실(506-304)","",,,
5440,"미정","전공선택","7459894","교직실무","배성철",2,"월(11:00-13:00)","사범대학본관대강의실7(309)","",,,
5441,"미정","전공선택","7459895","상담이론","조한익",3,"화(13:00-14:30),화(14:30-16:00)","사범대학본관대강의실8(404)","",,,
5442,"미정","전공선택","7459896","통합사고와읽기의기술","박다솜",2,"월(13:00-15:00)","사범대학본관대강의실1(203)","",,,
5443,"미정","전공선택","7459897","2D컴퓨터그래픽","표재연",2,"목(15:00-16:00),목(16:00-18:00)","사범대학본관시각멀티미디어디자인1(103)","",,,
5444,"미정","전공선택","7459898","수학사와수학교육사","송륜진",3,"화(13:00-14:30),목(13:00-14:30)","사범대학별관IC-PBL강의실(506-304)","",,,
5445,"미정","전공선택","7459899","전문학술영어","Mark A. Rublik",3,"월(13:00-14:30),목(16:00-17:30)","사범대학본관대강의실5(307)","",,,
5446,"미정","전공선택","7459901","서양미술사2","권영진",3,"화(13:00-14:30),화(14:30-16:00)","사범대학별관강의실(506-305)","",,,
5447,"미정","전공선택","7459902","커리어개발Ⅱ:취.창업진로포트폴리오","정수정",1,"수(17:00-18:00)","사범대학본관중강의실(411)","",,,
5448,"미정","전공선택","7459903","미분기하학2","조상범",3,"월(16:00-17:30),수(16:00-17:30)","사범대학별관IC-PBL강의실(506-304)","",,,
5449,"미정","전공선택","7459904","영어의사소통의기초","Joshua Huewe",3,"화(13:00-14:30),금(13:00-14:30)","사범대학본관IC-PBL강의실(313)","",,,
5450,"미정","전공선택","7459905","시각디자인2","오형균",3,"수(09:00-11:00),수(11:00-13:00)","사범대학본관시각멀티미디어디자인1(103)","",,,
5451,"미정","전공선택","7459906","확률과통계","유다혜",3,"수(15:00-16:30),수(16:30-18:00)","사범대학본관대강의실4(302)","",,,
5452,"미정","전공선택","7459907","미분적분학2","김기택",3,"화(10:30-12:00),목(10:30-12:00)","사범대학본관대강의실4(302)","",,,
5453,"미정","전공선택","7459908","커리어개발Ⅱ:취.창업진로포트폴리오","함승환",1,"금(11:00-12:00)","사범대학본관대강의실2(202)","",,,
5454,"미정","전공선택","7459909","사회언어학과영어교육","이지훈",3,"화(13:00-14:30),화(14:30-16:00)","사범대학본관계단강의실(312)","",,,
5455,"미정","전공선택","7459910","영어학특강","서영미",3,"월(10:30-12:00),수(10:30-12:00)","사범대학본관강의실(212)","",,,
5456,"미정","전공선택","7459911","커리어개발Ⅱ:취.창업진로포트폴리오","전유아",1,"수(16:00-17:00)","사범대학본관강의실(212)","",,,
5457,"미정","전공선택","7459912","문화기술인간","천미림",2,"화(13:00-15:00)","사범대학본관대강의실7(309)","",,,
5458,"미정","전공선택","7459913","소셜디자인","황의진",2,"월(13:00-14:00),월(14:00-16:00)","사범대학본관IC-PBL강의실(313)","",,,
5459,"미정","전공선택","7459915","미술과교재연구","김미남",3,"월(16:00-17:30),월(17:30-19:00)","사범대학본관IC-PBL강의실(313)","",,,
5460,"미정","전공선택","7459916","산업교육프로그램개발","설동준",3,"화(13:00-14:00),화(14:00-16:00)","사범대학본관대강의실5(307)","",,,
5461,"미정","전공선택","7459917","학습동기와게임","배윤희",3,"화(09:00-10:00),화(10:00-12:00)","사범대학본관대강의실9(407)","",,,
5462,"미정","전공선택","7459918","복소함수론1","오병근",3,"월(14:30-16:00),수(14:30-16:00)","사범대학별관IC-PBL강의실(506-304)","",,,
5463,"미정","전공선택","7459919","위상수학2","조상범",3,"월(13:00-14:30),수(13:00-14:30)","사범대학별관IC-PBL강의실(506-304)","",,,
5464,"미정","전공선택","7459920","교육사회학","김재영",2,"수(09:00-11:00)","사범대학본관계단강의실(312)","",,,
5465,"미정","전공선택","7459921","국어과교육론","김세림",3,"수(09:00-10:30),수(10:30-12:00)","사범대학본관IC-PBL강의실(313)","",,,
5466,"미정","전공선택","7459922","영어음성학연구","강선미",3,"수(09:00-10:30),수(10:30-12:00)","사범대학본관대강의실8(404)","",,,
5467,"미정","전공선택","7459923","다문화사회의영어교육","이지훈",3,"목(13:00-14:30),목(14:30-16:00)","사범대학본관강의실(212)","",,,
5468,"미정","전공선택","7459924","교직실무","김효정",2,"목(09:00-11:00)","사범대학본관대강의실3(303)","",,,
5469,"미정","전공선택","7459925","교육심리학","천미람",2,"금(11:00-13:00)","사범대학본관대강의실6(308)","",,,
5470,"미정","전공선택","7459926","글로벌영어커뮤니케이션","Connie Park",2,"화(13:00-15:00)","사범대학본관멀티강의실(211)","",,,
5471,"미정","전공선택","7459928","교수학습이론및교수설계","신윤희",3,"월(13:00-15:00),월(15:00-16:00)","사범대학본관IC-PBL강의실(406)","",,,
5472,"미정","전공선택","7459929","해석학개론2","전성민",3,"화(16:00-17:30),목(14:30-16:00)","사범대학별관IC-PBL강의실(506-304)","",,,
5473,"미정","전공선택","7459930","영어과교육과정과교재연구","전유아",3,"목(11:00-13:00),수(14:30-15:30)","사범대학본관IC-PBL강의실(313),사범대학본관강의실(212)","",,,
5474,"미정","전공선택","7459931","미술과논리및논술","김미남",2,"목(15:00-17:00)","사범대학본관평면실기실(B104)","",,,
5475,"미정","전공선택","7459932","교육봉사활동2","김선아",2,"시간미지정강좌","비지정()","",,,
5476,"미정","전공선택","7459933","교직실무","김효정",2,"목(11:00-13:00)","사범대학본관대강의실3(303)","",,,
5477,"미정","전공선택","7459934","이러닝개발","신윤희",3,"목(09:00-11:00),목(11:00-12:00)","사범대학본관IC-PBL강의실(406)","",,,
5478,"미정","전공선택","7459935","교육공학사례연구","주재홍",3,"수(09:00-10:00),수(10:00-12:00)","사범대학본관대강의실4(302)","",,,
5479,"미정","전공선택","7459936","커리어개발Ⅱ:취.창업진로포트폴리오","조상범",1,"금(16:00-17:00)","사범대학본관대강의실4(302)","",,,
5480,"미정","전공선택","7459937","커리어개발Ⅱ:취.창업진로포트폴리오","김미영",1,"수(16:00-17:00)","사범대학본관대강의실5(307)","",,,
5481,"미정","전공선택","7459938","국어규범론","김정선",3,"목(13:00-15:00),월(11:00-12:00)","사범대학본관대강의실2(202)","",,,
5482,"미정","전공선택","7459939","AI시대의리터러시교육","조병영",3,"월(15:00-16:30),월(16:30-18:00)","사범대학본관대강의실2(202)","",,,
5483,"미정","전공선택","7459940","국문학개론","최인찬",3,"금(09:00-10:30),금(10:30-12:00)","사범대학본관대강의실4(302)","",,,
5484,"미정","전공선택","7459941","교육평가론","이종아",2,"수(13:00-15:00)","사범대학별관강의실(506-403)","",,,
5485,"미정","전공선택","7459942","디자인스튜디오","현은령",3,"목(09:00-10:30),목(10:30-12:00)","사범대학본관대강의실5(307)","",,,
5486,"미정","전공선택","7459943","포토그래피","서찬석",2,"화(13:00-14:00),화(14:00-16:00)","사범대학본관시각멀티미디어디자인1(103)","",,,
5487,"미정","전공선택","7459944","커리어개발Ⅱ:취.창업진로포트폴리오","이동영",1,"화(17:00-18:00)","사범대학본관대강의실8(404)","",,,
5488,"미정","전공선택","7459945","교육철학및교육사","윤지혜",2,"금(15:00-17:00)","사범대학본관대강의실6(308)","",,,
5489,"미정","전공선택","7459946","교육과정론","김혜실",2,"금(15:00-17:00)","사범대학본관IC-PBL강의실(313)","",,,
5490,"미정","전공선택","7459947","교육사회학","김재영",2,"수(13:00-15:00)","사범대학본관대강의실6(308)","",,,
5491,"미정","전공선택","7459948","문화기술인간","정세권",2,"화(13:00-15:00)","사범대학본관대강의실6(308)","",,,
5492,"미정","전공선택","7459949","드로잉","김도희",2,"수(09:00-10:00),수(10:00-12:00)","사범대학본관평면실기실(B104)","",,,
5493,"미정","전공선택","7459950","영상디자인1","Tammy Ko Robinson",2,"수(13:00-14:00),수(14:00-16:00)","사범대학본관시각멀티미디어디자인2(102)","",,,
5494,"미정","전공선택","7459951","AI시대쓰기의힘","김유진",2,"월(13:00-15:00)","사범대학본관대강의실6(308)","",,,
5495,"미정","전공선택","7459952","발달심리학","장형심",3,"금(13:00-14:30),금(14:30-16:00)","사범대학본관대강의실9(407)","",,,
5496,"미정","전공선택","7459953","영어쓰기의기초","Caroline Sommerville Ward",2,"목(13:00-15:00)","사범대학본관대강의실6(308)","",,,
5497,"미정","전공선택","7459954","영어음운론연구","강선미",3,"수(13:00-14:30),수(14:30-16:00)","사범대학본관IC-PBL강의실(313)","",,,
5498,"미정","전공선택","7459955","HRD와컨설팅","곽훈",3,"월(09:00-10:00),월(10:00-12:00)","사범대학본관대강의실9(407)","",,,
5499,"미정","전공선택","7459956","교육과정론","김혜실",2,"수(13:00-15:00)","사범대학별관강의실(506-305)","",,,
5500,"미정","전공선택","7459957","AI와영어논리논술","김성연",3,"월(15:00-16:30),월(16:30-18:00)","사범대학본관강의실(212)","",,,
5501,"미정","전공선택","7459958","응용미술교육캡스톤PBL(졸업전시개최)","황의진",3,"수(13:00-15:00),수(15:00-17:00)","사범대학본관IC-PBL강의실(406)","",,,
5502,"미정","전공선택","7459959","교육심리학","천미람",2,"금(13:00-15:00)","사범대학본관대강의실4(302)","",,,
5503,"미정","전공선택","7459960","교육현장연구","박주호",3,"화(15:00-16:30),화(16:30-18:00)","사범대학본관IC-PBL강의실(406)","",,,
5504,"미정","전공선택","7459961","현대시교육론","정재찬",3,"월(13:00-14:30),수(14:30-16:00)","사범대학본관대강의실8(404),사범대학본관대강의실9(407)","",,,
5505,"미정","전공선택","7459962","화법교육론","김정선",3,"화(10:30-12:00),수(13:00-14:30)","사범대학본관IC-PBL강의실(313),사범대학본관대강의실9(407)","",,,
5506,"미정","전공선택","7459963","영문학특강","이근성",3,"월(15:00-16:30),월(16:30-18:00)","사범대학본관대강의실8(404)","",,,
5507,"미정","전공선택","7459964","가상공간연구","Tammy Ko Robinson",2,"목(13:00-14:00),목(14:00-16:00)","사범대학본관시각멀티미디어디자인2(102)","",,,
5508,"미정","전공선택","7459965","도예실기","김영호",3,"수(09:00-11:00),수(11:00-13:00)","사범대학본관입체실기실(B103)","",,,
5509,"미정","전공선택","7459967","사회문제해결을위한Hands-onExperienceDesign","현은령",3,"월(09:00-11:00),월(11:00-13:00)","사범대학본관시각멀티미디어디자인1(103)","",,,
5510,"미정","전공선택","7459969","수학교육논술","김소형",3,"목(13:00-14:30),목(14:30-16:00)","사범대학본관IC-PBL강의실(406)","",,,
5511,"미정","전공선택","7459970","교육과정","신서경",3,"월(14:30-16:00),수(14:30-16:00)","사범대학본관대강의실5(307),사범대학본관소강의실2(201)","",,,
5512,"미정","전공선택","7459971","현대소설작품론","김미영",3,"수(13:00-15:00)","사범대학본관대강의실2(202),비지정()","",,,
5513,"미정","전공선택","7459972","미술교육학원론1","김미남",3,"월(09:00-10:30),월(10:30-12:00)","사범대학본관IC-PBL강의실(313)","",,,
5514,"미정","전공선택","7459973","교육평가론","이종아",2,"화(13:00-15:00)","사범대학본관대강의실1(203)","",,,
5515,"미정","전공선택","7459974","HRD개론","송지훈",3,"수(13:00-15:00),수(15:00-16:00)","사범대학본관대강의실5(307)","",,,
5516,"미정","전공선택","7459976","교육철학및교육사","최정희",2,"월(15:00-17:00)","사범대학본관대강의실4(302)","",,,
5517,"미정","전공선택","7459977","선형대수2","신동의",3,"월(10:30-12:00),수(10:30-12:00)","사범대학별관IC-PBL강의실(506-304)","",,,
5518,"미정","전공선택","7459978","수학교재연구및지도법","주미경",3,"화(13:00-14:30),화(14:30-16:00)","사범대학별관IC-PBL강의실(506-404)","",,,
5519,"미정","전공선택","7459979","LMS와학습분석학","정수정",3,"목(13:00-14:00),목(14:00-16:00)","사범대학본관IC-PBL강의실(313)","",,,
5520,"미정","전공선택","7459980","교육학교과교육론","신서경",3,"수(13:00-14:30),목(13:00-14:30)","사범대학본관계단강의실(312)","",,,
5521,"미정","전공선택","7459981","인지심리","임수현",3,"수(09:00-10:30),수(10:30-12:00)","사범대학본관대강의실5(307)","",,,
5522,"미정","전공선택","7459982","AI시대쓰기의힘","장예영",2,"월(13:00-15:00)","사범대학본관대강의실7(309)","",,,
5523,"미정","전공선택","7459983","영어학과영어교육","서영미",3,"월(13:00-14:30),수(13:00-14:30)","사범대학본관대강의실3(303),사범대학본관강의실(212)","",,,
5524,"미정","전공선택","7459984","영어과교육론","김성연",3,"월(13:00-14:30)","사범대학본관대강의실4(302),비지정()","",,,
5525,"미정","전공선택","7459985","교육심리학","정유선",2,"화(15:00-17:00)","사범대학본관대강의실6(308)","",,,
5526,"미정","전공선택","7459986","AI와데이터리터러시","이윤수",3,"수(09:00-11:00),수(11:00-12:00)","사범대학본관대강의실3(303)","",,,
5527,"미정","전공선택","7459987","전문학술영어","Joshua Huewe",3,"월(13:00-14:30),목(16:00-17:30)","사범대학본관강의실(212)","",,,
5528,"미정","전공선택","7459988","뇌기반교육과상담","조한익",3,"월(13:00-14:30),월(14:30-16:00)","사범대학본관소강의실2(201)","",,,
5529,"미정","전공선택","7459989","커리어개발Ⅱ:취.창업진로포트폴리오","류수열",1,"수(16:00-17:00)","사범대학본관IC-PBL강의실(313)","",,,
5530,"미정","전공선택","7459990","문법교육론","김정선",3,"월(14:30-16:00),수(10:30-12:00)","사범대학별관IC-PBL강의실(506-404),사범대학본관대강의실9(407)","",,,
5531,"미정","전공선택","7459991","국어통사론","김순옥",3,"화(09:00-10:30),화(10:30-12:00)","사범대학본관대강의실7(309)","",,,
5532,"미정","전공선택","7459992","고전소설작품론","류수열",3,"화(13:00-15:00),수(11:00-12:00)","사범대학본관IC-PBL강의실(406)","",,,
5533,"미정","전공선택","7459993","4차산업혁명시대의인재경영론","송영수",3,"화(13:00-14:00),화(14:00-16:00)","사범대학본관대강의실9(407)","",,,
5534,"미정","전공선택","7459994","전문학술영어","John Finucane",3,"월(13:00-14:30),목(16:00-17:30)","사범대학본관중강의실(411)","",,,
5535,"미정","전공선택","7459995","교육사회학","김재영",2,"목(09:00-11:00)","사범대학본관대강의실6(308)","",,,
5536,"미정","전공선택","7459996","국어사","이성우",3,"월(16:00-17:30),월(17:30-19:00)","사범대학본관대강의실6(308)","",,,
5537,"미정","전공선택","7459997","문화예술콘텐츠","서제희",2,"화(15:00-17:00)","사범대학본관중강의실(411)","",,,
5538,"미정","전공선택","7459998","도예실기","김영호",3,"월(09:00-11:00),월(11:00-13:00)","사범대학본관입체실기실(B103)","",,,
5539,"미정","전공선택","7459999","조합론","김기택",3,"화(09:00-10:30),목(09:00-10:30)","사범대학별관IC-PBL강의실(506-304)","",,,
5540,"미정","전공선택","7460000","교육평가론","이종아",2,"수(15:00-17:00)","사범대학별관강의실(506-403)","",,,
5541,"미정","전공선택","7460001","커리어개발Ⅱ:취.창업진로포트폴리오","신효진",1,"시간미지정강좌","비지정()","",,,
5542,"미정","전공선택","7460002","합창6","이민영",2,"시간미지정강좌","제2음악관합창실","",,,
5543,"미정","전공선택","7460003","전공쏠페지오4","이민영",2,"월(11:00-13:00)","제2음악관합창실","",,,
5544,"미정","전공선택","7460005","서양음악사4","강지영",2,"화(11:00-13:00)","제2음악관301강의실","",,,
5545,"미정","전공선택","7460006","연주와비평6","박명훈",1,"시간미지정강좌","백남음악관백남홀","",,,
5546,"미정","전공선택","7460007","기악및국악기실습4","박명훈",1,"시간미지정강좌","비지정()","",,,
5547,"미정","전공선택","7460008","관현악워크샾2","이근형",2,"화(13:00-15:00)","제1음악관501강의실","",,,
5548,"미정","전공선택","7460009","20세기음악4","박명훈",2,"금(15:00-17:00)","제2음악관컴퓨터음악실","",,,
5549,"미정","전공선택","7460010","작곡워크샵2","이문희",2,"화(13:00-15:00)","제1음악관505강의실","",,,
5550,"미정","전공선택","7460011","커리어개발Ⅱ:취.창업진로포트폴리오","허재원",1,"시간미지정강좌","비지정()","",,,
5551,"미정","전공선택","7460012","성악전공실기8","Kathleen Jihyun Kim",1,"시간미지정강좌","비지정()","",,,
5552,"미정","전공선택","7460013","기악앙상블2","허재원",1,"시간미지정강좌","비지정()","",,,
5553,"미정","전공선택","7460014","현대음악연주2","백승완",1,"화(09:00-10:00)","제2음악관음악실습실","",,,
5554,"미정","전공선택","7460015","국악전공실기6","서순정",1,"시간미지정강좌","비지정()","",,,
5555,"미정","전공선택","7460016","국악실내악6","유병진",1,"시간미지정강좌","비지정()","",,,
5556,"미정","전공선택","7460017","특수악기2","장은경",1,"시간미지정강좌","제2음악관401강의실","",,,
5557,"미정","전공선택","7460018","커리어개발Ⅱ:취.창업진로포트폴리오","최희준",1,"시간미지정강좌","비지정()","",,,
5558,"미정","전공선택","7460019","관현악전공실기6","최희준",1,"시간미지정강좌","비지정()","",,,
5559,"미정","전공선택","7460020","커리어개발Ⅱ:취.창업진로포트폴리오","손정화",1,"시간미지정강좌","비지정()","",,,
5560,"미정","전공선택","7460021","민요실습2","최정아",1,"목(11:00-12:00)","백남음악관404강의실","",,,
5561,"미정","전공선택","7460022","합창2","이민영",2,"월(13:00-15:00)","제2음악관합창실","",,,
5562,"미정","전공선택","7460023","시창및청음4","김지영",2,"수(11:00-13:00)","제2음악관504강의실","",,,
5563,"미정","전공선택","7460024","딕션2","김종국",2,"목(15:00-17:00)","제2음악관301강의실","",,,
5564,"미정","전공선택","7460025","시창및청음2","박수정",2,"금(11:00-13:00)","제1음악관505강의실","",,,
5565,"미정","전공선택","7460026","시창및청음4","박수정",2,"월(13:00-15:00)","제1음악관505강의실","",,,
5566,"미정","전공선택","7460027","고급화성","박수정",2,"월(11:00-13:00)","제1음악관505강의실","",,,
5567,"미정","전공선택","7460028","연주와비평2","이문희",1,"시간미지정강좌","백남음악관백남홀","",,,
5568,"미정","전공선택","7460029","시창및청음4","한진희",2,"수(09:00-11:00)","제2음악관503강의실","",,,
5569,"미정","전공선택","7460030","통합사고와읽기의기술","전철희",2,"금(15:00-17:00)","제2음악관503강의실","",,,
5570,"미정","전공선택","7460031","연주와비평4","김희재",1,"월(12:00-13:00)","백남음악관백남홀","",,,
5571,"미정","전공선택","7460032","피아노전공실기2","허재원",1,"시간미지정강좌","비지정()","",,,
5572,"미정","전공선택","7460033","피아노앙상블1","허재원",1,"시간미지정강좌","비지정()","",,,
5573,"미정","전공선택","7460034","연주와비평2","최성원",1,"화(13:00-14:00)","백남음악관백남홀","",,,
5574,"미정","전공선택","7460035","연주와비평4","최성원",1,"시간미지정강좌","백남음악관백남홀","",,,
5575,"미정","전공선택","7460036","국악실내악2","최광일",1,"시간미지정강좌","비지정()","",,,
5576,"미정","전공선택","7460038","음악이론4","이수민",2,"화(13:00-15:00)","제2음악관301강의실","",,,
5577,"미정","전공선택","7460039","통합사고와읽기의기술","임보람",2,"월(15:00-17:00)","제2음악관302강의실","",,,
5578,"미정","전공선택","7460040","연주와비평4","신효진",1,"시간미지정강좌","백남음악관백남홀","",,,
5579,"미정","전공선택","7460041","성악전공실기2","Kathleen Jihyun Kim",1,"시간미지정강좌","비지정()","",,,
5580,"미정","전공선택","7460042","연주와비평4","박명훈",1,"시간미지정강좌","백남음악관백남홀","",,,
5581,"미정","전공선택","7460043","관악.현악합주4","이신애",2,"시간미지정강좌","제2음악관리사이트홀","",,,
5582,"미정","전공선택","7460044","연주와비평4","손정화",1,"시간미지정강좌","백남음악관백남홀","",,,
5583,"미정","전공선택","7460045","국악특수악기2","서순정",1,"시간미지정강좌","비지정()","",,,
5584,"미정","전공선택","7460046","정가실습2","김윤지",1,"월(15:00-16:00)","제2음악관301강의실","",,,
5585,"미정","전공선택","7460047","커리어개발Ⅱ:취.창업진로포트폴리오","김희재",1,"시간미지정강좌","비지정()","",,,
5586,"미정","전공선택","7460048","서양음악사2","권현석",2,"화(15:00-17:00)","제2음악관301강의실","",,,
5587,"미정","전공선택","7460049","특수악기2","최희준",1,"시간미지정강좌","비지정()","",,,
5588,"미정","전공선택","7460050","관현악4","신주용",4,"시간미지정강좌","제2음악관리사이트홀","",,,
5589,"미정","전공선택","7460051","실내악4","최희준",1,"시간미지정강좌","비지정()","",,,
5590,"미정","전공선택","7460052","시창및청음2","김봄이",2,"수(11:00-13:00)","제2음악관403강의실","",,,
5591,"미정","전공선택","7460053","국악실내악4","서순정",1,"시간미지정강좌","비지정()","",,,
5592,"미정","전공선택","7460054","전공쏠페지오2","이민영",2,"월(09:00-11:00)","제2음악관합창실","",,,
5593,"미정","전공선택","7460055","연주기획과평론2","김우경",2,"시간미지정강좌","백남음악관백남홀","",,,
5594,"미정","전공선택","7460056","음악교육프로그램개발","강서희",2,"수(13:00-15:00)","제2음악관302강의실","",,,
5595,"미정","전공선택","7460057","무대예술6","이강호",3,"금(13:00-16:00)","제2음악관오페라실","",,,
5596,"미정","전공선택","7460058","중등음악교육실습2","유정은",2,"목(13:00-15:00)","제2음악관504강의실","",,,
5597,"미정","전공선택","7460059","기악앙상블4","허재원",1,"시간미지정강좌","비지정()","",,,
5598,"미정","전공선택","7460060","피아노구조와관리","이남인",2,"수(15:00-17:00)","제2음악관504강의실","",,,
5599,"미정","전공선택","7460061","서양음악사2","정의경",2,"목(13:00-15:00)","제2음악관503강의실","",,,
5600,"미정","전공선택","7460062","커리어개발Ⅱ:취.창업진로포트폴리오","조인혁",1,"시간미지정강좌","비지정()","",,,
5601,"미정","전공선택","7460063","문화예술교육현장실습과이해","이예진",2,"수(11:00-12:00),수(12:00-13:00)","제2음악관합창실","",,,
5602,"미정","전공선택","7460064","피아노전공실기8","허재원",1,"시간미지정강좌","비지정()","",,,
5603,"미정","전공선택","7460065","기악앙상블2","최희준",1,"시간미지정강좌","비지정()","",,,
5604,"미정","전공선택","7460066","관악.현악합주8","이신애",2,"시간미지정강좌","제2음악관리사이트홀","",,,
5605,"미정","전공선택","7460067","관현악전공실기8","최희준",1,"시간미지정강좌","비지정()","",,,
5606,"미정","전공선택","7460068","합창4","이민영",2,"월(15:00-17:00)","제2음악관합창실","",,,
5607,"미정","전공선택","7460069","딕션4","신효진",2,"목(15:00-17:00)","제2음악관403강의실","",,,
5608,"미정","전공선택","7460070","푸가","이한신",2,"수(11:00-13:00)","제2음악관302강의실","",,,
5609,"미정","전공선택","7460071","음악학개론","정경영",2,"목(11:00-13:00)","제2음악관302강의실","",,,
5610,"미정","전공선택","7460072","연주와비평2","김희재",1,"월(11:00-12:00)","백남음악관백남홀","",,,
5611,"미정","전공선택","7460073","피아노문헌4","이소영",2,"금(15:00-17:00)","제2음악관301강의실","",,,
5612,"미정","전공선택","7460074","관현악전공실기4","최희준",1,"시간미지정강좌","비지정()","",,,
5613,"미정","전공선택","7460075","서양음악이론2","이한신",2,"수(15:00-17:00)","제2음악관301강의실","",,,
5614,"미정","전공선택","7460076","정악합주2","김기엽",1,"시간미지정강좌","백남음악관국악합주실","",,,
5615,"미정","전공선택","7460077","커리어개발Ⅱ:취.창업진로포트폴리오","조주선",1,"시간미지정강좌","비지정()","",,,
5616,"미정","전공선택","7460078","커리어개발Ⅱ:취.창업진로포트폴리오","김우경",1,"시간미지정강좌","비지정()","",,,
5617,"미정","전공선택","7460080","작곡전공실기6","박명훈",1,"시간미지정강좌","비지정()","",,,
5618,"미정","전공선택","7460081","작곡전공실기8","박명훈",1,"시간미지정강좌","비지정()","",,,
5619,"미정","전공선택","7460083","연주를위한음악분석2","이수민",2,"화(15:00-17:00)","제2음악관403강의실","",,,
5620,"미정","전공선택","7460084","특수악기4","최희준",1,"시간미지정강좌","비지정()","",,,
5621,"미정","전공선택","7460085","국악전공실기8","서순정",1,"시간미지정강좌","비지정()","",,,
5622,"미정","전공선택","7460086","국악관현실습4","최광일",1,"시간미지정강좌","비지정()","",,,
5623,"미정","전공선택","7460087","악기의이론과실제","김지향",2,"수(13:00-15:00)","제2음악관음악실습실","",,,
5624,"미정","전공선택","7460088","음악형식과분석2","계희승",2,"목(15:00-17:00)","제2음악관음악실습실","",,,
5625,"미정","전공선택","7460089","음악이론2","송경진",2,"화(11:00-13:00)","제2음악관504강의실","",,,
5626,"미정","전공선택","7460090","AI시대쓰기의힘","박주혜",2,"화(13:00-15:00)","제2음악관403강의실","",,,
5627,"미정","전공선택","7460091","피아노반주법2","채은경",2,"목(11:00-13:00)","제2음악관합창실","",,,
5628,"미정","전공선택","7460092","통합사고와읽기의기술","정애진",2,"월(15:00-17:00)","제2음악관503강의실","",,,
5629,"미정","전공선택","7460093","피아노실습2","이수연",1,"수(13:00-14:00)","제2음악관403강의실","",,,
5630,"미정","전공선택","7460094","피아노전공실기4","허재원",1,"시간미지정강좌","비지정()","",,,
5631,"미정","전공선택","7460095","실내악2","최희준",1,"시간미지정강좌","비지정()","",,,
5632,"미정","전공선택","7460096","국악전공실기2","서순정",1,"시간미지정강좌","비지정()","",,,
5633,"미정","전공선택","7460097","국악실습2","조주선",2,"시간미지정강좌","비지정()","",,,
5634,"미정","전공선택","7460098","국악실습4","조주선",2,"시간미지정강좌","비지정()","",,,
5635,"미정","전공선택","7460099","공연예술산업2","송혁규",2,"금(13:00-15:00)","백남음악관404강의실","",,,
5636,"미정","전공선택","7460100","성악전공실기6","Kathleen Jihyun Kim",1,"시간미지정강좌","비지정()","",,,
5637,"미정","전공선택","7460101","음악논리및논술","이수진",2,"수(11:00-13:00)","제1음악관505강의실","",,,
5638,"미정","전공선택","7460102","연주와비평6","김희재",1,"시간미지정강좌","백남음악관백남홀","",,,
5639,"미정","전공선택","7460104","오케스트라4","최희준",4,"시간미지정강좌","제2음악관리사이트홀","",,,
5640,"미정","전공선택","7460106","마스터클래스2","조인혁",2,"수(15:00-17:00)","백남음악관315강의실","",,,
5641,"미정","전공선택","7460107","국악특수악기4","서순정",1,"시간미지정강좌","비지정()","",,,
5642,"미정","전공선택","7460108","딕션6","소라",2,"금(11:00-13:00)","제2음악관503강의실","",,,
5643,"미정","전공선택","7460109","예술가곡2","정록기",2,"수(13:00-15:00)","제2음악관합창실","",,,
5644,"미정","전공선택","7460110","건반화성2","김지영",2,"수(13:00-15:00)","제2음악관504강의실","",,,
5645,"미정","전공선택","7460111","피아노교수법2","박부경",2,"수(09:00-11:00)","제2음악관302강의실","",,,
5646,"미정","전공선택","7460112","음악이론4","송세라",2,"월(13:00-15:00)","제1음악관501강의실","",,,
5647,"미정","전공선택","7460113","관악.현악합주6","이신애",2,"시간미지정강좌","제2음악관리사이트홀","",,,
5648,"미정","전공선택","7460114","국악문헌2","정진",2,"목(15:00-17:00)","제1음악관501강의실","",,,
5649,"미정","전공선택","7460115","국악실습8","조주선",2,"시간미지정강좌","비지정()","",,,
5650,"미정","전공선택","7460116","정악합주8","김영헌",1,"시간미지정강좌","백남음악관국악합주실","",,,
5651,"미정","전공선택","7460117","시창및청음2","김지영",2,"수(09:00-11:00)","제2음악관504강의실","",,,
5652,"미정","전공선택","7460118","음악이론2","유정은",2,"금(11:00-13:00)","제2음악관403강의실","",,,
5653,"미정","전공선택","7460119","피아노실습4","이수연",1,"수(15:00-16:00)","제2음악관403강의실","",,,
5654,"미정","전공선택","7460120","작곡전공실기2","박명훈",1,"시간미지정강좌","비지정()","",,,
5655,"미정","전공선택","7460121","작곡전공실기4","박명훈",1,"시간미지정강좌","비지정()","",,,
5656,"미정","전공선택","7460122","20세기음악2","이문희",2,"화(11:00-13:00)","제1음악관501강의실","",,,
5657,"미정","전공선택","7460123","창의적컴퓨팅","성기혁",3,"시간미지정강좌,수(09:00-11:00)",",제2공학관최병부SW실습실(303)","",,,
5658,"미정","전공선택","7460124","피아노문헌2","이소영",2,"금(13:00-15:00)","제2음악관301강의실","",,,
5659,"미정","전공선택","7460125","관현악2","신주용",4,"화(10:00-12:00),금(13:00-15:00)","제2음악관리사이트홀","",,,
5660,"미정","전공선택","7460126","가곡과앙상블2","정록기",2,"수(15:00-17:00)","제2음악관합창실","",,,
5661,"미정","전공선택","7460127","미디어음악실습2","김태희",2,"화(15:00-17:00)","제2음악관컴퓨터음악실","",,,
5662,"미정","전공선택","7460128","커리어개발Ⅱ:취.창업진로포트폴리오","박명훈",1,"금(17:00-18:00)","제2음악관컴퓨터음악실","",,,
5663,"미정","전공선택","7460129","피아노과캡스톤PBL(연주기획및실습)","김진욱",3,"금(10:00-12:00),금(12:00-13:00)","제2음악관합창실","",,,
5664,"미정","전공선택","7460130","오케스트라2","최희준",4,"월(10:00-12:00),금(10:00-12:00)","제2음악관리사이트홀","",,,
5665,"미정","전공선택","7460131","연주와비평6","조주선",1,"시간미지정강좌","백남음악관백남홀","",,,
5666,"미정","전공선택","7460132","커리어개발Ⅱ:취.창업진로포트폴리오","김응수",1,"시간미지정강좌","비지정()","",,,
5667,"미정","전공선택","7460133","국악전공실기4","서순정",1,"시간미지정강좌","비지정()","",,,
5668,"미정","전공선택","7460134","국악총론2","임혜정",2,"수(15:00-17:00)","백남음악관404강의실","",,,
5669,"미정","전공선택","7460135","국악특수악기6","서순정",1,"시간미지정강좌","비지정()","",,,
5670,"미정","전공선택","7460136","국악실습6","조주선",2,"시간미지정강좌","비지정()","",,,
5671,"미정","전공선택","7460137","정악합주6","김영헌",1,"시간미지정강좌","백남음악관국악합주실","",,,
5672,"미정","전공선택","7460138","성악전공실기4","Kathleen Jihyun Kim",1,"시간미지정강좌","비지정()","",,,
5673,"미정","전공선택","7460139","무대예술2","조은비",3,"월(09:00-12:00)","제2음악관오페라실","",,,
5674,"미정","전공선택","7460140","시창및청음2","한진희",2,"수(11:00-13:00)","제2음악관503강의실","",,,
5675,"미정","전공선택","7460141","시창및청음2","장춘희",2,"월(15:00-17:00)","제2음악관504강의실","",,,
5676,"미정","전공선택","7460142","관악.현악합주2","이신애",2,"시간미지정강좌","제2음악관리사이트홀","",,,
5677,"미정","전공선택","7460143","정악합주4","김기엽",1,"시간미지정강좌","백남음악관국악합주실","",,,
5678,"미정","전공선택","7460144","연주와비평2","신효진",1,"시간미지정강좌","백남음악관백남홀","",,,
5679,"미정","전공선택","7460145","서양음악사2","정경영",2,"목(13:00-15:00)","제2음악관302강의실","",,,
5680,"미정","전공선택","7460146","포스트프로덕션2","장은지",2,"월(13:00-15:00)","제2음악관컴퓨터음악실","",,,
5681,"미정","전공선택","7460147","국악작곡기법2","박병오",2,"월(11:00-13:00)","제2음악관503강의실","",,,
5682,"미정","전공선택","7460148","무대예술4","정호정",3,"월(12:00-15:00)","제2음악관오페라실","",,,
5683,"미정","전공선택","7460149","딕션8","Kim, Sabina Hyunjee",2,"목(15:00-17:00)","제2음악관합창실","",,,
5684,"미정","전공선택","7460150","전자음악2","송향숙",2,"수(09:00-11:00)","제2음악관컴퓨터음악실","",,,
5685,"미정","전공선택","7460151","현대음악감상","이문희",1,"월(13:00-14:00)","제2음악관302강의실","",,,
5686,"미정","전공선택","7460152","미디어와음악","원유선",2,"월(09:00-11:00)","제2음악관음악실습실","",,,
5687,"미정","전공선택","7460153","기악및국악기실습2","박명훈",1,"시간미지정강좌","비지정()","",,,
5688,"미정","전공선택","7460154","관현악법2","김봄이",2,"월(11:00-13:00)","제2음악관302강의실","",,,
5689,"미정","전공선택","7460155","음악이론4","송경진",2,"화(13:00-15:00)","제2음악관504강의실","",,,
5690,"미정","전공선택","7460157","시창및청음4","장춘희",2,"월(11:00-13:00)","제2음악관504강의실","",,,
5691,"미정","전공선택","7460158","음악이론2","박경미",2,"목(13:00-15:00)","제2음악관403강의실","",,,
5692,"미정","전공선택","7460159","통합사고와읽기의기술","정치훈",2,"금(15:00-17:00)","제2음악관302강의실","",,,
5693,"미정","전공선택","7460161","연주와비평6","최성원",1,"시간미지정강좌","백남음악관백남홀","",,,
5694,"미정","전공선택","7460162","지휘법2","이신애",2,"목(15:00-17:00)","제2음악관오페라실","",,,
5695,"미정","전공선택","7460163","피아노전공실기6","허재원",1,"시간미지정강좌","비지정()","",,,
5696,"미정","전공선택","7460164","관현악전공실기2","최희준",1,"시간미지정강좌","비지정()","",,,
5697,"미정","전공선택","7460165","국악개론 2","한영숙",2,"목(13:00-15:00)","제2음악관301강의실","",,,
5698,"미정","전공선택","7460166","국악관현실습2","김기엽",1,"시간미지정강좌","비지정()","",,,
5699,"미정","전공선택","7460167","판소리실습2","김혜미",1,"수(13:00-14:00)","백남음악관127강의실","",,,
5700,"미정","전공선택","7460169","글로벌영어","James H. Clitheroe",3,"월(14:30-16:00),수(14:30-16:00)","인문관233강의실","",,,
5701,"미정","전공선택","7460170","영미문학읽기","장혜선",3,"화(13:00-14:30),목(13:00-14:30)","인문관115강의실","",,,
5702,"미정","전공선택","7460171","영어읽기와토론2","James H. Clitheroe",3,"화(16:00-17:00),화(17:00-17:30),목(16:00-17:30)","인문관308강의실","",,,
5703,"미정","전공선택","7460172","외국어논리및논술","이영인",2,"화(13:00-15:00)","인문관121강의실","",,,
5704,"미정","전공선택","7460173","글로벌사회문화변동의비교와분석","Wirsching Cornelia Song",3,"월(10:30-12:00),금(10:30-11:00),금(11:00-12:00)","인문관406강의실","",,,
5705,"미정","전공선택","7460174","서양사학사","김승우",3,"화(14:30-16:00),목(14:30-16:00)","인문관305강의실","",,,
5706,"미정","전공선택","7460175","현대유럽철학","김수진",3,"목(13:00-14:30),목(14:30-16:00)","인문관403강의실","",,,
5707,"미정","전공선택","7460176","고전시가의감상과융합적이해","박수진",3,"화(13:00-14:30),화(14:30-16:00)","인문관302강의실","",,,
5708,"미정","전공선택","7460177","한국문학과동아시아적사유를통한재해석","권은",3,"화(14:30-16:00),목(14:30-16:00)","인문관404강의실","",,,
5709,"미정","전공선택","7460178","지역속의한국어모습이해","손상미",3,"화(09:00-10:30),화(10:30-12:00)","인문관302강의실","",,,
5710,"미정","전공선택","7460179","제2언어습득과영어교육","이신웅",3,"화(10:30-12:00),목(13:00-14:30)","인문관308강의실","",,,
5711,"미정","전공선택","7460180","독어독문학HY-UP(실용연구실습)2","남윤주",1,"시간미지정강좌","비지정()","",,,
5712,"미정","전공선택","7460181","문화로본서양사회경제사","김승우",3,"화(10:30-12:00),목(10:30-12:00)","인문관405강의실","",,,
5713,"미정","전공선택","7460182","한국실학","이재복",3,"금(13:00-14:30),금(14:30-16:00)","인문관403강의실","",,,
5714,"미정","전공선택","7460183","글로벌시대의경제윤리와정치사상","허성범",3,"화(14:30-16:00),목(14:30-16:00)","인문관115강의실","",,,
5715,"미정","전공선택","7460184","서양근대철학사","이현복",3,"월(13:00-14:30),월(14:30-16:00)","인문관403강의실","",,,
5716,"미정","전공선택","7460185","불교철학","마해륜",3,"목(09:00-10:30),목(10:30-12:00)","인문관403강의실","",,,
5717,"미정","전공선택","7460186","전문학술영어","Nathan John Lucas",3,"월(13:00-14:30),목(16:00-17:30)","인문관121강의실","",,,
5718,"미정","전공선택","7460187","중급독문법","최지수",3,"월(13:00-14:30),월(14:30-16:00)","인문관304강의실","",,,
5719,"미정","전공선택","7460188","중국고전읽기","함영은",3,"화(13:00-14:30),목(13:00-14:30)","인문관116강의실","",,,
5720,"미정","전공선택","7460190","윤리학","허성범",3,"화(16:00-17:30),화(17:30-19:00)","인문관115강의실","",,,
5721,"미정","전공선택","7460192","과학철학","이상욱",3,"화(11:00-12:30),화(12:30-13:00)","인문관403강의실,비지정(),인문관403강의실","",,,
5722,"미정","전공선택","7460194","영어읽기와토론2","박주영",3,"수(09:00-10:00),수(10:00-12:00)","인문관233강의실","",,,
5723,"미정","전공선택","7460195","한글맞춤법과교정의실제","조성문",3,"화(10:30-12:00),목(10:30-12:00)","인문관317강의실","",,,
5724,"미정","전공선택","7460196","영어읽기와토론2","James H. Clitheroe",3,"월(13:00-14:00),월(14:00-14:30),수(13:00-14:30)","인문관308강의실","",,,
5725,"미정","전공선택","7460197","유럽문화지역의이해","김희근",3,"화(14:30-16:00),목(14:30-16:00)","인문관406강의실","",,,
5726,"미정","전공선택","7460198","유럽모더니즘예술","김희근",3,"화(16:00-17:30),목(16:00-17:30)","인문관406강의실","",,,
5727,"미정","전공선택","7460199","집중중국어연습","서원남",4,"월(11:00-13:00),수(11:00-13:00)","인문관402강의실","",,,
5728,"미정","전공선택","7460200","유가철학","박영미",3,"화(09:00-10:30),화(10:30-12:00)","인문관406강의실","",,,
5729,"미정","전공선택","7460201","커리어개발Ⅱ:취.창업진로포트폴리오","고광민",1,"목(16:00-17:00)","인문관305강의실","",,,
5730,"미정","전공선택","7460202","커리어개발Ⅱ:취.창업진로포트폴리오","윤일환",1,"수(17:00-18:00)","인문관305강의실","",,,
5731,"미정","전공선택","7460203","커리어개발Ⅱ:취.창업진로포트폴리오","김세영",1,"수(17:00-18:00)","인문관403강의실","",,,
5732,"미정","전공선택","7460204","한국문학의역사1","정민",3,"금(09:00-10:30),금(10:30-12:00)","인문관317강의실","",,,
5733,"미정","전공선택","7460205","4차산업혁명시대의문예비평","권은",3,"화(13:00-14:30),목(13:00-14:30)","인문관317강의실","",,,
5734,"미정","전공선택","7460206","소설과현대","김소연",3,"금(09:00-10:30),금(10:30-12:00)","인문관233강의실","",,,
5735,"미정","전공선택","7460207","언어습득과영어학","이미선",3,"화(13:00-14:30),목(13:00-14:30)","인문관233강의실","",,,
5736,"미정","전공선택","7460208","전문학술영어","Connie Park",3,"월(16:00-17:30),목(14:30-16:00)","인문관111강의실","",,,
5737,"미정","전공선택","7460209","독일어회화B2-2","Wirsching Cornelia Song",3,"화(09:00-10:30),목(09:00-10:30)","인문관301강의실","",,,
5738,"미정","전공선택","7460210","언어와마음","남윤주",3,"화(13:00-14:30),목(13:00-14:30)","인문관406강의실","",,,
5739,"미정","전공선택","7460211","실무중국어","노은정",3,"목(09:00-10:30),목(10:30-12:00)","인문관115강의실","",,,
5740,"미정","전공선택","7460212","세계의고전읽기","문수현",3,"수(09:00-10:30),금(09:00-10:30)","인문관305강의실","",,,
5741,"미정","전공선택","7460213","문화기술인간","정원교",2,"금(11:00-13:00)","인문관308강의실","",,,
5742,"미정","전공선택","7460214","문화기술인간","이영민",2,"월(13:00-15:00)","인문관307강의실","",,,
5743,"미정","전공선택","7460215","중국고대문학의이해","고광민",3,"월(13:00-14:30),목(14:30-16:00)","인문관402강의실","",,,
5744,"미정","전공선택","7460216","영어학개론","김세영",3,"화(14:30-16:00),목(14:30-15:00),목(15:00-16:00)","인문관233강의실","",,,
5745,"미정","전공선택","7460217","문화기술인간","임장원",2,"금(11:00-13:00)","인문관307강의실","",,,
5746,"미정","전공선택","7460218","영어쓰기캡스톤디자인","James H. Clitheroe",3,"화(13:00-14:30),목(13:00-14:30)","인문관307강의실","",,,
5747,"미정","전공선택","7460219","영국사회와소설","박민영",3,"수(13:00-14:30),수(14:30-16:00)","인문관116강의실","",,,
5748,"미정","전공선택","7460220","셰익스피어","이형섭",3,"수(13:00-14:30),금(13:00-14:30)","인문관233강의실","",,,
5749,"미정","전공선택","7460221","커리어개발Ⅱ:취.창업진로포트폴리오","이미선",1,"수(17:00-18:00)","인문관304강의실","",,,
5750,"미정","전공선택","7460222","커리어개발Ⅱ:취.창업진로포트폴리오","김희근",1,"목(13:00-14:00)","인문관301강의실","",,,
5751,"미정","전공선택","7460223","유럽영상문화와예술","박현용",3,"목(16:00-17:30),목(17:30-19:00)","인문관304강의실","",,,
5752,"미정","전공선택","7460224","커리어개발Ⅱ:취.창업진로포트폴리오","이상임",1,"수(17:00-18:00)","인문관406강의실","",,,
5753,"미정","전공선택","7460225","커리어개발Ⅱ:취.창업진로포트폴리오","소순규",1,"금(12:00-13:00)","인문관405강의실","",,,
5754,"미정","전공선택","7460226","국문학입문","이승수",3,"월(10:30-12:00),목(10:30-12:00)","인문관302강의실","",,,
5755,"미정","전공선택","7460227","영미문학읽기","윤일환",3,"수(15:00-15:30),수(15:30-17:00)","비지정(),인문관308강의실,인문관308강의실","",,,
5756,"미정","전공선택","7460228","독일어회화A2","Wirsching Cornelia Song",3,"화(10:30-12:00),목(10:30-12:00)","인문관301강의실","",,,
5757,"미정","전공선택","7460229","독일어권시사토픽","이하늘",3,"화(13:00-14:30),목(13:00-14:30)","인문관304강의실","",,,
5758,"미정","전공선택","7460230","전문학술영어","Sung Il Park",3,"월(16:00-17:30),목(14:30-16:00)","인문관121강의실","",,,
5759,"미정","전공선택","7460231","창의적시쓰기와철학적해석","권경아",3,"금(13:00-14:30),금(14:30-16:00)","인문관302강의실","",,,
5760,"미정","전공선택","7460232","영어영문캡스톤PBL(비트코인내러티브)","윤성호",3,"월(16:00-19:00)","인문관233강의실","",,,
5761,"미정","전공선택","7460233","당송시가감상","김의정",3,"화(13:00-14:30),목(13:00-14:30)","인문관404강의실","",,,
5762,"미정","전공선택","7460234","고급중국어연습2","방건춘",3,"월(13:00-14:30),수(13:00-14:30)","인문관317강의실","",,,
5763,"미정","전공선택","7460236","동아시아속의조선시대사","소순규",3,"금(09:00-10:30),금(10:30-12:00)","인문관405강의실","",,,
5764,"미정","전공선택","7460237","역사논리및논술","이승일",2,"화(11:00-13:00)","인문관401강의실","",,,
5765,"미정","전공선택","7460238","커리어개발Ⅱ:취.창업진로포트폴리오","김용헌",1,"월(12:00-13:00)","인문관403강의실","",,,
5766,"미정","전공선택","7460239","통합사고와읽기의기술","박다솜",2,"월(15:00-17:00)","인문관308강의실","",,,
5767,"미정","전공선택","7460240","전문학술영어","Brian A. Wildeboer",3,"월(13:00-14:30),목(16:00-17:30)","인문관112강의실","",,,
5768,"미정","전공선택","7460241","전문학술영어","Mimi Eun Newton",3,"월(13:00-14:30),목(16:00-17:30)","인문관210강의실","",,,
5769,"미정","전공선택","7460242","현대명작감상","우미영",3,"월(16:00-17:30),화(09:00-10:30)","인문관317강의실","",,,
5770,"미정","전공선택","7460243","영어음운론","Hatcher Jr Richard John",3,"월(10:30-12:00),화(10:30-12:00)","인문관115강의실","",,,
5771,"미정","전공선택","7460244","영국역사와영어발달","챔사이통크리스다",3,"수(09:00-10:30),수(10:30-11:00)","인문관205강의실","",,,
5772,"미정","전공선택","7460245","중급중국어2","임미주",3,"월(13:00-14:30),월(14:30-16:00)","인문관115강의실","",,,
5773,"미정","전공선택","7460246","유럽사특강","염운옥",3,"금(13:00-14:30),금(14:30-16:00)","인문관405강의실","",,,
5774,"미정","전공선택","7460247","형이상학","민찬홍",3,"수(09:00-10:30),수(10:30-12:00)","인문관116강의실","",,,
5775,"미정","전공선택","7460248","역사속의한국어변화해독","이성우",3,"월(09:00-10:30),월(10:30-12:00)","인문관233강의실","",,,
5776,"미정","전공선택","7460249","동서양신화읽기","강민경",3,"금(09:00-10:30),금(10:30-12:00)","인문관302강의실","",,,
5777,"미정","전공선택","7460250","독어독문학HY-UROP(실용연구심화)","남윤주",3,"시간미지정강좌","비지정()","",,,
5778,"미정","전공선택","7460251","한중언어비교와브랜드네이밍","엄익상",3,"화(09:00-10:30),화(10:30-12:00)","인문관402강의실","",,,
5779,"미정","전공선택","7460252","동아시아비교경제사","한상협",3,"수(13:00-14:30),수(14:30-16:00)","인문관305강의실","",,,
5780,"미정","전공선택","7460254","20세기세계와중국","김지훈",3,"수(09:00-10:30),수(10:30-12:00)","인문관405강의실","",,,
5781,"미정","전공선택","7460256","커리어개발Ⅱ:취.창업진로포트폴리오","조성문",1,"목(17:00-18:00)","인문관405강의실","",,,
5782,"미정","전공선택","7460257","중국어음성학","이상임",3,"목(13:00-14:30),금(13:00-14:30)","인문관402강의실","",,,
5783,"미정","전공선택","7460258","집중중국어연습","방건춘",4,"월(11:00-13:00),수(11:00-13:00)","인문관404강의실","",,,
5784,"미정","전공선택","7460259","영어학개론","김세영",3,"화(10:30-12:00),목(10:30-11:00),목(11:00-12:00)","인문관116강의실","",,,
5785,"미정","전공선택","7460260","커리어개발Ⅱ:취.창업진로포트폴리오","유성호",1,"수(17:00-18:00)","인문관405강의실","",,,
5786,"미정","전공선택","7460261","언어심리와영어학","조태홍",3,"수(10:30-12:00),금(10:30-12:00)","인문관B104강의실","",,,
5787,"미정","전공선택","7460262","독어독문학HY-UP(실용연구실습)4","남윤주",1,"시간미지정강좌","비지정()","",,,
5788,"미정","전공선택","7460263","중국음운의세계","윤보라",3,"금(13:00-14:30),금(14:30-16:00)","인문관307강의실","",,,
5789,"미정","전공선택","7460264","중어중문학HY-UROP(실용연구심화)","이상임",3,"목(14:30-16:00),금(14:30-16:00)","인문관301강의실","",,,
5790,"미정","전공선택","7460265","커리어개발Ⅱ:취.창업진로포트폴리오","백지영",1,"목(15:00-16:00)","인문관304강의실","",,,
5791,"미정","전공선택","7460266","커리어개발Ⅱ:취.창업진로포트폴리오","조태홍",1,"수(17:00-18:00)","인문관121강의실","",,,
5792,"미정","전공선택","7460267","동아시아세계속의일본사","김형진",3,"화(13:00-14:30),화(14:30-16:00)","인문관402강의실","",,,
5793,"미정","전공선택","7460268","통합사고와읽기의기술","황인건",2,"월(15:00-17:00)","인문관307강의실","",,,
5794,"미정","전공선택","7460269","전문학술영어","Kimberley Jean Blount",3,"월(13:00-14:30),목(16:00-17:30)","인문관111강의실","",,,
5795,"미정","전공선택","7460270","문화기술인간","구재령",2,"금(11:00-13:00)","인문관305강의실","",,,
5796,"미정","전공선택","7460271","영어연극이론과실습캡스톤디자인","챔사이통크리스다",2,"월(16:00-17:00),월(17:00-18:00)","인문관205강의실","",,,
5797,"미정","전공선택","7460272","중국고대문학의이해","김의정",3,"화(10:30-12:00),목(10:30-12:00)","인문관404강의실","",,,
5798,"미정","전공선택","7460273","현대중국어독해","손주연",3,"화(10:30-12:00),수(10:30-12:00)","인문관307강의실","",,,
5799,"미정","전공선택","7460274","중화제국의발전과유목세계","심호성",3,"화(13:00-14:30),목(13:00-14:30)","인문관305강의실","",,,
5800,"미정","전공선택","7460275","문학텍스트의상징재해석","박수밀",3,"목(13:00-14:30),목(14:30-16:00)","인문관302강의실","",,,
5801,"미정","전공선택","7460276","커리어개발Ⅱ:취.창업진로포트폴리오","최형욱",1,"목(16:00-17:00)","인문관403강의실","",,,
5802,"미정","전공선택","7460277","외국어논리및논술","이경휘",2,"화(11:00-13:00)","인문관112강의실","",,,
5803,"미정","전공선택","7460278","전문학술영어","Hugh Newton",3,"월(16:00-17:30),목(14:30-16:00)","인문관112강의실","",,,
5804,"미정","전공선택","7460279","문화기술인간","정혜경",2,"월(13:00-15:00)","인문관305강의실","",,,
5805,"미정","전공선택","7460280","영국역사와문학","이형섭",3,"수(16:00-17:30),금(16:00-17:30)","인문관233강의실","",,,
5806,"미정","전공선택","7460281","글로벌영어","James H. Clitheroe",3,"화(14:30-16:00),목(14:30-16:00)","인문관308강의실","",,,
5807,"미정","전공선택","7460282","독일어회화B2","Wirsching Cornelia Song",3,"월(13:00-14:30),월(14:30-16:00)","인문관301강의실","",,,
5808,"미정","전공선택","7460283","중국어음성학","이상임",3,"목(10:30-12:00),금(10:30-12:00)","인문관402강의실","",,,
5809,"미정","전공선택","7460284","한국문화유산의이해","소순규",3,"금(13:00-15:00),금(15:00-16:00)","인문관305강의실","",,,
5810,"미정","전공선택","7460285","한국고대사","김수진",3,"월(13:00-14:30),월(14:30-16:00)","인문관405강의실","",,,
5811,"미정","전공선택","7460286","중국철학사","나우권",3,"금(09:00-10:30),금(10:30-12:00)","인문관B103강의실","",,,
5812,"미정","전공선택","7460287","한국어의미론","정종수",3,"월(13:00-14:30),월(14:30-16:00)","인문관302강의실","",,,
5813,"미정","전공선택","7460288","언어학과언어장애","이미선",3,"화(10:30-12:00),목(10:30-12:00)","인문관233강의실","",,,
5814,"미정","전공선택","7460289","현대중국의문학과사회문화","최형욱",3,"화(14:30-16:00),수(14:30-16:00)","인문관307강의실","",,,
5815,"미정","전공선택","7460290","중국공연예술과미디어문화","임미주",3,"목(11:00-11:30),목(11:30-13:00)","비지정(),인문관307강의실,인문관307강의실","",,,
5816,"미정","전공선택","7460291","중국도시발전과지역문화의이해","서원남",3,"수(13:00-13:30),수(13:30-15:00)","비지정(),인문관402강의실,인문관402강의실","",,,
5817,"미정","전공선택","7460292","영어학개론","챔사이통크리스다",3,"월(13:00-15:00),월(15:00-16:00)","인문관205강의실","",,,
5818,"미정","전공선택","7460293","독일어텍스트분석","남윤주",3,"화(14:30-16:00),목(10:30-12:00)","인문관304강의실","",,,
5819,"미정","전공선택","7460294","중국어작문2","이경휘",3,"수(13:00-14:30),수(14:30-16:00)","인문관115강의실","",,,
5820,"미정","전공선택","7460295","실용중국어회화2","함영은",3,"화(14:30-16:00),목(14:30-16:00)","인문관116강의실","",,,
5821,"미정","전공선택","7460296","일제지배정책과한국독립운동","신효승",3,"금(13:00-14:30),금(14:30-16:00)","인문관308강의실","",,,
5822,"미정","전공선택","7460297","중국고전과역사의만남","심호성",3,"월(09:00-10:30),월(10:30-12:00)","인문관305강의실","",,,
5823,"미정","전공선택","7460298","물질과마음철학","이상욱",3,"화(13:00-14:30),화(14:30-15:00)","인문관403강의실,비지정(),인문관403강의실","",,,
5824,"미정","전공선택","7460299","국제법","김성원",3,"목(13:00-14:30),목(14:30-16:00)","사회과학관552강의실","",,,
5825,"미정","전공선택","7460300","한국정치론","이원영",3,"화(16:00-17:30),화(17:30-19:00)","사회과학관303강의실","",,,
5826,"미정","전공선택","7460302","커리어개발Ⅱ:취.창업진로포트폴리오","송원준",1,"목(16:00-17:00)","사회과학관104강의실","",,,
5827,"미정","전공선택","7460303","법과정치","윤성원",3,"목(13:00-14:30),목(14:30-16:00)","사회과학관302강의실","",,,
5828,"미정","전공선택","7460304","기업사회학","이상민",3,"월(13:00-14:30),월(14:30-16:00)","사회과학관302강의실","",,,
5829,"미정","전공선택","7460305","한국사회의이해","이유신",3,"화(13:00-14:30),화(14:30-16:00)","사회과학관303강의실","",,,
5830,"미정","전공선택","7460307","디지털방송저널리즘","박진우",3,"화(16:00-17:30),수(16:00-17:30)","사회과학관311강의실","",,,
5831,"미정","전공선택","7460308","일본정치론","윤성원",3,"월(16:00-17:30),월(17:30-19:00)","사회과학관302강의실","",,,
5832,"미정","전공선택","7460309","방송론","김도겸",3,"화(09:00-10:30),화(10:30-12:00)","사회과학관103강의실","",,,
5833,"미정","전공선택","7460310","광고전략과비평","이자연",3,"수(13:00-14:30),수(14:30-16:00)","사회과학관311강의실","",,,
5834,"미정","전공선택","7460311","커리어개발Ⅱ:취.창업진로포트폴리오","박진우",1,"수(11:00-12:00)","사회과학관104강의실","",,,
5835,"미정","전공선택","7460312","전문학술영어","Hugh Newton",3,"화(16:00-17:30),금(14:30-16:00)","사회과학관251강의실","",,,
5836,"미정","전공선택","7460313","전문학술영어","Douglas N. McIntosh",3,"화(10:30-12:00),금(10:30-12:00)","사회과학관153강의실","",,,
5837,"미정","전공선택","7460314","전문학술영어","Mimi Eun Newton",3,"화(13:00-14:30),금(13:00-14:30)","사회과학관251강의실","",,,
5838,"미정","전공선택","7460315","축제이벤트기획프로젝트","최혜영",3,"화(13:00-14:30),화(14:30-16:00)","사회과학관103강의실","",,,
5839,"미정","전공선택","7460316","통합사고와읽기의기술","이나윤",2,"월(11:00-13:00)","사회과학관551강의실","",,,
5840,"미정","전공선택","7460317","글로벌서비스론","장아름",3,"금(13:00-14:30),금(14:30-16:00)","사회과학관303강의실","",,,
5841,"미정","전공선택","7460318","AI시대쓰기의힘","오혜정",2,"화(15:00-17:00)","사회과학관551강의실","",,,
5842,"미정","전공선택","7460319","레저학의이해","이혜린",2,"월(15:00-17:00)","사회과학관416강의실","",,,
5843,"미정","전공선택","7460320","호텔의이해","조민호",3,"목(13:00-14:30),목(14:30-16:00)","사회과학관211강의실","",,,
5844,"미정","전공선택","7460321","관광영어1","현성협",3,"화(13:00-14:30),화(14:30-16:00)","사회과학관211강의실","",,,
5845,"미정","전공선택","7460322","창의적컴퓨팅","지정은",3,"시간미지정강좌,화(11:00-13:00)",",제2공학관401강의실","",,,
5846,"미정","전공선택","7460323","관광개발의이해","하동원",2,"화(09:00-11:00)","사회과학관514강의실","",,,
5847,"미정","전공선택","7460324","취재보도론","엄기영",3,"금(16:00-17:30),금(17:30-19:00)","사회과학관514강의실","",,,
5848,"미정","전공선택","7460325","여행관광행복론","정주영",3,"화(09:00-10:30),화(10:30-12:00)","사회과학관311강의실","",,,
5849,"미정","전공선택","7460326","전문학술영어","Shelley L. Collins",3,"화(09:00-10:30),금(09:00-10:30)","사회과학관153강의실","",,,
5850,"미정","전공선택","7460327","커리어개발Ⅱ:취.창업진로포트폴리오","유삼현",1,"월(16:00-17:00)","사회과학관303강의실","",,,
5851,"미정","전공선택","7460328","사회변동과발전","박순석",3,"금(13:00-14:30),금(14:30-16:00)","사회과학관211강의실","",,,
5852,"미정","전공선택","7460329","일과직업의사회학","김병수",3,"화(16:00-17:30),목(16:00-17:30)","사회과학관416강의실","",,,
5853,"미정","전공선택","7460330","미디어와문화","김수철",3,"금(09:00-10:30),금(10:30-12:00)","사회과학관523세미나실","",,,
5854,"미정","전공선택","7460331","국가발전론","윤성원",3,"수(13:00-14:30),수(14:30-16:00)","사회과학관302강의실","",,,
5855,"미정","전공선택","7460332","중국의정치","박병광",3,"월(16:00-17:30),월(17:30-19:00)","사회과학관301강의실","",,,
5856,"미정","전공선택","7460333","여론과캠페인","박진우",3,"화(09:00-10:30),화(10:30-12:00)","사회과학관523세미나실","",,,
5857,"미정","전공선택","7460334","프로젝트리더십커뮤니케이션","이동형",3,"월(13:00-14:30),월(14:30-16:00)","사회과학관417강의실","",,,
5858,"미정","전공선택","7460335","창의적컴퓨팅","김도희",3,"시간미지정강좌,화(11:00-13:00)",",제2공학관최병부SW실습실(303)","",,,
5859,"미정","전공선택","7460336","전문학술영어","Ian Gareth Robert Jones",3,"화(09:00-10:30),금(09:00-10:30)","사회과학관105강의실","",,,
5860,"미정","전공선택","7460337","사회학의이해","이상민",3,"수(13:00-14:30),수(14:30-16:00)","사회과학관416강의실","",,,
5861,"미정","전공선택","7460338","AI시대쓰기의힘","박주혜",2,"화(15:00-17:00)","사회과학관253강의실","",,,
5862,"미정","전공선택","7460339","미디어전략과기획","이용문",3,"수(09:00-10:30),수(10:30-12:00)","사회과학관303강의실","",,,
5863,"미정","전공선택","7460340","문화기술인간","이영민",2,"월(11:00-13:00)","사회과학관251강의실","",,,
5864,"미정","전공선택","7460341","매스컴론","김지현",3,"목(13:00-14:30),목(14:30-16:00)","사회과학관103강의실","",,,
5865,"미정","전공선택","7460342","매체비평","김건",3,"목(16:00-17:30),목(17:30-19:00)","사회과학관311강의실","",,,
5866,"미정","전공선택","7460343","커리어개발Ⅱ:취.창업진로포트폴리오","홍용표",1,"화(15:00-16:00)","사회과학관104강의실","",,,
5867,"미정","전공선택","7460344","커리어개발Ⅱ:취.창업진로포트폴리오","성필두",1,"화(12:00-13:00)","사회과학관104강의실","",,,
5868,"미정","전공선택","7460345","매스컴론","김지현",3,"월(16:00-17:30),월(17:30-19:00)","사회과학관103강의실","",,,
5869,"미정","전공선택","7460347","커리어개발Ⅱ:취.창업진로포트폴리오","은용수",1,"월(15:00-16:00)","사회과학관104강의실","",,,
5870,"미정","전공선택","7460348","커리어개발Ⅱ:취.창업진로포트폴리오","신학승",1,"수(16:00-17:00)","사회과학관104강의실","",,,
5871,"미정","전공선택","7460349","커리어개발Ⅱ:취.창업진로포트폴리오","김남조",1,"월(16:00-17:00)","사회과학관104강의실","",,,
5872,"미정","전공선택","7460350","관광자원총론","김남조",3,"월(10:30-12:00),월(13:00-14:30)","사회과학관514강의실","",,,
5873,"미정","전공선택","7460351","스피치커뮤니케이션의이해","류웅재",3,"월(13:00-14:30),월(14:30-16:00)","사회과학관303강의실","",,,
5874,"미정","전공선택","7460353","관광수익관리","신학승",3,"수(09:00-10:30),수(10:30-12:00)","사회과학관302강의실","",,,
5875,"미정","전공선택","7460354","국제정치학입문","이충희",3,"목(13:00-14:30),목(14:30-16:00)","사회과학관523세미나실","",,,
5876,"미정","전공선택","7460355","한국정치외교사","홍용표",3,"월(13:00-14:30),수(13:00-14:30)","사회과학관523세미나실","",,,
5877,"미정","전공선택","7460356","정당과선거","송원준",3,"수(13:00-14:30),수(14:30-16:00)","사회과학관301강의실","",,,
5878,"미정","전공선택","7460357","사회심리학","김상학",3,"수(10:30-12:00),목(10:30-12:00)","사회과학관523세미나실","",,,
5879,"미정","전공선택","7460358","사회통계","김한성",3,"수(16:00-17:30),목(16:00-17:30)","사회과학관103강의실","",,,
5880,"미정","전공선택","7460359","커리어개발Ⅱ:취.창업진로포트폴리오","이유신",1,"월(12:00-13:00)","사회과학관105강의실","",,,
5881,"미정","전공선택","7460360","커리어개발Ⅱ:취.창업진로포트폴리오","주대우",1,"화(12:00-13:00)","사회과학관213강의실","",,,
5882,"미정","전공선택","7460361","커리어개발Ⅱ:취.창업진로포트폴리오","이재진",1,"수(12:00-13:00)","사회과학관104강의실","",,,
5883,"미정","전공선택","7460362","커리어개발Ⅱ:취.창업진로포트폴리오","김지현",1,"목(12:00-13:00)","사회과학관104강의실","",,,
5884,"미정","전공선택","7460363","커리어개발Ⅱ:취.창업진로포트폴리오","현성협",1,"화(16:00-17:00)","사회과학관104강의실","",,,
5885,"미정","전공선택","7460364","관광지리의이해","채혜정",3,"화(13:00-14:30),화(14:30-16:00)","사회과학관417강의실","",,,
5886,"미정","전공선택","7460365","사회복지와사회정책","유정원",3,"화(13:00-14:30),화(14:30-16:00)","사회과학관304강의실","",,,
5887,"미정","전공선택","7460366","데이터분석론","유삼현",3,"수(13:00-15:00),수(15:00-16:00)","사회과학관211강의실","",,,
5888,"미정","전공선택","7460367","언론제도","이재진",3,"화(13:00-14:30),목(13:00-14:30)","사회과학관311강의실","",,,
5889,"미정","전공선택","7460368","관광정보경영","정철",3,"화(09:00-10:30),화(10:30-12:00)","사회과학관211강의실","",,,
5890,"미정","전공선택","7460369","전문학술영어","Younghwa Choi-Hong",3,"화(16:00-17:30),금(14:30-16:00)","제2공학관305강의실","",,,
5891,"미정","전공선택","7460370","전문학술영어","Kimberley Jean Blount",3,"화(13:00-14:30),금(13:00-14:30)","사회과학관153강의실","",,,
5892,"미정","전공선택","7460371","전문학술영어","Michael William Brandon",3,"화(13:00-14:30),금(13:00-14:30)","사회과학관253강의실","",,,
5893,"미정","전공선택","7460372","스피치커뮤니케이션의이해","류웅재",3,"월(09:00-10:30),월(10:30-12:00)","사회과학관303강의실","",,,
5894,"미정","전공선택","7460373","통일문제연구","홍용표",3,"수(16:00-17:30),수(17:30-19:00)","사회과학관416강의실","",,,
5895,"미정","전공선택","7460374","시민사회와사회운동","Joseph E. Yi",3,"금(09:00-10:30),금(10:30-12:00)","사회과학관514강의실","",,,
5896,"미정","전공선택","7460376","4차산업혁명과현대사회","이유신",3,"수(13:00-14:30),수(14:30-16:00)","사회과학관303강의실","",,,
5897,"미정","전공선택","7460377","정치커뮤니케이션","한동섭",3,"월(13:00-14:30),월(14:30-16:00)","사회과학관211강의실","",,,
5898,"미정","전공선택","7460378","AI시대쓰기의힘","노희호",2,"화(15:00-17:00)","사회과학관552강의실","",,,
5899,"미정","전공선택","7460379","언론제도","정영주",3,"월(16:00-17:30),월(17:30-19:00)","사회과학관523세미나실","",,,
5900,"미정","전공선택","7460380","광고기획제작","이용문",3,"목(16:00-19:00)","사회과학관211강의실","",,,
5901,"미정","전공선택","7460381","미디어비즈니스실무","주대우",3,"수(13:00-14:00),수(14:00-16:00)","사회과학관103강의실","",,,
5902,"미정","전공선택","7460382","국제관광행동론","정지연",3,"수(13:00-14:30),수(14:30-16:00)","사회과학관417강의실","",,,
5903,"미정","전공선택","7460383","푸드(F&B)컨텐츠와융합비즈니스","남민정",3,"목(13:00-14:30),목(14:30-16:00)","사회과학관304강의실","",,,
5904,"미정","전공선택","7460384","통합사고와읽기의기술","박다솜",2,"월(11:00-13:00)","사회과학관552강의실","",,,
5905,"미정","전공선택","7460385","전문학술영어","김경숙",3,"화(16:00-17:30),금(14:30-16:00)","사회과학관105강의실","",,,
5906,"미정","전공선택","7460386","관광경제학","정지연",3,"월(16:00-17:30),월(17:30-19:00)","사회과학관311강의실","",,,
5907,"미정","전공선택","7460387","국제정치경제론","모춘흥",3,"화(09:00-10:30),화(10:30-12:00)","사회과학관302강의실","",,,
5908,"미정","전공선택","7460388","필란트로피커뮤니케이션","안동근",3,"화(14:30-16:00),목(14:30-16:00)","사회과학관311강의실","",,,
5909,"미정","전공선택","7460389","창의적컴퓨팅","조문기",3,"시간미지정강좌,목(11:00-13:00)",",제2공학관최병부SW실습실(303)","",,,
5910,"미정","전공선택","7460390","결혼과가족의사회학","김병수",3,"화(13:00-14:30),목(13:00-14:30)","사회과학관416강의실","",,,
5911,"미정","전공선택","7460391","전문학술영어","Douglas N. McIntosh",3,"화(13:00-14:30),금(13:00-14:30)","사회과학관105강의실","",,,
5912,"미정","전공선택","7460392","영상문화","김지현",3,"월(13:00-14:30),월(14:30-16:00)","사회과학관311강의실","",,,
5913,"미정","전공선택","7460393","디지털방송저널리즘","염규현",3,"금(13:00-14:30),금(14:30-16:00)","사회과학관301강의실","",,,
5914,"미정","전공선택","7460394","미디어와문화","김정호",3,"월(09:00-10:30),월(10:30-12:00)","사회과학관416강의실","",,,
5915,"미정","전공선택","7460395","국제관계이론","은용수",3,"금(16:00-17:30),금(17:30-19:00)","사회과학관302강의실","",,,
5916,"미정","전공선택","7460396","국제개발협력과아프리카","모춘흥",3,"월(09:00-10:30),월(10:30-12:00)","사회과학관302강의실","",,,
5917,"미정","전공선택","7460397","사회문제의분석","성필두",3,"수(16:00-17:30),수(17:30-19:00)","사회과학관211강의실","",,,
5918,"미정","전공선택","7460398","현대사회학이론","이유신",3,"목(13:00-14:30),목(14:30-16:00)","사회과학관303강의실","",,,
5919,"미정","전공선택","7460399","통합사고와읽기의기술","임보람",2,"월(11:00-13:00)","사회과학관253강의실","",,,
5920,"미정","전공선택","7460400","유럽정치론","최진우",3,"화(13:00-14:30),화(14:30-16:00)","사회과학관301강의실","",,,
5921,"미정","전공선택","7460401","정치학방법론","송원준",3,"목(13:00-14:30),목(14:30-16:00)","사회과학관105강의실","",,,
5922,"미정","전공선택","7460402","전문학술영어","Esther du Plessis",3,"화(10:30-12:00),금(10:30-12:00)","사회과학관105강의실","",,,
5923,"미정","전공선택","7460403","취재보도론","김상진",3,"화(16:00-17:30),화(17:30-19:00)","사회과학관514강의실","",,,
5924,"미정","전공선택","7460404","관광논리및논술","정철",2,"수(09:00-11:00)","사회과학관301강의실","",,,
5925,"미정","전공선택","7460405","호텔·관광케이스와시뮬레이션","양은주",3,"목(13:00-14:30),목(14:30-16:00)","사회과학관514강의실","",,,
5926,"미정","전공선택","7460406","글로벌커뮤니케이션론","박지현",3,"목(13:00-14:30),목(14:30-16:00)","사회과학관417강의실","",,,
5927,"미정","전공선택","7460407","문화기술인간","천미림",2,"월(11:00-13:00)","사회과학관153강의실","",,,
5928,"미정","전공선택","7460408","수치해석2","송정환",3,"수(14:30-16:00),금(13:00-14:30)","자연과학관332강의실","",,,
5929,"미정","전공선택","7460409","커리어개발Ⅱ:취.창업진로포트폴리오","박문집",1,"목(17:00-18:00)","자연과학관B116강의실","",,,
5930,"미정","전공선택","7460410","물리학캡스톤PBL(나노소재의물성과산업응용)","정문석",3,"수(13:00-15:00),수(15:00-17:00)","자연과학관IC-PBL전산강의실(222)","",,,
5931,"미정","전공선택","7460411","물리화학특강2","성명모",2,"목(13:00-15:00)","자연과학관202강의실","",,,
5932,"미정","전공선택","7460412","생화학2","황규호",3,"화(13:00-14:30),목(13:00-14:30)","자연과학관206강의실","",,,
5933,"미정","전공선택","7460413","화학캡스톤PBL(소재화학디자인)","한진욱",3,"월(11:00-13:00),수(09:00-11:00)","자연과학관202강의실","",,,
5934,"미정","전공선택","7460414","신경생물학","유승준",2,"월(11:00-13:00)","자연과학관203강의실","",,,
5935,"미정","전공선택","7460415","면역학2및실험","최제민",3,"수(15:00-17:00),목(11:00-13:00)","자연과학관203강의실,자연과학관생명과학실험실2(635)","",,,
5936,"미정","전공선택","7460416","생명과학세미나2","이경민",1,"수(11:00-12:00)","자연과학관B117강의실","",,,
5937,"미정","전공선택","7460417","전문학술영어","Esther du Plessis",3,"화(09:00-10:30),금(09:00-10:30)","자연과학관205강의실","",,,
5938,"미정","전공선택","7460418","미분방정식","정진욱",3,"월(10:30-12:00),수(13:00-14:30)","자연과학관226강의실","",,,
5939,"미정","전공선택","7460419","수리물리학2","오재혁",3,"화(14:30-16:00),수(10:30-12:00)","자연과학관332강의실,자연과학관B115강의실","",,,
5940,"미정","전공선택","7460420","정수론","권오정",3,"월(10:30-12:00),수(14:30-16:00)","자연과학관208강의실","",,,
5941,"미정","전공선택","7460421","고등미적분학2","김민현",3,"월(14:30-16:00),목(13:00-14:30)","자연과학관208강의실","",,,
5942,"미정","전공선택","7460422","일반물리학및실험Ⅱ","신상진",4,"수(13:00-14:30),목(14:30-16:00),월(13:00-15:00)","자연과학관208강의실,자연과학관208강의실,자연과학관일반물리학실험실2(210),자연과학관일반물리학실험실1(209)","",,,
5943,"미정","전공선택","7460423","고전역학2","남창우",3,"화(10:30-12:00),수(14:30-16:00)","자연과학관751강의실","",,,
5944,"미정","전공선택","7460424","일반생물학2","Ivana Karanovic",3,"월(13:00-14:30),월(14:30-16:00)","자연과학관123강의실","",,,
5945,"미정","전공선택","7460425","커리어개발Ⅱ:취.창업진로포트폴리오","서재홍",1,"목(16:00-17:00)","자연과학관226강의실","",,,
5946,"미정","전공선택","7460426","커리어개발Ⅱ:취.창업진로포트폴리오","이진형",1,"목(17:00-18:00)","자연과학관102강의실","",,,
5947,"미정","전공선택","7460427","유기화학2","이정효",3,"월(13:00-14:30),목(13:00-14:30)","자연과학관118강의실","",,,
5948,"미정","전공선택","7460428","커리어개발Ⅱ:취.창업진로포트폴리오","허재성",1,"목(16:00-17:00)","자연과학관332강의실","",,,
5949,"미정","전공선택","7460429","AI시대쓰기의힘","윤수미",2,"목(11:00-13:00)","자연과학관202강의실","",,,
5950,"미정","전공선택","7460430","AI시대쓰기의힘","이윤정",2,"수(11:00-13:00)","자연과학관203강의실","",,,
5951,"미정","전공선택","7460431","문화기술인간","장신혜",2,"화(13:00-15:00)","자연과학관118강의실","",,,
5952,"미정","전공선택","7460432","물리학연구캡스톤디자인1","황민수",3,"월(13:00-15:00),월(15:00-17:00)","자연과학관B116강의실","",,,
5953,"미정","전공선택","7460433","무기화학2","한진욱",3,"월(13:00-14:30),수(13:00-14:30)","자연과학관227강의실","",,,
5954,"미정","전공선택","7460434","무기화학실험","이진석",1,"화(17:00-19:00)","자연과학관유기/무기화학실험실(111)","",,,
5955,"미정","전공선택","7460435","진화생물학","Ivana Karanovic",2,"수(15:00-17:00)","자연과학관123강의실","",,,
5956,"미정","전공선택","7460436","해양생물학","이강현",2,"월(11:00-13:00)","자연과학관751강의실","",,,
5957,"미정","전공선택","7460437","식물생리학","박태기",2,"금(11:00-13:00)","자연과학관203강의실","",,,
5958,"미정","전공선택","7460438","생물정보학","하유진",2,"월(13:00-14:00),월(14:00-16:00)","자연과학관IC-PBL전산강의실(222)","",,,
5959,"미정","전공선택","7460439","현대대수2","권오정",3,"월(13:00-14:30),수(10:30-12:00)","자연과학관208강의실","",,,
5960,"미정","전공선택","7460440","수리통계학2","최정순",3,"화(10:30-12:00),목(10:30-12:00)","자연과학관226강의실","",,,
5961,"미정","전공선택","7460441","벡터해석학","정민구",3,"월(14:30-16:00),수(13:00-14:30)","자연과학관332강의실","",,,
5962,"미정","전공선택","7460442","확률론","정진욱",3,"월(14:30-16:00),수(14:30-16:00)","자연과학관226강의실","",,,
5963,"미정","전공선택","7460443","광학실험","황민수",3,"금(11:00-12:00),금(13:00-17:00)","자연과학관광학실험실(439)","",,,
5964,"미정","전공선택","7460444","천체물리학","김태정",3,"화(10:30-12:00),수(10:30-12:00)","자연과학관205강의실,자연과학관751강의실","",,,
5965,"미정","전공선택","7460445","AI시대쓰기의힘","정보영",2,"수(11:00-13:00)","자연과학관202강의실","",,,
5966,"미정","전공선택","7460447","분석화학특강","장진호",2,"월(13:00-15:00)","자연과학관202강의실","",,,
5967,"미정","전공선택","7460448","고분자재료화학특강","최효성",3,"수(13:00-14:30),수(14:30-16:00)","자연과학관206강의실","",,,
5968,"미정","전공선택","7460449","발생학2","김도현",2,"목(15:00-17:00)","자연과학관B115강의실","",,,
5969,"미정","전공선택","7460450","수학캡스톤PBL(정보보호를위한인공지능)","서재홍",3,"수(09:00-11:00),수(11:00-13:00)","자연과학관332강의실","",,,
5970,"미정","전공선택","7460451","양자역학2","이진형",3,"화(16:00-17:30),목(14:30-16:00)","자연과학관205강의실","",,,
5971,"미정","전공선택","7460452","양자화학","김형준",3,"월(10:30-12:00),수(09:00-10:30)","자연과학관227강의실","",,,
5972,"미정","전공선택","7460453","커리어개발Ⅱ:취.창업진로포트폴리오","조천규",1,"월(16:00-17:00)","자연과학관102강의실","",,,
5973,"미정","전공선택","7460455","AI시대쓰기의힘","임은희",2,"수(11:00-13:00)","자연과학관118강의실","",,,
5974,"미정","전공선택","7460456","미분적분학2","김승혁",3,"화(10:30-12:00),목(13:00-14:30)","자연과학관208강의실,자연과학관751강의실","",,,
5975,"미정","전공선택","7460457","선형대수2","김형준",3,"화(13:00-14:30),금(14:30-16:00)","제1공학관503강의실","",,,
5976,"미정","전공선택","7460458","통계자료분석방법론","박선철",3,"화(10:30-12:00),금(13:00-14:30)","자연과학관IC-PBL전산강의실(222)","",,,
5977,"미정","전공선택","7460459","계산수론","김미란",3,"월(13:00-14:30),수(10:30-12:00)","자연과학관226강의실","",,,
5978,"미정","전공선택","7460460","미분적분학2","이선경",3,"수(10:30-12:00),금(13:00-14:30)","자연과학관205강의실","",,,
5979,"미정","전공선택","7460461","생화학1","이경민",2,"화(11:00-13:00)","자연과학관B115강의실","",,,
5980,"미정","전공선택","7460462","생명과학연구개론","이경민",1,"화(15:00-16:00)","자연과학관B115강의실","",,,
5981,"미정","전공선택","7460463","전자기학1","윤재웅",3,"화(13:00-14:30),수(13:00-14:30)","자연과학관205강의실","",,,
5982,"미정","전공선택","7460464","물리화학2","김두리",3,"화(13:00-14:30),수(14:30-16:00)","자연과학관202강의실","",,,
5983,"미정","전공선택","7460465","물리화학실험1","김두리",2,"수(17:00-21:00)","자연과학관일반화학실험실2(116)","",,,
5984,"미정","전공선택","7460466","전문학술영어","Stacey Eujung Choi",3,"월(10:30-12:00),목(09:00-10:30)","자연과학관102강의실","",,,
5985,"미정","전공선택","7460467","세포생물학2","신인철",2,"수(15:00-17:00)","자연과학관B115강의실","",,,
5986,"미정","전공선택","7460468","미생물학2","이진원",2,"화(13:00-15:00)","자연과학관123강의실","",,,
5987,"미정","전공선택","7460469","생태학1","박범수",3,"화(16:00-17:30),금(10:30-12:00)","자연과학관B115강의실,자연과학관123강의실","",,,
5988,"미정","전공선택","7460470","상상과학성찰","장신혜",2,"화(11:00-13:00)","자연과학관118강의실","",,,
5989,"미정","전공선택","7460471","상상과학성찰","정세권",2,"화(11:00-13:00)","자연과학관202강의실","",,,
5990,"미정","전공선택","7460472","일반생물학실험2","채지형",1,"금(15:00-17:00)","자연과학관생명과학실험실2(635)","",,,
5991,"미정","전공선택","7460473","통계자료분석방법론","박선철",3,"화(13:00-14:30),금(10:30-12:00)","자연과학관IC-PBL전산강의실(222)","",,,
5992,"미정","전공선택","7460474","생태환경과학실험","김백호",2,"월(13:00-17:00)","자연과학관생명과학실험실2(635)","",,,
5993,"미정","전공선택","7460475","커리어개발Ⅱ:취.창업진로포트폴리오","하유진",1,"수(17:00-18:00)","자연과학관203강의실","",,,
5994,"미정","전공선택","7460476","커리어개발Ⅱ:취.창업진로포트폴리오","박선철",1,"목(16:00-17:00)","자연과학관208강의실","",,,
5995,"미정","전공선택","7460477","커리어개발Ⅱ:취.창업진로포트폴리오","손대원",1,"월(16:00-17:00)","자연과학관118강의실","",,,
5996,"미정","전공선택","7460478","일반생물학실험2","채지형",1,"수(15:00-17:00)","자연과학관생명과학실험실2(635)","",,,
5997,"미정","전공선택","7460479","생태학1","김백호",3,"화(16:00-17:30),목(09:00-10:30)","자연과학관123강의실","",,,
5998,"미정","전공선택","7460480","커리어개발Ⅱ:취.창업진로포트폴리오","이진원",1,"수(17:00-18:00)","자연과학관B115강의실","",,,
5999,"미정","전공선택","7460481","열및통계물리학2","박문집",3,"수(13:00-14:30),목(13:00-14:30)","자연과학관B116강의실","",,,
6000,"미정","전공선택","7460482","반도체물리학","정문석",3,"화(14:30-16:00),수(10:30-12:00)","자연과학관IC-PBL전산강의실(222)","",,,
6001,"미정","전공선택","7460483","기기분석실험","윤태현",1,"월(17:00-19:00)","자연과학관일반화학실험실2(116)","",,,
6002,"미정","전공선택","7460484","생명과학캡스톤PBL(조직간상호작용회로연구)","김도현",3,"화(13:00-15:00),화(15:00-17:00)","자연과학관208강의실","",,,
6003,"미정","전공선택","7460485","일반물리학및실험2","윤승언",3,"목(15:00-17:00),월(13:00-15:00)","제1공학관409강의실,자연과학관일반물리학실험실3(212),자연과학관일반물리학실험실4(213)","",,,
6004,"미정","전공선택","7460486","일반화학및실험Ⅱ","노재근",4,"수(16:00-17:30),목(09:00-10:30),화(13:00-15:00)","자연과학관202강의실,자연과학관202강의실,자연과학관일반화학실험실1(114),자연과학관일반화학실험실2(116)","",,,
6005,"미정","전공선택","7460487","기기분석","정회일",3,"화(10:30-12:00),수(10:30-12:00)","자연과학관227강의실","",,,
6006,"미정","전공선택","7460488","AI시대쓰기의힘","최은정",2,"목(11:00-13:00)","자연과학관118강의실","",,,
6007,"미정","전공선택","7460489","기초생화학","이준석",2,"화(15:00-17:00)","자연과학관118강의실","",,,
6008,"미정","전공선택","7460490","상상과학성찰","정덕환",2,"화(11:00-13:00)","자연과학관102강의실","",,,
6009,"미정","전공선택","7460491","미생물학및세포생물학실험","신인철",2,"목(13:00-17:00)","자연과학관생명과학실험실1(535)","",,,
6010,"미정","전공선택","7460492","커리어개발Ⅱ:취.창업진로포트폴리오","한진욱",1,"월(16:00-17:00)","자연과학관202강의실","",,,
6011,"미정","전공선택","7460493","일반생물학실험2","채지형",1,"수(15:00-17:00)","자연과학관생명과학실험실1(535)","",,,
6012,"미정","전공선택","7460494","전문학술영어","Adam Turner",3,"화(09:00-10:30),금(09:00-10:30)","자연과학관206강의실","",,,
6013,"미정","전공선택","7460495","전문학술영어","Douglas N. McIntosh",3,"화(09:00-10:30),금(09:00-10:30)","자연과학관332강의실","",,,
6014,"미정","전공선택","7460496","전문학술영어","Kimberley Jean Blount",3,"화(09:00-10:30),금(09:00-10:30)","자연과학관102강의실","",,,
6015,"미정","전공선택","7460497","전문학술영어","Shelley L. Collins",3,"월(10:30-12:00),목(09:00-10:30)","자연과학관332강의실","",,,
6016,"미정","전공선택","7460498","복소수해석학2","김승혁",3,"화(13:00-14:30),목(14:30-16:00)","자연과학관226강의실","",,,
6017,"미정","전공선택","7460499","상대성이론","김항배",3,"화(10:30-12:00),목(10:30-12:00)","자연과학관B116강의실","",,,
6018,"미정","전공선택","7460500","유기합성론","조천규",2,"목(15:00-17:00)","자연과학관B116강의실","",,,
6019,"미정","전공선택","7460501","유기화학특강","신승훈",2,"화(11:00-13:00)","자연과학관332강의실","",,,
6020,"미정","전공선택","7460502","재료화학","윤홍석",3,"월(14:30-16:00),화(10:30-12:00)","자연과학관206강의실","",,,
6021,"미정","전공선택","7460503","화학특수연구2","윤소원",1,"목(11:00-12:00)","자연과학관206강의실","",,,
6022,"미정","전공선택","7460504","화학과캡스톤디자인2","신승훈",1,"화(15:00-17:00)","자연과학관202강의실","",,,
6023,"미정","전공선택","7460505","현대물리학실험","오재혁",2,"월(13:00-17:00)","자연과학관현대물리실험실(454)","",,,
6024,"미정","전공선택","7460506","유기화학실험2","이정효",2,"목(17:00-21:00)","자연과학관유기/무기화학실험실(111)","",,,
6025,"미정","전공선택","7460507","생태환경과학실험","진언선",2,"월(13:00-17:00)","자연과학관생명과학실험실1(535)","",,,
6026,"미정","전공선택","7460508","동식물생리학실험","최재훈",2,"화(13:00-17:00)","자연과학관생명과학실험실1(535)","",,,
6027,"미정","전공선택","7460509","바이오기술","김영필",2,"목(15:00-17:00)","자연과학관123강의실","",,,
6028,"미정","전공선택","7460510","커리어개발Ⅱ:취.창업진로포트폴리오","김미란",1,"목(16:00-17:00)","자연과학관102강의실","",,,
6029,"미정","전공선택","7460511","편미분방정식과응용","김민현",3,"월(13:00-14:30),목(14:30-16:00)","자연과학관332강의실","",,,
6030,"미정","전공선택","7460512","수학논리및논술","김은현",2,"화(15:00-17:00)","자연과학관102강의실","",,,
6031,"미정","전공선택","7460513","상상과학성찰","김호연",2,"수(13:00-15:00)","자연과학관118강의실","",,,
6032,"미정","전공선택","7460514","통합사고와읽기의기술","김선화",2,"수(15:00-17:00)","자연과학관118강의실","",,,
6033,"미정","전공선택","7460515","상상과학성찰","김성희",2,"수(13:00-15:00)","자연과학관102강의실","",,,
6034,"미정","전공선택","7460516","유전학2","김헌석",2,"목(11:00-13:00)","자연과학관B115강의실","",,,
6035,"미정","전공선택","7460517","동물생리학1","최재훈",2,"월(11:00-13:00)","자연과학관123강의실","",,,
6036,"미정","전공선택","7460518","일반생물학실험2","채지형",1,"금(13:00-15:00)","자연과학관생명과학실험실1(535)","",,,
6037,"미정","전공선택","7460519","전문학술영어","Adam Turner",3,"월(10:30-12:00),목(09:00-10:30)","자연과학관205강의실","",,,
6038,"미정","전공선택","7460520","전문학술영어","Gary Joseph Turnham",3,"월(10:30-12:00),목(09:00-10:30)","자연과학관206강의실","",,,
6039,"미정","전공선택","7460521","위상수학2","허영식",3,"월(16:00-17:30),수(16:00-17:30)","자연과학관226강의실","",,,
6040,"미정","전공선택","7460522","응용광학","황민수",3,"화(13:00-14:30),수(14:30-16:00)","자연과학관B116강의실","",,,
6041,"미정","전공선택","7460523","응집물질물리학2","이창민",3,"월(10:30-12:00),화(14:30-16:00)","자연과학관B116강의실","",,,
6042,"미정","전공선택","7460524","커리어개발Ⅱ:취.창업진로포트폴리오","이경민",1,"수(17:00-18:00)","자연과학관123강의실","",,,
6043,"미정","전공선택","7460525","문화기술인간","정덕환",2,"화(13:00-15:00)","자연과학관102강의실","",,,
6044,"미정","전공선택","7460526","일반화학및실험Ⅱ","이경림",4,"목(09:00-10:30),금(14:30-16:00),화(15:00-17:00)","자연과학관208강의실,자연과학관208강의실,자연과학관일반화학실험실2(116),자연과학관일반화학실험실1(114)","",,,
6045,"미정","전공선택","7460527","유기화학2","조천규",3,"월(13:00-14:30),목(13:00-14:30)","자연과학관102강의실","",,,
6046,"미정","전공선택","7460528","기초화학수학","김형준",3,"수(10:30-12:00),금(10:30-12:00)","자연과학관B116강의실","",,,
6047,"미정","전공선택","7460529","커리어개발Ⅱ:취.창업진로포트폴리오","이창협",1,"목(17:00-18:00)","자연과학관118강의실","",,,
6048,"미정","전공선택","7460530","일반생물학2","채지형",3,"월(13:00-14:30),월(14:30-16:00)","자연과학관B115강의실","",,,
6049,"미정","전공선택","7460531","마케팅관리","현효원",3,"목(10:30-12:00)","경영관201강의실,비지정()","",,,
6050,"미정","전공선택","7460532","국제경영","임형록",3,"월(13:00-14:30),월(14:30-16:00)","경영관503강의실","",,,
6051,"미정","전공선택","7460533","재무관리","김석환",3,"수(09:00-10:30),수(10:30-12:00)","경영관303강의실","",,,
6052,"미정","전공선택","7460534","조직행동","이아영",3,"수(16:00-17:30),수(17:30-19:00)","경영관203강의실","",,,
6053,"미정","전공선택","7460535","관리회계","박지혜",3,"금(16:00-17:30),금(17:30-19:00)","경영관B104강의실","",,,
6054,"미정","전공선택","7460537","서비스운영관리","이창원",3,"월(13:00-14:30),수(13:00-14:30)","경영관403강의실","",,,
6055,"미정","전공선택","7460538","커리어개발Ⅱ:취.창업진로포트폴리오","김종우",1,"월(13:00-14:00)","경영관404강의실","",,,
6056,"미정","전공선택","7460539","커리어개발Ⅱ:취.창업진로포트폴리오","나현종",1,"목(11:00-12:00)","경영관402강의실","",,,
6057,"미정","전공선택","7460540","커리어개발Ⅱ:취.창업진로포트폴리오","백승익",1,"수(13:00-14:00)","경영관406강의실","",,,
6058,"미정","전공선택","7460541","커리어디자인1","허제인",2,"금(09:00-11:00)","경영관B109강의실","",,,
6059,"미정","전공선택","7460542","회계의이해","나현종",3,"화(13:00-14:30),목(13:00-14:30)","경영관403강의실","",,,
6060,"미정","전공선택","7460543","커리어개발Ⅱ:취.창업진로포트폴리오","이창원",1,"화(16:00-17:00)","경영관304강의실","",,,
6061,"미정","전공선택","7460544","계량경영","부제만",3,"화(13:00-14:30),목(13:00-14:30)","경영관B101강의실","",,,
6062,"미정","전공선택","7460545","국제경영","안지선",3,"금(10:30-12:00)","경영관101강의실,비지정()","",,,
6063,"미정","전공선택","7460546","국제경영","이창현",3,"화(09:00-10:30),화(10:30-12:00)","경영관303강의실","",,,
6064,"미정","전공선택","7460547","품질경영","한현수",3,"월(16:00-17:30),월(17:30-19:00)","경영관301강의실","",,,
6065,"미정","전공선택","7460548","재무관리","박동규",3,"월(13:00-14:30),월(14:30-16:00)","경영관201강의실","",,,
6066,"미정","전공선택","7460549","조직행동","공도훈",3,"목(16:00-17:30),목(17:30-19:00)","경영관B108강의실","",,,
6067,"미정","전공선택","7460550","커리어개발Ⅱ:취.창업진로포트폴리오","송상영",1,"금(14:30-15:30)","경영관301강의실","",,,
6068,"미정","전공선택","7460551","커리어개발Ⅱ:취.창업진로포트폴리오","정희선",1,"월(13:00-14:00)","경영관402강의실","",,,
6069,"미정","전공선택","7460552","전문학술영어","Luke Oliver Allum",3,"화(14:30-16:00),금(13:00-14:30)","경영관402강의실","",,,
6070,"미정","전공선택","7460553","경영통계응용","김상기",3,"목(13:00-15:00),목(15:00-16:00)","경영관B203(PC실습강의실)","",,,
6071,"미정","전공선택","7460554","회계의이해","나현종",3,"화(14:30-16:00),목(14:30-16:00)","경영관403강의실","",,,
6072,"미정","전공선택","7460555","전문학술영어","Esther du Plessis",3,"화(14:30-16:00),금(13:00-14:30)","경영관404강의실","",,,
6073,"미정","전공선택","7460556","품질경영","진혜경",3,"월(16:00-17:30),월(17:30-19:00)","경영관B104강의실","",,,
6074,"미정","전공선택","7460557","전문학술영어","Sung Il Park",3,"화(14:30-16:00),금(13:00-14:30)","경영관405강의실","",,,
6075,"미정","전공선택","7460558","마케팅관리","신현상",3,"금(13:00-14:30),금(14:30-16:00)","경영관306강의실","",,,
6076,"미정","전공선택","7460559","마케팅관리","송상영",3,"금(13:00-14:30)","경영관301강의실,비지정()","",,,
6077,"미정","전공선택","7460560","전문학술영어","Sung Il Park",3,"화(16:00-17:30),금(14:30-16:00)","경영관405강의실","",,,
6078,"미정","전공선택","7460561","경영정보시스템","이상용",3,"화(10:30-12:00),목(10:30-12:00)","경영관503강의실","",,,
6079,"미정","전공선택","7460562","재무관리","김은지",3,"월(16:00-17:30),월(17:30-19:00)","경영관201강의실","",,,
6080,"미정","전공선택","7460563","조직행동","조현민",3,"수(09:00-10:30),수(10:30-12:00)","경영관B101강의실","",,,
6081,"미정","전공선택","7460564","커리어개발Ⅱ:취.창업진로포트폴리오","김보영",1,"금(09:00-10:00)","경영관305강의실","",,,
6082,"미정","전공선택","7460565","혁신전략론","이웅희",3,"화(14:30-16:00),목(14:30-16:00)","경영관101강의실","",,,
6083,"미정","전공선택","7460566","전략적마케팅커뮤니케이션","현효원",3,"화(16:00-17:30),목(16:00-17:30)","경영관201강의실","",,,
6084,"미정","전공선택","7460568","정보기술과데이터전략","김동연",3,"월(13:00-14:30),월(14:30-16:00)","경영관B103강의실","",,,
6085,"미정","전공선택","7460569","문화기술인간","이영민",2,"월(09:00-11:00)","경영관404강의실","",,,
6086,"미정","전공선택","7460570","혁신전략론","박지훈",3,"월(10:30-12:00),화(10:30-12:00)","경영관301강의실","",,,
6087,"미정","전공선택","7460571","인적자원및조직개발론","이상석",3,"목(16:00-18:00),목(18:00-19:00)","경영관303강의실","",,,
6088,"미정","전공선택","7460572","경영통계응용","엄요한",3,"수(16:00-18:00),수(18:00-19:00)","경영관B103강의실","",,,
6089,"미정","전공선택","7460573","경영통계응용","엄요한",3,"수(13:00-15:00),수(15:00-16:00)","경영관B103강의실","",,,
6090,"미정","전공선택","7460574","경영통계응용","신규일",3,"수(13:00-15:00),수(15:00-16:00)","경영관B203(PC실습강의실)","",,,
6091,"미정","전공선택","7460575","경쟁전략론","권수라",3,"수(13:00-14:30),수(14:30-16:00)","경영관B104강의실","",,,
6092,"미정","전공선택","7460576","커리어개발Ⅱ:취.창업진로포트폴리오","고태호",1,"목(16:00-17:00)","경영관315강의실","",,,
6093,"미정","전공선택","7460577","문화기술인간","최은호",2,"수(09:00-11:00)","경영관404강의실","",,,
6094,"미정","전공선택","7460578","마케팅관리","안희경",3,"월(13:00-14:30),월(14:30-16:00)","경영관B108강의실","",,,
6095,"미정","전공선택","7460579","커리어개발Ⅱ:취.창업진로포트폴리오","장인기",1,"화(09:00-10:00)","경영관315강의실","",,,
6096,"미정","전공선택","7460580","전략경영론","박지훈",3,"월(13:00-14:30),월(14:30-16:00)","경영관301강의실","",,,
6097,"미정","전공선택","7460581","커리어디자인1","김창",2,"월(16:00-18:00)","경영관B108강의실","",,,
6098,"미정","전공선택","7460582","파생증권론","장인기",3,"화(16:00-17:30),시간미지정강좌","비지정(),경영관303강의실,비지정()","",,,
6099,"미정","전공선택","7460583","전략경영론","이상명",3,"화(09:00-10:30),목(09:00-10:30)","경영관101강의실","",,,
6100,"미정","전공선택","7460584","문화기술인간","천미림",2,"월(09:00-11:00)","경영관B107세미나실","",,,
6101,"미정","전공선택","7460585","거시경제이론","나수미",3,"목(16:00-17:30),목(17:30-19:00)","경영관B109강의실","",,,
6102,"미정","전공선택","7460587","회계의이해","정태진",3,"화(09:00-10:30),목(09:00-10:30)","경영관B108강의실","",,,
6103,"미정","전공선택","7460588","금융시장의이해","최광열",3,"월(09:00-10:30),월(10:30-12:00)","경영관B101강의실","",,,
6104,"미정","전공선택","7460589","커리어디자인1","허제인",2,"금(15:00-17:00)","경영관B109강의실","",,,
6105,"미정","전공선택","7460590","경영통계응용","신규일",3,"수(16:00-18:00),수(18:00-19:00)","경영관B203(PC실습강의실)","",,,
6106,"미정","전공선택","7460591","회계의이해","정태진",3,"화(10:30-12:00),목(10:30-12:00)","경영관B108강의실","",,,
6107,"미정","전공선택","7460592","재무관리","박호영",3,"수(16:00-17:30),수(17:30-19:00)","경영관B108강의실","",,,
6108,"미정","전공선택","7460593","혁신전략론","박병진",3,"월(14:30-16:00),수(14:30-16:00)","경영관403강의실","",,,
6109,"미정","전공선택","7460594","경영학특강","장용성",3,"목(16:00-17:30),목(17:30-19:00)","경영관101강의실","",,,
6110,"미정","전공선택","7460595","행동재무론","최승호",3,"금(13:00-14:30)","경영관B101강의실,비지정()","",,,
6111,"미정","전공선택","7460596","전문학술영어","Mark A. Rublik",3,"화(14:30-16:00),금(13:00-14:30)","경영관B107세미나실","",,,
6112,"미정","전공선택","7460597","회계의이해","조중석",3,"화(13:00-14:30),목(13:00-14:30)","경영관201강의실","",,,
6113,"미정","전공선택","7460598","마케팅관리","박정근",3,"월(09:00-10:30),월(10:30-12:00)","경영관203강의실","",,,
6114,"미정","전공선택","7460599","계량경영","부제만",3,"화(10:30-12:00),목(10:30-12:00)","경영관B109강의실","",,,
6115,"미정","전공선택","7460600","경영데이터마이닝","김종우",3,"월(09:00-10:30),월(10:30-12:00)","경영관B103강의실","",,,
6116,"미정","전공선택","7460601","ESG경영전략","유승권",3,"월(16:00-17:30),시간미지정강좌","비지정(),경영관304강의실,비지정()","",,,
6117,"미정","전공선택","7460602","마케팅관리","신현상",3,"금(16:00-17:30),금(17:30-19:00)","경영관306강의실","",,,
6118,"미정","전공선택","7460603","국제경영","김지수",3,"목(13:00-14:30),목(14:30-16:00)","경영관B108강의실","",,,
6119,"미정","전공선택","7460604","재무사례연구","이정호",3,"수(16:00-17:30),수(17:30-19:00)","경영관306강의실","",,,
6120,"미정","전공선택","7460605","서비스운영관리","박응석",3,"목(09:00-10:30),목(10:30-12:00)","경영관B104강의실","",,,
6121,"미정","전공선택","7460606","재무회계2","송창준",3,"화(13:00-14:30),목(13:00-14:30)","경영관101강의실","",,,
6122,"미정","전공선택","7460607","조직행동","박용철",3,"목(16:00-17:30),목(17:30-19:00)","경영관B101강의실","",,,
6123,"미정","전공선택","7460608","서비스운영관리","박응석",3,"화(09:00-10:30),화(10:30-12:00)","경영관B104강의실","",,,
6124,"미정","전공선택","7460609","커리어개발Ⅱ:취.창업진로포트폴리오","박병진",1,"수(11:00-12:00)","경영관402강의실","",,,
6125,"미정","전공선택","7460610","전략적마케팅커뮤니케이션","소재인",3,"금(13:00-14:30),금(14:30-16:00)","경영관101강의실","",,,
6126,"미정","전공선택","7460611","회계의이해","조중석",3,"화(09:00-10:30),목(09:00-10:30)","경영관201강의실","",,,
6127,"미정","전공선택","7460612","금융수리통계","강창모",3,"월(16:00-17:30),월(17:30-19:00)","경영관503강의실","",,,
6128,"미정","전공선택","7460613","커리어개발Ⅱ:취.창업진로포트폴리오","이상용",1,"화(09:30-10:30)","경영관305강의실","",,,
6129,"미정","전공선택","7460614","계량경영","김명교",3,"월(13:00-14:30),수(13:00-14:30)","경영관B101강의실","",,,
6130,"미정","전공선택","7460615","인사관리","명순영",3,"월(16:00-17:30),월(17:30-19:00)","경영관B101강의실","",,,
6131,"미정","전공선택","7460616","국제마케팅","언초",3,"금(16:00-17:30),금(17:30-19:00)","경영관503강의실","",,,
6132,"미정","전공선택","7460617","혁신전략론","박병진",3,"월(16:00-17:30),수(16:00-17:30)","경영관403강의실","",,,
6133,"미정","전공선택","7460618","품질경영","전준현",3,"수(13:00-14:30),수(14:30-16:00)","경영관B108강의실","",,,
6134,"미정","전공선택","7460619","경영통계응용","박태영",3,"화(14:30-16:00),목(14:30-15:00),목(15:00-16:00)","경영관B103강의실","",,,
6135,"미정","전공선택","7460620","회계의이해","이은정",3,"월(14:30-16:00),수(14:30-16:00)","경영관B101강의실","",,,
6136,"미정","전공선택","7460621","재무관리","채수윤",3,"금(16:00-17:30),금(17:30-19:00)","경영관201강의실","",,,
6137,"미정","전공선택","7460622","재무회계2","정석윤",3,"목(16:00-17:30)","경영관301강의실,비지정()","",,,
6138,"미정","전공선택","7460623","마케팅관리","박정근",3,"월(13:00-14:30),월(14:30-16:00)","경영관203강의실","",,,
6139,"미정","전공선택","7460624","재무관리","박동규",3,"수(13:00-14:30),수(14:30-16:00)","경영관503강의실","",,,
6140,"미정","전공선택","7460625","디지털마케팅전략","임보람",3,"금(09:00-11:00),금(11:00-12:00)","경영관201강의실","",,,
6141,"미정","전공선택","7460626","재무회계1","이상윤",3,"수(16:00-17:30),수(17:30-19:00)","경영관201강의실","",,,
6142,"미정","전공선택","7460627","전문학술영어","Mark A. Rublik",3,"화(16:00-17:30),금(14:30-16:00)","경영관404강의실","",,,
6143,"미정","전공선택","7460628","경영통계응용","김상기",3,"화(13:00-15:00),화(15:00-16:00)","경영관B203(PC실습강의실)","",,,
6144,"미정","전공선택","7460629","커리어개발Ⅱ:취.창업진로포트폴리오","박상희",1,"금(16:00-17:00)","경영관406강의실","",,,
6145,"미정","전공선택","7460630","커리어디자인1","김창",2,"월(09:00-11:00)","경영관B108강의실","",,,
6146,"미정","전공선택","7460631","고급회계","서계원",3,"월(16:00-17:30),월(17:30-19:00)","경영관B109강의실","",,,
6147,"미정","전공선택","7460632","기업윤리와지속가능경영","장훌",3,"금(09:00-10:30),금(10:30-12:00)","경영관B101강의실","",,,
6148,"미정","전공선택","7460633","전문학술영어","Caroline Sommerville Ward",3,"화(16:00-17:30),금(14:30-16:00)","경영관315강의실","",,,
6149,"미정","전공선택","7460634","문화기술인간","김성희",2,"월(09:00-11:00)","경영관315강의실","",,,
6150,"미정","전공선택","7460635","문화기술인간","전혜리",2,"수(09:00-11:00)","경영관305강의실","",,,
6151,"미정","전공선택","7460638","문화기술인간","권무순",2,"수(09:00-11:00)","경영관405강의실","",,,
6152,"미정","전공선택","7460639","비즈니스프로젝트학기","김종우",9,"시간미지정강좌,시간미지정강좌,시간미지정강좌","비지정()","",,,
6153,"미정","전공선택","7460640","커리어개발Ⅱ:취.창업진로포트폴리오","엄찬영",1,"월(16:00-17:00)","경영관315강의실","",,,
6154,"미정","전공선택","7460641","경영대학캡스톤PBL(머신러닝을이용한파이낸스분야문제해결)","이상빈",3,"금(09:00-11:00),금(11:00-12:00)","경영관402강의실","",,,
6155,"미정","전공선택","7460642","전문학술영어","Matthew John Clement",3,"화(13:00-14:30),금(16:00-17:30)","경영관315강의실,제2공학관305강의실","",,,
6156,"미정","전공선택","7460644","경영통계응용","박태영",3,"화(10:30-12:00),목(10:30-11:00),목(11:00-12:00)","경영관B103강의실","",,,
6157,"미정","전공선택","7460645","조직행동","오세형",3,"화(14:30-16:00),목(14:30-16:00)","경영관203강의실","",,,
6158,"미정","전공선택","7460646","커리어개발Ⅱ:취.창업진로포트폴리오","임보람",1,"금(15:00-16:00)","경영관406강의실","",,,
6159,"미정","전공선택","7460647","전문학술영어","Luke Oliver Allum",3,"화(13:00-14:30),금(16:00-17:30)","경영관402강의실","",,,
6160,"미정","전공선택","7460648","조직행동","신유형",3,"금(09:00-10:30),금(10:30-12:00)","경영관403강의실","",,,
6161,"미정","전공선택","7460649","전문학술영어","S. Afflick-Smith",3,"화(13:00-14:30),금(16:00-17:30)","경영관B107세미나실","",,,
6162,"미정","전공선택","7460650","회계의이해","이상윤",3,"수(13:00-14:30),수(14:30-16:00)","경영관201강의실","",,,
6163,"미정","전공선택","7460651","전략적마케팅커뮤니케이션","소재인",3,"화(13:00-14:30),목(13:00-14:30)","경영관B109강의실","",,,
6164,"미정","전공선택","7460652","국제경영","언초",3,"월(09:00-10:30),월(10:30-12:00)","경영관B109강의실","",,,
6165,"미정","전공선택","7460653","커리어개발Ⅱ:취.창업진로포트폴리오","정태진",1,"화(13:00-14:00)","경영관304강의실","",,,
6166,"미정","전공선택","7460654","전문학술영어","Matthew John Clement",3,"화(14:30-16:00),금(13:00-14:30)","경영관315강의실","",,,
6167,"미정","전공선택","7460655","품질경영","부제만",3,"월(13:00-14:30),월(14:30-16:00)","경영관101강의실","",,,
6168,"미정","전공선택","7460656","전문학술영어","John Finucane",3,"화(16:00-17:30),금(14:30-16:00)","경영관B110강의실","",,,
6169,"미정","전공선택","7460657","품질경영","한현수",3,"수(16:00-17:30),수(17:30-19:00)","경영관301강의실","",,,
6170,"미정","전공선택","7460658","인적자원및조직개발론","이상민",3,"화(14:30-16:00),목(10:30-11:00),목(11:00-12:00)","경영관B101강의실","",,,
6171,"미정","전공선택","7460659","전략적마케팅커뮤니케이션","현효원",3,"화(14:30-16:00),목(14:30-16:00)","경영관201강의실","",,,
6172,"미정","전공선택","7460660","채권금융론","정주영",3,"금(19:00-20:30),금(20:30-22:00)","경영관B108강의실","",,,
6173,"미정","전공선택","7460661","문화기술인간","홍유진",2,"월(09:00-11:00)","경영관405강의실","",,,
6174,"미정","전공선택","7460662","인터넷과e-비즈니스","임규건",3,"수(13:00-14:30)","경영관301강의실,비지정()","",,,
6175,"미정","전공선택","7460663","문화기술인간","정혜경",2,"수(09:00-11:00)","경영관315강의실","",,,
6176,"미정","전공선택","7460664","전문학술영어","Caroline Sommerville Ward",3,"화(13:00-14:30),금(16:00-17:30)","경영관405강의실","",,,
6177,"미정","전공선택","7460665","투자론","서지연",3,"금(13:00-14:30),금(14:30-16:00)","경영관201강의실","",,,
6178,"미정","전공선택","7460666","문화기술인간","김봉국",2,"월(09:00-11:00)","경영관402강의실","",,,
6179,"미정","전공선택","7460667","문화기술인간","박민아",2,"수(09:00-11:00)","경영관402강의실","",,,
6180,"미정","전공선택","7460668","전문학술영어","Joshua Huewe",3,"화(16:00-17:30),금(14:30-16:00)","경영관402강의실","",,,
6181,"미정","전공선택","7460669","관리회계","박지혜",3,"금(09:00-10:30),금(10:30-12:00)","경영관B104강의실","",,,
6182,"미정","전공선택","7460670","국제경영","이창민",3,"화(10:30-12:00),목(10:30-12:00)","경영관203강의실","",,,
6183,"미정","전공선택","7460671","비즈니스분석프로그래밍","이창현",3,"수(09:00-11:00),수(11:00-12:00)","경영관B109강의실","",,,
6184,"미정","전공선택","7460672","중국비즈니스전략","최성진",3,"수(09:00-10:30),수(10:30-12:00)","경영관306강의실","",,,
6185,"미정","전공선택","7460673","서비스운영관리","김대철",3,"월(16:00-17:30),월(17:30-19:00)","경영관101강의실","",,,
6186,"미정","전공선택","7460674","수리경제입문","장인기",3,"화(13:00-14:30)","경영관203강의실,비지정()","",,,
6187,"미정","전공선택","7460675","전문학술영어","Ed Topliffe",3,"화(16:00-17:30),금(14:30-16:00)","경영관B107세미나실","",,,
6188,"미정","전공선택","7460676","국제마케팅","언초",3,"금(13:00-14:30),금(14:30-16:00)","경영관503강의실","",,,
6189,"미정","전공선택","7460677","시장미시구조","엄찬영",3,"월(09:00-10:30),월(10:30-12:00)","경영관303강의실","",,,
6190,"미정","전공선택","7460678","커리어디자인1","김창",2,"월(11:00-13:00)","경영관B108강의실","",,,
6191,"미정","전공선택","7460679","회계의이해","정희선",3,"월(16:00-17:30),월(17:30-19:00)","경영관203강의실","",,,
6192,"미정","전공선택","7460680","마케팅관리","현효원",3,"화(10:30-12:00)","경영관201강의실,비지정()","",,,
6193,"미정","전공선택","7460681","인사관리","박상희",3,"금(13:00-14:30),금(14:30-16:00)","경영관403강의실","",,,
6194,"미정","전공선택","7460682","커리어디자인1","허제인",2,"금(11:00-13:00)","경영관B109강의실","",,,
6195,"미정","전공선택","7460683","문화기술인간","장희진",2,"수(09:00-11:00)","경영관B107세미나실","",,,
6196,"미정","전공선택","7460684","재무관리","김석환",3,"월(16:00-17:30),월(17:30-19:00)","경영관303강의실","",,,
6197,"미정","전공선택","7460685","재무금융시계열분석","엄찬영",3,"월(13:00-14:30),월(14:30-16:00)","경영관303강의실","",,,
6198,"미정","전공선택","7460686","기업법개론","김영록",3,"화(09:00-10:30),화(10:30-12:00)","경영관403강의실","",,,
6199,"미정","전공선택","7460687","패션마케팅과브랜딩","이현정",3,"금(09:00-10:30),금(10:30-12:00)","생활과학관패션정보실습실(301)","",,,
6200,"미정","전공선택","7460688","패션디자인스튜디오1","정차홍",3,"월(09:00-11:00),월(11:00-13:00)","생활과학관디자인실습실","",,,
6201,"미정","전공선택","7460689","생활일반화학","채선희",3,"화(10:30-12:00),수(10:30-12:00)","생활과학관HECOHALL강의실,생활과학관B34-B103","",,,
6202,"미정","전공선택","7460690","의복과환경","배지현",3,"월(09:00-10:30),월(10:30-12:00)","생활과학관의류학과대학원세미나실","",,,
6203,"미정","전공선택","7460691","생활주기영양학","최정은",3,"금(09:00-10:30),금(10:30-12:00)","생활과학관B34-B101","",,,
6204,"미정","전공선택","7460692","임상영양학실험","박용순",2,"수(13:00-14:00),수(14:00-16:00)","생활과학관B34-B103","",,,
6205,"미정","전공선택","7460693","영양사현장실습","고광웅",2,"시간미지정강좌","비지정()","",,,
6206,"미정","전공선택","7460694","식품독성학","이주원",3,"목(13:00-14:30),목(14:30-16:00)","생활과학관B34-B101","",,,
6207,"미정","전공선택","7460695","문화기술인간","장희진",2,"수(13:00-15:00)","생활과학관206강의실","",,,
6208,"미정","전공선택","7460696","패션비지니스","이규혜",3,"화(09:00-10:30),화(10:30-12:00)","생활과학관B34-B101","",,,
6209,"미정","전공선택","7460697","문화기술인간","최은호",2,"수(13:00-15:00)","생활과학관702강의실","",,,
6210,"미정","전공선택","7460698","문화기술인간","김봉국",2,"월(13:00-15:00)","생활과학관B34-B101","",,,
6211,"미정","전공선택","7460699","기초의복구성","김수지",3,"월(13:00-15:00),월(15:00-17:00)","생활과학관의복구성실","",,,
6212,"미정","전공선택","7460700","패션디자인드로잉","이경아",3,"목(13:00-15:00),목(15:00-17:00)","생활과학관디자인실습실","",,,
6213,"미정","전공선택","7460701","패션마케팅과브랜딩","이현정",3,"금(13:00-14:30),금(14:30-16:00)","생활과학관패션정보실습실(301)","",,,
6214,"미정","전공선택","7460702","커리어개발Ⅱ:취.창업진로포트폴리오","배지현",1,"화(13:00-14:00)","생활과학관의복구성실","",,,
6215,"미정","전공선택","7460703","건축3D모델링2","이창엽",3,"화(15:00-17:00),화(17:00-19:00)","생활과학관컴퓨터실","",,,
6216,"미정","전공선택","7460704","패션디자인드로잉","이경아",3,"목(09:00-11:00),목(11:00-13:00)","생활과학관디자인실습실","",,,
6217,"미정","전공선택","7460705","커리어개발Ⅱ:취.창업진로포트폴리오","이규혜",1,"화(13:00-14:00)","생활과학관컴퓨터실","",,,
6218,"미정","전공선택","7460706","공간기초스튜디오","구희정",3,"금(09:00-11:00),금(11:00-13:00)","생활과학관실내건축디자인학과실습실2","",,,
6219,"미정","전공선택","7460707","기초조형2","한수정",3,"수(13:00-15:00),수(15:00-17:00)","생활과학관실내건축디자인학과실습실2","",,,
6220,"미정","전공선택","7460708","공간디자인스튜디오2","임재광",3,"금(13:00-15:00),금(15:00-17:00)","생활과학관기초디자인실습실","",,,
6221,"미정","전공선택","7460709","졸업작품캡스톤디자인2","배세연",3,"목(11:00-13:00),목(13:00-15:00)","생활과학관실내건축디자인학과대학원실습실","",,,
6222,"미정","전공선택","7460710","졸업작품캡스톤디자인2","장순각",3,"화(15:00-17:00),화(17:00-19:00)","생활과학관실내건축디자인학과실습실1","",,,
6223,"미정","전공선택","7460711","테크니컬디자인","설경희",3,"화(15:00-17:00),화(17:00-19:00)","생활과학관CAD실습실","",,,
6224,"미정","전공선택","7460712","커리어개발Ⅱ:취.창업진로포트폴리오","이지연",1,"화(13:00-14:00)","생활과학관디자인실습실","",,,
6225,"미정","전공선택","7460713","식품위생관계법규","엄애선",3,"화(09:00-10:30),목(10:30-12:00)","생활과학관206강의실","",,,
6226,"미정","전공선택","7460714","급식경영학","김현숙",3,"월(13:00-14:30),월(14:30-16:00)","생활과학관HECOHALL강의실","",,,
6227,"미정","전공선택","7460715","커리어개발Ⅱ:취.창업진로포트폴리오","이창엽",1,"화(13:00-14:00)","생활과학관기초디자인실습실","",,,
6228,"미정","전공선택","7460716","디자인경영과캡스톤디자인","서영지",3,"화(09:00-10:30),화(10:30-12:00)","생활과학관실내건축디자인학과실습실2","",,,
6229,"미정","전공선택","7460717","전문학술영어","Connie Park",3,"월(14:30-16:00),목(13:00-14:30)","생활과학관605강의실","",,,
6230,"미정","전공선택","7460718","전문학술영어","Joshua Huewe",3,"월(14:30-16:00),목(13:00-14:30)","인문관112강의실","",,,
6231,"미정","전공선택","7460719","전문학술영어","Sung Il Park",3,"월(14:30-16:00),목(13:00-14:30)","인문관121강의실","",,,
6232,"미정","전공선택","7460720","공간디자인스튜디오2","임재광",3,"금(09:00-11:00),금(11:00-13:00)","생활과학관기초디자인실습실","",,,
6233,"미정","전공선택","7460721","문화기술인간","홍유진",2,"월(13:00-15:00)","생활과학관B34-B103","",,,
6234,"미정","전공선택","7460722","생화학2","Hyunsook Kim",3,"화(10:30-12:00),목(10:30-12:00)","생활과학관702강의실","",,,
6235,"미정","전공선택","7460723","발효식품학","이광연",3,"월(09:00-10:30),월(10:30-12:00)","생활과학관206강의실","",,,
6236,"미정","전공선택","7460724","식품화학","신원선",3,"화(15:00-16:30),화(16:30-18:00)","생활과학관605강의실","",,,
6237,"미정","전공선택","7460725","영양판정","이석화",3,"월(09:00-10:30),월(10:30-12:00)","생활과학관605강의실","",,,
6238,"미정","전공선택","7460726","커리어개발Ⅱ:취.창업진로포트폴리오","엄애선",1,"화(13:00-14:00)","생활과학관식품안전학실습실","",,,
6239,"미정","전공선택","7460727","AI시대쓰기의힘","노희호",2,"화(13:00-15:00)","생활과학관702강의실","",,,
6240,"미정","전공선택","7460728","설비및법규","김은영",3,"화(16:00-17:30),화(17:30-19:00)","생활과학관B34-B101","",,,
6241,"미정","전공선택","7460729","디지털패션콘텐츠개발","김세진",3,"수(13:00-15:00),수(15:00-17:00)","생활과학관컴퓨터실","",,,
6242,"미정","전공선택","7460730","패션디자인드로잉","이경아",3,"금(09:00-11:00),금(11:00-13:00)","생활과학관디자인실습실","",,,
6243,"미정","전공선택","7460731","영양생리학","고광웅",3,"월(10:30-12:00),화(10:30-12:00)","생활과학관B34-B103","",,,
6244,"미정","전공선택","7460732","드로잉과AI시각화","이세영",3,"목(09:00-11:00),목(11:00-13:00)","생활과학관컴퓨터실","",,,
6245,"미정","전공선택","7460733","패턴메이킹","설경희",3,"수(09:00-11:00),수(11:00-13:00)","생활과학관CAD실습실","",,,
6246,"미정","전공선택","7460734","공간디자인스튜디오2","현경훈",3,"수(13:00-15:00),수(15:00-17:00)","생활과학관기초디자인실습실","",,,
6247,"미정","전공선택","7460735","기초조형2","이창엽",3,"월(09:00-11:00),월(11:00-13:00)","생활과학관실내건축디자인학과실습실2","",,,
6248,"미정","전공선택","7460736","공간기초스튜디오","하지연",3,"금(13:00-15:00),금(15:00-17:00)","생활과학관실내건축디자인학과실습실2","",,,
6249,"미정","전공선택","7460737","공간디자인스튜디오2","현경훈",3,"수(09:00-11:00),수(11:00-13:00)","생활과학관기초디자인실습실","",,,
6250,"미정","전공선택","7460738","디지털패션콘텐츠개발","정차홍",3,"월(13:00-15:00),월(15:00-17:00)","생활과학관CAD실습실","",,,
6251,"미정","전공선택","7460739","커리어개발Ⅱ:취.창업진로포트폴리오","Hyunsook Kim",1,"화(13:00-14:00)","생활과학관HECOHALL강의실","",,,
6252,"미정","전공선택","7460740","실내건축스튜디오2","이창엽",3,"월(15:00-17:00),월(17:00-19:00)","생활과학관실내건축디자인학과실습실2","",,,
6253,"미정","전공선택","7460741","커리어개발Ⅱ:취.창업진로포트폴리오","고광웅",1,"화(13:00-14:00)","생활과학관B34-B103","",,,
6254,"미정","전공선택","7460742","공간기초스튜디오","구희정",3,"금(13:00-15:00),금(15:00-17:00)","생활과학관실내건축디자인학과실습실1","",,,
6255,"미정","전공선택","7460743","기초조형2","한수정",3,"수(09:00-11:00),수(11:00-13:00)","생활과학관실내건축디자인학과실습실2","",,,
6256,"미정","전공선택","7460744","커리어개발Ⅱ:취.창업진로포트폴리오","배세연",1,"화(13:00-14:00)","생활과학관실내건축디자인학과실습실2","",,,
6257,"미정","전공선택","7460745","커리어개발Ⅱ:취.창업진로포트폴리오","박용순",1,"화(13:00-14:00)","생활과학관의류학과대학원세미나실","",,,
6258,"미정","전공선택","7460746","커리어개발Ⅱ:취.창업진로포트폴리오","최경아",1,"화(13:00-14:00)","생활과학관실내건축디자인학과대학원실습실","",,,
6259,"미정","전공선택","7460747","전문학술영어","John Finucane",3,"월(14:30-16:00),목(13:00-14:30)","인문관111강의실","",,,
6260,"미정","전공선택","7460748","통합사고와읽기의기술","전철희",2,"금(13:00-15:00)","생활과학관605강의실","",,,
6261,"미정","전공선택","7460749","통합사고와읽기의기술","정치훈",2,"금(13:00-15:00)","생활과학관B34-B101","",,,
6262,"미정","전공선택","7460750","기초의복구성","황지연",3,"화(09:00-11:00),화(11:00-13:00)","생활과학관의복구성실","",,,
6263,"미정","전공선택","7460751","공간기초스튜디오","이재준",3,"목(13:00-15:00),목(15:00-17:00)","생활과학관실내건축디자인학과실습실2","",,,
6264,"미정","전공선택","7460752","커리어개발Ⅱ:취.창업진로포트폴리오","김석훈",1,"화(13:00-14:00)","생활과학관실내건축디자인학과실습실1","",,,
6265,"미정","전공선택","7460753","고급영양학실험","고광웅",2,"금(13:00-17:00)","생활과학관고급영양학실험실","",,,
6266,"미정","전공선택","7460754","디지털디자인과BIM","한수정",3,"금(09:00-11:00),금(11:00-13:00)","생활과학관실내건축디자인학과컴퓨터실습실","",,,
6267,"미정","전공선택","7460755","피지컬컴퓨팅개론","이정섭",3,"금(13:00-14:30),금(14:30-16:00)","생활과학관컴퓨터실","",,,
6268,"미정","전공선택","7460756","디자인데이터분석","최한조",3,"수(09:00-10:30),수(10:30-12:00)","생활과학관컴퓨터실","",,,
6269,"미정","전공선택","7460757","AI시대쓰기의힘","오혜정",2,"화(13:00-15:00)","생활과학관206강의실","",,,
6270,"미정","전공선택","7460758","실내계획론","어성신",3,"화(09:00-10:30),화(10:30-12:00)","생활과학관605강의실","",,,
6271,"미정","전공선택","7460759","실험조리","채선희",2,"수(13:00-17:00)","생활과학관HECOHALL강의실,생활과학관조리실습실","",,,
6272,"미정","전공선택","7460760","염색가공과신소재","이유진",3,"화(13:00-14:30),화(14:30-16:00)","생활과학관패션정보실습실(301)","",,,
6273,"미정","전공선택","7460761","통합사고와읽기의기술","주효주",2,"금(13:00-15:00)","생활과학관206강의실","",,,
6274,"미정","전공선택","7460762","졸업작품캡스톤디자인2","장순각",3,"월(15:00-17:00),월(17:00-19:00)","생활과학관실내건축디자인학과실습실1","",,,
6275,"미정","전공선택","7460763","패션리테일어낼리틱스","신동윤",3,"수(17:00-18:30),수(18:30-20:00)","생활과학관컴퓨터실","",,,
6276,"미정","전공선택","7460764","글로벌패션산업","백은수",3,"목(09:00-10:30),목(10:30-12:00)","생활과학관605강의실","",,,
6277,"미정","전공선택","7460765","의류캡스톤PBL(패션테크놀로지의이해)","정면걸",3,"금(13:00-15:00),금(15:00-17:00)","생활과학관디자인실습실","",,,
6278,"미정","전공선택","7460766","영양소대사","고광웅",3,"월(15:00-16:30),월(16:30-18:00)","생활과학관컴퓨터실","",,,
6279,"미정","전공선택","7460767","실내건축스튜디오2","김석훈",3,"목(09:00-11:00),목(11:00-13:00)","생활과학관실내건축디자인학과실습실1","",,,
6280,"미정","전공선택","7460768","디자인리서치방법론","전현선",3,"수(15:00-16:30),수(16:30-18:00)","생활과학관605강의실","",,,
6281,"미정","전공선택","7460769","전문학술영어","Mark A. Rublik",3,"월(14:30-16:00),목(13:00-14:30)","생활과학관702강의실","",,,
6282,"미정","전공선택","7460770","문화기술인간","전혜리",2,"수(13:00-15:00)","생활과학관605강의실","",,,
6283,"미정","전공선택","7460771","패션디자인상품기획","이지연",3,"목(13:00-15:00),목(15:00-17:00)","생활과학관CAD실습실","",,,
6284,"미정","전공선택","7460772","기능성식품과제품개발","임지영",3,"화(15:00-16:30),화(16:30-18:00)","생활과학관206강의실","",,,
6285,"미정","전공선택","7460773","졸업작품캡스톤디자인2","배세연",3,"월(11:00-13:00),월(13:00-15:00)","생활과학관기초디자인실습실","",,,
6286,"미정","전공선택","7460774","실무다큐멘테이션","이기정",3,"목(15:00-17:00),목(17:00-19:00)","생활과학관실내건축디자인학과대학원실습실","",,,
6287,"미정","전공선택","7460775","전문학술영어","Nathan John Lucas",3,"월(14:30-16:00),목(13:00-14:30)","생활과학관206강의실","",,,
6288,"미정","전공선택","7460776","식품미생물학","Hyunsook Kim",3,"월(13:00-14:30),목(14:30-16:00)","생활과학관702강의실,생활과학관B34-B103","",,,
6289,"미정","전공선택","7460777","패션디자인스튜디오1","황지연",3,"수(09:00-11:00),수(11:00-13:00)","생활과학관패션정보실습실(301)","",,,
6290,"미정","전공선택","7460778","드로잉과AI시각화","이세영",3,"목(13:00-15:00),목(15:00-17:00)","생활과학관실내건축디자인학과실습실1","",,,
6291,"미정","전공선택","7460779","실내건축스튜디오2","김석훈",3,"목(13:00-15:00),목(15:00-17:00)","생활과학관기초디자인실습실","",,,
6292,"미정","전공선택","7460780","지능형텍스타일소재","배지현",3,"화(09:00-10:30),화(10:30-12:00)","생활과학관패션정보실습실(301)","",,,
6293,"미정","전공선택","7460781","의류제품분석및평가","이유진",3,"금(13:00-15:00),금(15:00-17:00)","생활과학관의복재료실험실","",,,
6294,"미정","전공선택","7460782","의류학과연구실현장실습4","이규혜",1,"시간미지정강좌","비지정()","",,,
6295,"미정","전공선택","7460783","기초의복구성","김수지",3,"월(09:00-11:00),월(11:00-13:00)","생활과학관의복구성실","",,,
6296,"미정","전공선택","7460784","실험조리","채선희",2,"화(13:00-17:00)","생활과학관605강의실,생활과학관조리실습실","",,,
6297,"미정","전공선택","7460785","전문학술영어","Stacey Eujung Choi",3,"월(14:30-16:00),목(13:00-14:30)","제2공학관307강의실","",,,
6298,"미정","전공선택","7460786","건축3D모델링2","이창엽",3,"화(09:00-11:00),화(11:00-13:00)","생활과학관컴퓨터실","",,,
6299,"미정","전공선택","7460787","근거기반디자인","최경아",3,"수(13:00-15:00),수(15:00-17:00)","생활과학관실내건축디자인학과대학원실습실","",,,
6300,"미정","전공선택","7460788","현대실내건축사","손여림",3,"목(09:00-10:30),목(10:30-12:00)","생활과학관B34-B101","",,,
6301,"미정","전공선택","7460789","통합사고와읽기의기술","조소명",2,"금(13:00-15:00)","생활과학관702강의실","",,,
6302,"미정","전공선택","7460790","패션비지니스","이규혜",3,"화(15:00-16:30),화(16:30-18:00)","생활과학관HECOHALL강의실","",,,
6303,"미정","전공선택","7460791","패턴메이킹","설경희",3,"수(13:00-15:00),수(15:00-17:00)","생활과학관CAD실습실","",,,
6304,"미정","전공선택","7460792","문화기술인간","권무순",2,"수(13:00-15:00)","생활과학관B34-B101","",,,
6305,"미정","전공선택","7460793","미시경제2:시장구조와후생","김영산",3,"수(13:00-14:30),금(13:00-14:30)","경제금융관305강의실","",,,
6306,"미정","전공선택","7460794","커리어개발Ⅱ:취.창업진로포트폴리오","한효진",1,"화(16:00-17:00)","경제금융관112강의실","",,,
6307,"미정","전공선택","7460795","의료서비스시장과정부","이은주",3,"화(14:30-16:00),목(14:30-16:00)","경제금융관210강의실","",,,
6308,"미정","전공선택","7460796","세계경제와중국","Shen yang",3,"화(14:30-16:00),목(14:30-16:00)","경제금융관501강의실","",,,
6309,"미정","전공선택","7460797","경제금융HY-UROP(실용연구심화)","민병규",3,"시간미지정강좌","비지정()","",,,
6310,"미정","전공선택","7460798","창의적컴퓨팅","지정은",3,"시간미지정강좌,화(13:00-15:00)",",제2공학관최병부SW실습실(303)","",,,
6311,"미정","전공선택","7460799","체제이행경제론","장형수",3,"월(16:00-17:30),수(16:00-17:30)","경제금융관210강의실","",,,
6312,"미정","전공선택","7460800","미시경제이슈및응용","김광호",3,"월(13:00-14:30),수(13:00-14:30)","경제금융관210강의실","",,,
6313,"미정","전공선택","7460801","경제통계분석","김준원",3,"금(16:00-17:30),금(17:30-19:00)","경제금융관210강의실","",,,
6314,"미정","전공선택","7460802","경제통계분석","노승화",3,"월(16:00-17:30),수(16:00-17:30)","경제금융관307강의실","",,,
6315,"미정","전공선택","7460803","화폐금융","조대하",3,"금(13:00-14:30),금(14:30-16:00)","경제금융관501강의실","",,,
6316,"미정","전공선택","7460804","재무금융시계열예측","한효진",3,"화(10:30-12:00),목(10:30-12:00)","경제금융관305강의실","",,,
6317,"미정","전공선택","7460805","커리어개발Ⅱ:취.창업진로포트폴리오","하정엽",1,"화(16:00-17:00)","경제금융관307강의실","",,,
6318,"미정","전공선택","7460806","응용미시경제학실증분석","최자원",3,"월(14:30-16:00),수(14:30-16:00)","경제금융관304강의실","",,,
6319,"미정","전공선택","7460807","채권론","유진",3,"금(12:00-13:30),금(13:30-15:00)","경제금융관307강의실","",,,
6320,"미정","전공선택","7460808","AI시대쓰기의힘","임지훈",2,"수(13:00-15:00)","경제금융관307강의실","",,,
6321,"미정","전공선택","7460809","미시경제1:소비자와기업","하정엽",3,"화(10:30-12:00),목(10:30-12:00)","경제금융관B203강의실","",,,
6322,"미정","전공선택","7460810","거시경제2:경기변동과경제성장","유혜미",3,"화(09:00-10:30),목(09:00-10:30)","경제금융관210강의실","",,,
6323,"미정","전공선택","7460811","화폐금융","남덕우",3,"월(10:30-12:00),수(10:30-12:00)","경제금융관501강의실","",,,
6324,"미정","전공선택","7460812","거시경제2:경기변동과경제성장","황선주",3,"화(13:00-14:30),목(13:00-14:30)","경제금융관307강의실","",,,
6325,"미정","전공선택","7460813","AI시대쓰기의힘","노희호",2,"화(09:00-11:00)","경제금융관307강의실","",,,
6326,"미정","전공선택","7460814","커리어개발Ⅱ:취.창업진로포트폴리오","민병규",1,"화(16:00-17:00)","경제금융관101강의실","",,,
6327,"미정","전공선택","7460815","AI시대쓰기의힘","박주혜",2,"화(09:00-11:00)","경제금융관502강의실","",,,
6328,"미정","전공선택","7460816","창의적컴퓨팅","조인순",3,"시간미지정강좌,목(13:00-15:00)",",제2공학관최병부SW실습실(303)","",,,
6329,"미정","전공선택","7460817","재무금융IT","한효진",3,"화(13:00-14:30),목(13:00-14:30)","경제금융관102강의실","",,,
6330,"미정","전공선택","7460818","계산금융의기초","이정환",3,"화(13:00-14:30),목(13:00-14:30)","경제금융관502강의실","",,,
6331,"미정","전공선택","7460819","재무회계의기초","박춘원",3,"월(10:30-12:00),수(10:30-12:00)","경제금융관307강의실","",,,
6332,"미정","전공선택","7460820","재무경제","이정환",3,"화(14:30-16:00),목(14:30-16:00)","경제금융관305강의실","",,,
6333,"미정","전공선택","7460821","커리어개발Ⅱ:취.창업진로포트폴리오","이정환",1,"화(16:00-17:00)","경제금융관202강의실","",,,
6334,"미정","전공선택","7460822","재무회계의기초","박춘원",3,"월(09:00-10:30),수(09:00-10:30)","경제금융관307강의실","",,,
6335,"미정","전공선택","7460823","경제금융기초(중국어강의)","박춘원",3,"목(09:00-10:30),목(10:30-12:00)","경제금융관307강의실","",,,
6336,"미정","전공선택","7460824","미시경제2:시장구조와후생","이준태",3,"월(13:00-14:30),월(14:30-16:00)","경제금융관B203강의실","",,,
6337,"미정","전공선택","7460825","커리어개발Ⅱ:취.창업진로포트폴리오","Shen yang",1,"화(16:00-17:00)","경제금융관201강의실","",,,
6338,"미정","전공선택","7460826","사회보장과노동정책","박철성",3,"월(13:00-14:30),수(13:00-14:30)","경제금융관112강의실","",,,
6339,"미정","전공선택","7460827","커리어개발Ⅱ:취.창업진로포트폴리오","김영산",1,"화(16:00-17:00)","경제금육관104호세미나실","",,,
6340,"미정","전공선택","7460828","창의적컴퓨팅","박주열",3,"시간미지정강좌,화(13:00-15:00)",",제2공학관SW융합실습실(507)","",,,
6341,"미정","전공선택","7460829","AI시대쓰기의힘","육영주",2,"수(13:00-15:00)","경제금융관501강의실","",,,
6342,"미정","전공선택","7460830","커리어개발Ⅱ:취.창업진로포트폴리오","노승화",1,"화(16:00-17:00)","경제금융관102강의실","",,,
6343,"미정","전공선택","7460831","커리어개발Ⅱ:취.창업진로포트폴리오","최자원",1,"화(16:00-17:00)","경제금융관305강의실","",,,
6344,"미정","전공선택","7460832","AI시대쓰기의힘","문혜연",2,"화(09:00-11:00)","경제금융관501강의실","",,,
6345,"미정","전공선택","7460833","국제무역과통상정책","Shen yang",3,"화(10:30-12:00),목(10:30-12:00)","경제금융관101강의실","",,,
6346,"미정","전공선택","7460834","산업조직과공정거래","김영산",3,"수(10:30-12:00),금(10:30-12:00)","경제금융관305강의실","",,,
6347,"미정","전공선택","7460835","재무경제","민병규",3,"월(13:00-14:30),수(13:00-14:30)","경제금융관101강의실","",,,
6348,"미정","전공선택","7460836","경제제도의역사적분석","하정엽",3,"화(13:00-14:30),목(13:00-14:30)","경제금융관305강의실","",,,
6349,"미정","전공선택","7460837","재무경제","민병규",3,"월(16:00-17:30),수(16:00-17:30)","경제금융관101강의실","",,,
6350,"미정","전공선택","7460838","화폐금융","유혜미",3,"화(10:30-12:00),목(10:30-12:00)","경제금융관210강의실","",,,
6351,"미정","전공선택","7460839","경제통계분석","김명직",3,"금(09:00-10:30),금(10:30-12:00)","경제금융관304강의실","",,,
6352,"미정","전공선택","7460840","거시경제1:국민소득과물가","남덕우",3,"월(14:30-16:00),수(14:30-16:00)","경제금융관305강의실","",,,
6353,"미정","전공선택","7460841","미시경제2:시장구조와후생","김광호",3,"월(09:00-10:30),수(09:00-10:30)","경제금융관112강의실","",,,
6354,"미정","전공선택","7460842","커리어개발Ⅱ:취.창업진로포트폴리오","조대하",1,"화(16:00-17:00)","경제금융관210강의실","",,,
6355,"미정","전공선택","7460844","선물과옵션","유진",3,"금(15:00-16:30),금(16:30-18:00)","경제금융관307강의실","",,,
6356,"미정","전공선택","7460845","창의적컴퓨팅","신수연",3,"시간미지정강좌,화(13:00-15:00)",",제2공학관401강의실","",,,
6357,"미정","전공선택","7460846","거시경제2:경기변동과경제성장","윤영진",3,"월(09:00-10:30),수(09:00-10:30)","경제금융관210강의실","",,,
6358,"미정","전공선택","7460849","생각과논리","김순자",3,"목(13:00-14:30),목(14:30-16:00)","인문관318강의실","",,,
6359,"미정","전공선택","7460854","한국드라마와화용론","김순자",3,"월(13:00-14:30),월(14:30-16:00)","인문관116강의실","",,,
6360,"미정","전공선택","7460855","텍스트마이닝","김동성",3,"목(13:00-14:30),목(14:30-16:00)","자연과학관IC-PBL전산강의실(222)","",,,
6361,"미정","전공선택","7460857","사회적금융과미래혁신","전영수",3,"월(09:00-10:30),월(10:30-12:00)","대학원.토건관251강의실","",,,
6362,"미정","전공선택","7460858","사회혁신공감실습","서현선",3,"목(16:00-17:00),목(17:00-19:00)","경영관405강의실","",,,
6363,"미정","전공선택","7460859","Understanding K-Pop Industry","Jason Russell Bechervaise",3,"수(13:00-14:30),수(14:30-16:00)","한양종합기술연구원438-1호","",,,
6364,"미정","전공선택","7460862","임팩트측정및커뮤니케이션","이호영",3,"금(16:00-17:00),금(17:00-19:00)","경영관304강의실","",,,
6365,"미정","전공선택","7460865","비즈니스리서치와분석","이선영",3,"월(13:00-14:30),월(14:30-16:00)","대학원.토건관313강의실","",,,
6366,"미정","전공선택","7460867","한국어의사소통","장민정",3,"목(09:00-10:30),목(10:30-12:00)","인문관B104강의실","",,,
6367,"미정","전공선택","7460868","사회혁신과임팩트비즈니스","김민석",3,"목(16:00-18:00),목(18:00-19:00)","경영관B110강의실","",,,
6368,"미정","전공선택","7460870","소비자행동과콘텐츠제작","이지영",3,"목(10:00-11:30),목(11:30-13:00)","대학원.토건관313강의실","",,,
6369,"미정","전공선택","7460871","Business and Environmental Ethics","John M. McGuire",3,"월(13:00-14:30),월(14:30-16:00)","한양종합기술연구원438-1호","",,,
6370,"미정","전공선택","7460872","한국문화와한류","윤성원",3,"화(13:00-14:30),화(14:30-16:00)","대학원.토건관313강의실","",,,
6371,"미정","전공선택","7460874","한국문화와한류","윤성원",3,"수(13:00-14:30),수(14:30-16:00)","대학원.토건관313강의실","",,,
6372,"미정","전공선택","7460875","무역중국어","오창학",3,"월(16:00-17:30),월(17:30-19:00)","대학원.토건관202강의실","",,,
6373,"미정","전공선택","7460876","중국기업의이해","민귀식",3,"화(09:00-10:30),화(10:30-12:00)","대학원.토건관252강의실","",,,
6374,"미정","전공선택","7460878","거시경제학입문","노동운",3,"월(14:30-16:00),수(14:30-16:00)","대학원.토건관251강의실","",,,
6375,"미정","전공선택","7460879","디지털정책트렌드","김대중",3,"목(13:00-14:30),목(14:30-16:00)","제2공학관정석현PC1","",,,
6376,"미정","전공선택","7460880","중국산업론","장보영",3,"목(16:00-17:30),목(17:30-19:00)","대학원.토건관250강의실","",,,
6377,"미정","전공선택","7460882","국제무역과통상정책","송원진",3,"금(13:00-14:30),금(14:30-16:00)","대학원.토건관250강의실","",,,
6378,"미정","전공선택","7460889","SDGs와인권","김윤정",3,"목(13:00-15:00),목(15:00-16:00)","경영관405강의실","",,,
6379,"미정","전공선택","7460890","R과자료시각화","정재홍",3,"월(09:00-11:00),월(11:00-12:00)","자연과학관IC-PBL전산강의실(222)","",,,
6380,"미정","전공선택","7460891","Contemporary Korean Studies","David Tizzard",3,"금(09:00-10:30),금(10:30-12:00)","대학원.토건관313강의실","",,,
6381,"미정","전공선택","7460892","미시경제원론","이선영",3,"시간미지정강좌,시간미지정강좌",,"",,,
6382,"미정","전공선택","7460893","Modern Stress and You","Nathan John Lucas",2,"화(10:00-12:00)","한양종합기술연구원438-1호","",,,
6383,"미정","전공선택","7460894","시장경제의이해","소근주",3,"목(16:00-17:30),목(17:30-19:00)","인문관318강의실","",,,
6384,"미정","전공선택","7460895","과학기술의철학적이해","박민아",3,"목(13:30-15:00)",",한양종합기술연구원438-1호","",,,
6385,"미정","전공선택","7460896","직업과인력관리","이상민",3,"시간미지정강좌,시간미지정강좌","비지정()","",,,
6386,"미정","전공선택","7460897","미분적분학1","정민구",3,"월(09:00-10:30),수(09:00-10:30)","자연과학관102강의실","",,,
6387,"미정","전공선택","7460898","Platform Revolution and Culture Industry","Jason Russell Bechervaise",3,"목(14:00-15:30),목(15:30-17:00)","대학원.토건관313강의실","",,,
6388,"미정","전공선택","7460899","Media Communication in Korea","Jason Russell Bechervaise",3,"목(09:00-10:30),목(10:30-12:00)","한양종합기술연구원438-1호","",,,
6389,"미정","전공선택","7460905","일반화학및실험","이경림",3,"목(15:00-17:00),목(17:00-19:00)","자연과학관203강의실,자연과학관일반화학실험실3(121)","",,,
6390,"미정","전공선택","7460906","한국경제론","이선영",3,"수(13:00-14:30),수(14:30-16:00)","한양종합기술연구원438-2호","",,,
6391,"미정","전공선택","7460907","중국사회현안세미나","최원선",3,"수(16:00-17:30),수(17:30-19:00)","대학원.토건관252강의실","",,,
6392,"미정","전공선택","7460908","Contemporary Korean Studies","David Tizzard",3,"월(09:00-10:30),월(10:30-12:00)","한양종합기술연구원438-1호","",,,
6393,"미정","전공선택","7460909","Korean for Beginners","김상환",3,"시간미지정강좌,시간미지정강좌",,"",,,
6394,"미정","전공선택","7460910","과학기술혁명","박민아",3,"시간미지정강좌,시간미지정강좌",,"",,,
6395,"미정","전공선택","7460912","컴퓨터네트워크","원영준",3,"화(09:00-10:30),화(10:30-12:00)","IT.BT관201강의실","",,,
6396,"미정","전공선택","7460913","기초비즈니스통계","이선영",3,"월(09:00-10:30),월(10:30-12:00)","대학원.토건관313강의실","",,,
6397,"미정","전공선택","7460917","로컬리즘과사회혁신","박창용",3,"금(16:00-18:00),금(18:00-19:00)","대학원.토건관252강의실","",,,
6398,"미정","전공선택","7460918","테크포임팩트프랙티컴","유재연",3,"월(18:00-20:00),월(20:00-21:00)","경영관405강의실","",,,
6399,"미정","전공선택","7460919","ESG프랙티컴","이태호",3,"수(15:00-17:00),수(17:00-18:00)","사회과학관253강의실","",,,
6400,"미정","전공선택","7460920","정보시각화","박남훈",3,"수(13:00-14:30),수(14:30-16:00)","제2공학관정석현PC1","",,,
6401,"미정","전공선택","7460921","비즈니스행동경제학","이선영",3,"수(09:00-10:30),수(10:30-12:00)","한양종합기술연구원438-1호","",,,
6402,"미정","전공선택","7460922","응용회귀분석","차경준",3,"월(13:00-14:30),월(14:30-16:00)","자연과학관751강의실","",,,
6403,"미정","전공선택","7460923","중국전통인재론과리더십","민귀식",3,"화(13:00-14:30),화(14:30-16:00)","대학원.토건관252강의실","",,,
6404,"미정","전공선택","7460924","중국외교정책론","허재철",3,"금(16:00-17:30),금(17:30-19:00)","대학원.토건관250강의실","",,,
6405,"미정","전공선택","7460925","중국문화콘텐츠의이해","이현민",3,"화(16:00-17:30),화(17:30-19:00)","대학원.토건관250강의실","",,,
6406,"미정","전공선택","7460928","한국어프레젠테이션","엄태경",3,"수(13:00-14:30),수(14:30-16:00)","인문관B104강의실","",,,
6407,"미정","전공선택","7460929","에너지기후변화정책연구","박수황",3,"금(16:00-17:30),금(17:30-19:00)","제2공학관502강의실","",,,
6408,"미정","전공선택","7460930","현대중국사회의이해","최원선",3,"화(13:00-14:30),화(14:30-16:00)","대학원.토건관250강의실","",,,
6409,"미정","전공선택","7460934","한류와한국대중문화","김민혁",3,"화(13:00-15:00),화(15:00-16:00)","인문관B104강의실","",,,
6410,"미정","전공선택","7460935","글로컬국제경영","임형록",3,"시간미지정강좌,시간미지정강좌","비지정()","",,,
6411,"미정","전공선택","7460936","Aesthetic Awareness in the Modern World","Gary Joseph Turnham",2,"화(14:00-16:00)","한양종합기술연구원438-1호","",,,
6412,"미정","전공선택","7460937","디지털마케팅","홍수지",3,"금(13:00-14:30),금(14:30-16:00)","한양종합기술연구원438-1호","",,,
6413,"미정","전공선택","7460938","현대사회와마케팅","이선영",3,"시간미지정강좌,시간미지정강좌",,"",,,
6414,"미정","전공선택","7460939","Cultural Industry and Data Analysis","Jason Russell Bechervaise",3,"금(09:00-10:30),금(10:30-12:00)","한양종합기술연구원438-1호","",,,
6415,"미정","전공선택","7460941","From Oldboy to Squid Game: Navigating the Korean Cultural Wave","Jason Russell Bechervaise",3,"시간미지정강좌,시간미지정강좌",,"",,,
6416,"미정","전공선택","7460942","Global Entrepreneurship_Launch your startup","배태준",3,"시간미지정강좌,시간미지정강좌",,"",,,
6417,"미정","전공선택","7460943","사회연결망분석과텍스트마이닝","김동성",3,"목(09:00-11:00),목(11:00-12:00)","자연과학관IC-PBL전산강의실(222)","",,,
6418,"미정","전공선택","7460945","Age-tech와AI혁신","장진호",3,"금(13:00-15:00),금(15:00-16:00)","대학원.토건관202강의실","",,,
6419,"미정","전공선택","7460947","행정법학2","이호용",3,"월(10:30-12:00)","제3법학관403호,비지정()","",,,
6420,"미정","전공선택","7460948","형법학1","이상훈",3,"금(09:00-10:30),금(10:30-12:00)","제3법학관203호","",,,
6421,"미정","전공선택","7460949","인공지능과기계학습","성기혁",2,"시간미지정강좌",,"",,,
6422,"미정","전공선택","7460950","경제원론","정석균",3,"화(13:00-14:30),수(13:00-14:30)","융합교육관강의실(705-202)","",,,
6423,"미정","전공선택","7460951","인공지능과기계학습","성기혁",2,"시간미지정강좌",,"",,,
6424,"미정","전공선택","7460952","인공지능과기계학습","성기혁",2,"시간미지정강좌",,"",,,
6425,"미정","전공선택","7460953","창의적프로그래밍","장병철",2,"월(09:00-10:00),월(10:00-11:00)","제2공학관최병부SW실습실(303)","",,,
6426,"미정","전공선택","7460954","행정계량분석","오성수",3,"금(09:00-10:00),금(10:00-12:00)","제3법학관101호","",,,
6427,"미정","전공선택","7460955","헌법과기본권","정광현",3,"수(14:30-16:00),목(14:30-16:00)","제3법학관203호","",,,
6428,"미정","전공선택","7460956","창의행정캡스톤디자인","오성수",3,"월(13:00-14:30),월(14:30-16:00)","융합교육관강의실(705-301)","",,,
6429,"미정","전공선택","7460958","창의적프로그래밍","조문기",2,"목(09:00-10:00),목(10:00-11:00)","제2공학관최병부SW실습실(303)","",,,
6430,"미정","전공선택","7460959","창의적프로그래밍","조문기",2,"목(15:00-16:00),목(16:00-17:00)","제2공학관최병부SW실습실(303)","",,,
6431,"미정","전공선택","7460960","헌법과기본권","김선화",3,"화(16:00-17:30),화(17:30-19:00)","제3법학관103호","",,,
6432,"미정","전공선택","7460961","경제원론","강성훈",3,"월(13:00-14:30),월(14:30-16:00)","융합교육관강의실(705-203)","",,,
6433,"미정","전공선택","7460963","정책연구캡스톤PBL(인식적합리성연구)","정재민",3,"목(14:30-16:00),금(14:30-15:00),금(15:00-16:00)","융합교육관강의실(705-308)","",,,
6434,"미정","전공선택","7460964","정책연구캡스톤PBL(정책문제진단과대안제시)","이석환",3,"화(09:00-11:00),수(16:00-17:00)","융합교육관강의실(705-301)","",,,
6435,"미정","전공선택","7460965","커리어개발Ⅱ:취.창업진로포트폴리오","최돈위",1,"금(11:00-12:00)","융합교육관강의실(705-104)","",,,
6436,"미정","전공선택","7460966","커리어개발Ⅱ:취.창업진로포트폴리오","백명호",1,"화(16:00-17:00)","융합교육관강의실(705-308)","",,,
6437,"미정","전공선택","7460967","현대정치학이론","오현진",3,"금(13:00-14:30),금(14:30-16:00)","융합교육관강의실(705-301)","",,,
6438,"미정","전공선택","7460968","정치경제론","길정아",3,"월(13:00-14:30),수(13:00-14:30)","융합교육관강의실(705-308)","",,,
6439,"미정","전공선택","7460969","미시경제학2","백명호",3,"화(13:00-14:30)","융합교육관강의실(705-203),비지정()","",,,
6440,"미정","전공선택","7460970","헌법과기본권","정란",3,"목(09:00-10:30),목(10:30-12:00)","제3법학관103호","",,,
6441,"미정","전공선택","7460971","정책학개론","이석환",3,"수(10:30-12:00),목(10:30-12:00)","융합교육관강의실(705-203)","",,,
6442,"미정","전공선택","7460972","민사법1","이도국",3,"수(16:00-17:30)","융합교육관강의실(705-B107),비지정()","",,,
6443,"미정","전공선택","7460973","인공지능과기계학습","성기혁",2,"시간미지정강좌",,"",,,
6444,"미정","전공선택","7460974","전문학술영어","Joshua Huewe",3,"월(16:00-17:30),목(14:30-16:00)","사회과학관252강의실","",,,
6445,"미정","전공선택","7460975","재정학","강성훈",3,"월(10:30-12:00),화(10:30-12:00)","융합교육관강의실(705-309)","",,,
6446,"미정","전공선택","7460976","커리어개발Ⅱ:취.창업진로포트폴리오","이석환",1,"화(14:30-15:30)","융합교육관강의실(705-104)","",,,
6447,"미정","전공선택","7460977","커리어개발Ⅱ:취.창업진로포트폴리오","오현진",1,"월(16:00-17:00)","융합교육관강의실(705-309)","",,,
6448,"미정","전공선택","7460978","커리어개발Ⅱ:취.창업진로포트폴리오","강성훈",1,"화(13:00-14:00)","융합교육관강의실(705-309)","",,,
6449,"미정","전공선택","7460979","현대사회의윤리적쟁점들","정재민",3,"목(13:00-14:30),금(13:00-14:30)","융합교육관강의실(705-202)","",,,
6450,"미정","전공선택","7460980","형사소송론","김준호",3,"금(16:00-17:30),금(17:30-19:00)","제3법학관103호","",,,
6451,"미정","전공선택","7460981","인공지능과기계학습","성기혁",2,"시간미지정강좌",,"",,,
6452,"미정","전공선택","7460982","정책실험론","이건",3,"월(13:00-14:00),월(14:00-16:00)","융합교육관강의실(705-104)","",,,
6453,"미정","전공선택","7460983","정책분석평가론","오민지",3,"수(09:00-10:30),수(10:30-12:00)","융합교육관강의실(705-202)","",,,
6454,"미정","전공선택","7460984","행정학의핵심주제","김석은",3,"화(16:00-17:30),목(16:00-17:30)","융합교육관강의실(705-203)","",,,
6455,"미정","전공선택","7460985","재무행정론","강혜원",3,"수(09:00-10:30),목(09:00-10:30)","융합교육관강의실(705-B107)","",,,
6456,"미정","전공선택","7460986","경제원론","노동운",3,"월(10:30-12:00),수(10:30-12:00)","제3법학관203호","",,,
6457,"미정","전공선택","7460987","창의적프로그래밍","박주열",2,"화(09:00-10:00),화(10:00-11:00)","제2공학관최병부SW실습실(303)","",,,
6458,"미정","전공선택","7460988","창의적프로그래밍","신수연",2,"월(15:00-16:00),월(16:00-17:00)","제2공학관최병부SW실습실(303)","",,,
6459,"미정","전공선택","7460989","창의적프로그래밍","지정은",2,"화(09:00-10:00),화(10:00-11:00)","제2공학관401강의실","",,,
6460,"미정","전공선택","7460990","통합사고와읽기의기술","정애진",2,"수(09:00-11:00)","사회과학관153강의실","",,,
6461,"미정","전공선택","7460991","헌법과공공정책","정란",3,"목(13:00-14:30),목(14:30-16:00)","융합교육관강의실(705-309)","",,,
6462,"미정","전공선택","7460992","창의적프로그래밍","조인순",2,"월(11:00-12:00),월(12:00-13:00)","제2공학관최병부SW실습실(303)","",,,
6463,"미정","전공선택","7460993","추리와문제해결","최원배",3,"월(13:00-14:30),월(14:30-16:00)","융합교육관강의실(705-202)","",,,
6464,"미정","전공선택","7460994","민사법3","이도국",3,"수(13:00-14:30)","융합교육관강의실(705-B107),비지정()","",,,
6465,"미정","전공선택","7460995","창의적프로그래밍","지정은",2,"목(09:00-10:00),목(10:00-11:00)","제2공학관401강의실","",,,
6466,"미정","전공선택","7460996","커리어개발Ⅱ:취.창업진로포트폴리오","정재민",1,"목(16:00-17:00)","융합교육관강의실(705-308)","",,,
6467,"미정","전공선택","7460998","커리어개발Ⅱ:취.창업진로포트폴리오","김석은",1,"화(13:00-14:00)","융합교육관강의실(705-308)","",,,
6468,"미정","전공선택","7461000","창의적프로그래밍","김도희",2,"금(09:00-10:00),금(10:00-11:00)","제2공학관최병부SW실습실(303)","",,,
6469,"미정","전공선택","7461001","창의적프로그래밍","장병철",2,"금(15:00-16:00),금(16:00-17:00)","제2공학관401강의실","",,,
6470,"미정","전공선택","7461002","정책연구캡스톤PBL(한국사회정책이슈의법적해결)","이호용",3,"금(09:00-11:00),금(11:00-12:00)","융합교육관강의실(705-309)","",,,
6471,"미정","전공선택","7461003","비판적사고","이덕균",3,"금(13:00-14:30),금(14:30-16:00)","제3법학관203호","",,,
6472,"미정","전공선택","7461004","사회철학의이해","허성범",3,"목(16:00-17:30),목(17:30-19:00)","제3법학관103호","",,,
6473,"미정","전공선택","7461005","상상과학성찰","정덕환",2,"화(09:00-11:00)","사회과학관251강의실","",,,
6474,"미정","전공선택","7461006","민사법1","이도국",3,"목(14:30-16:00)","융합교육관강의실(705-B107),비지정()","",,,
6475,"미정","전공선택","7461007","AI행정과데이터분석","강혜원",3,"수(13:00-14:30),목(13:00-14:30)","제3법학관203호","",,,
6476,"미정","전공선택","7461008","정책학개론","김정수",3,"화(14:30-16:00)","융합교육관강의실(705-B107),비지정()","",,,
6477,"미정","전공선택","7461009","비판적사고","이덕균",3,"금(09:00-10:30),금(10:30-12:00)","융합교육관강의실(705-203)","",,,
6478,"미정","전공선택","7461010","인공지능과기계학습","성기혁",2,"시간미지정강좌",,"",,,
6479,"미정","전공선택","7461011","전문학술영어","Nathan John Lucas",3,"월(16:00-17:30),목(14:30-16:00)","사회과학관253강의실","",,,
6480,"미정","전공선택","7461012","민사법1","이도국",3,"목(16:00-17:30)","융합교육관강의실(705-B107),비지정()","",,,
6481,"미정","전공선택","7461013","정책학개론","이석환",3,"수(13:00-14:30),목(13:00-14:30)","융합교육관강의실(705-203)","",,,
6482,"미정","전공선택","7461014","행정법학2","윤진아",3,"수(13:00-14:30),수(14:30-16:00)","융합교육관강의실(705-301)","",,,
6483,"미정","전공선택","7461015","통합사고와읽기의기술","전철희",2,"수(09:00-11:00)","사회과학관251강의실","",,,
6484,"미정","전공선택","7461016","통합사고와읽기의기술","이은실",2,"수(09:00-11:00)","사회과학관253강의실","",,,
6485,"미정","전공선택","7461017","정책연구캡스톤PBL(양극화시대의사회갈등과민주주의)","오현진",3,"월(09:00-11:00),월(11:00-12:00)","융합교육관강의실(705-301)","",,,
6486,"미정","전공선택","7461018","상상과학성찰","장신혜",2,"화(09:00-11:00)","사회과학관253강의실","",,,
6487,"미정","전공선택","7461019","인공지능과기계학습","성기혁",2,"시간미지정강좌",,"",,,
6488,"미정","전공선택","7461020","거시경제학2","정석균",3,"화(14:30-16:00),수(14:30-16:00)","융합교육관강의실(705-202)","",,,
6489,"미정","전공선택","7461021","전문학술영어","Younghwa Choi-Hong",3,"월(16:00-17:30),목(14:30-16:00)","사회과학관551강의실","",,,
6490,"미정","전공선택","7461022","비판적사고","이준효",3,"월(09:00-10:30),월(10:30-12:00)","융합교육관강의실(705-203)","",,,
6491,"미정","전공선택","7461023","근대사상의전개","민찬홍",3,"화(09:00-10:30),화(10:30-12:00)","제3법학관203호","",,,
6492,"미정","전공선택","7461024","상상과학성찰","정세권",2,"화(09:00-11:00)","사회과학관551강의실","",,,
6493,"미정","전공선택","7461025","규제정책론","김태윤",3,"금(13:00-14:30),금(14:30-16:00)","융합교육관강의실(705-203)","",,,
6494,"미정","전공선택","7461026","성과관리론","김석은",3,"화(10:30-12:00),목(10:30-12:00)","융합교육관강의실(705-202)","",,,
6495,"미정","전공선택","7461027","인공지능과기계학습","성기혁",2,"시간미지정강좌",,"",,,
6496,"미정","전공선택","7461028","한국경제론","백명호",3,"월(14:30-16:00),화(14:30-16:00)","융합교육관강의실(705-308)","",,,
6497,"미정","전공선택","7461029","전문학술영어","John Finucane",3,"월(16:00-17:30),목(14:30-16:00)","사회과학관251강의실","",,,
6498,"미정","전공선택","7461030","지방자치론","박순종",3,"금(13:00-14:30),금(14:30-16:00)","융합교육관강의실(705-B107)","",,,
6499,"미정","전공선택","7461031","커리어개발Ⅱ:취.창업진로포트폴리오","이도국",1,"수(14:30-15:30)","융합교육관강의실(705-309)","",,,
6500,"미정","전공선택","7461033","창의적프로그래밍","성기혁",2,"금(09:00-10:00),금(10:00-11:00)","제2공학관401강의실","",,,
6501,"미정","전공선택","7461034","커리어개발Ⅱ:취.창업진로포트폴리오","우종희",1,"화(17:00-18:00)","올림픽체육관226강의실","",,,
6502,"미정","전공선택","7461035","무용전공실기6","서연수",2,"월(13:00-15:00)","IT.BT관306강의실","",,,
6503,"미정","전공선택","7461036","문화이론연구","김경욱",3,"목(16:00-17:30),목(17:30-19:00)","올림픽체육관230강의실","",,,
6504,"미정","전공선택","7461037","실기워크샵","배진호",2,"수(11:00-13:00)","IT.BT관114강의실","",,,
6505,"미정","전공선택","7461038","전공레파토리6.정기공연","이주현",2,"수(13:00-15:00)","IT.BT관407강의실","",,,
6506,"미정","전공선택","7461039","무용전공실기8","손관중",2,"금(15:00-17:00)","IT.BT관407강의실","",,,
6507,"미정","전공선택","7461040","무대제작실습","권용",2,"목(15:00-17:00)","올림픽체육관206강의실","",,,
6508,"미정","전공선택","7461041","시나리오창작","이홍래",2,"목(15:00-17:00)","IT.BT관영화시사실","",,,
6509,"미정","전공선택","7461042","세계영화역사","정태수",3,"목(11:00-12:30),목(12:30-14:00)","IT.BT관영화시사실","",,,
6510,"미정","전공선택","7461043","무용즉흥","한정미",2,"목(09:00-11:00)","IT.BT관407강의실","",,,
6511,"미정","전공선택","7461044","동작분석및표현","강해성",2,"금(15:00-17:00)","올림픽체육관230강의실","",,,
6512,"미정","전공선택","7461045","문화기술인간","김봉국",2,"월(11:00-13:00)","제1공학관505강의실","",,,
6513,"미정","전공선택","7461046","공연개론","김준희",2,"화(13:00-15:00)","올림픽체육관332강의실","",,,
6514,"미정","전공선택","7461047","다큐멘터리영화역사","조혜영",3,"수(09:00-10:30),수(10:30-12:00)","올림픽체육관332강의실","",,,
6515,"미정","전공선택","7461048","상상과표현기법2","김선",2,"수(11:00-13:00)","스튜디오시어터","",,,
6516,"미정","전공선택","7461049","전공레파토리2.정기공연","정윤정",2,"화(13:00-15:00)","IT.BT관407강의실","",,,
6517,"미정","전공선택","7461050","무용심리","박서영",2,"수(11:00-13:00)","올림픽체육관226강의실","",,,
6518,"미정","전공선택","7461051","전공레파토리4.정기공연","서연수",2,"월(11:00-13:00)","IT.BT관306강의실","",,,
6519,"미정","전공선택","7461052","사회문화예술교육개발연구","염정우",2,"금(11:00-13:00)","올림픽체육관333강의실","",,,
6520,"미정","전공선택","7461053","무용교육현장리서치","신경아",2,"월(11:00-13:00)","올림픽체육관334강의실","",,,
6521,"미정","전공선택","7461054","스포츠광고실습","김남호",3,"수(16:00-17:30),수(17:30-19:00)","올림픽체육관231강의실","",,,
6522,"미정","전공선택","7461055","스포츠소비자행동론","신성연",3,"수(13:00-14:30),수(14:30-16:00)","올림픽체육관302강의실","",,,
6523,"미정","전공선택","7461056","스포츠창업론","김은중",3,"화(13:00-14:30),화(14:30-16:00)","올림픽체육관334강의실","",,,
6524,"미정","전공선택","7461057","스포츠사회학","조성식",3,"월(13:00-14:30),월(14:30-16:00)","올림픽체육관333강의실","",,,
6525,"미정","전공선택","7461058","e스포츠론","양희민",3,"수(13:00-14:30),수(14:30-16:00)","올림픽체육관334강의실","",,,
6526,"미정","전공선택","7461059","체육학실험연구캡스톤디자인II","박진국",1,"월(11:00-12:00)","올림픽체육관309호대학원세미나실","",,,
6527,"미정","전공선택","7461060","국제스포츠비즈니스전략","박성배",3,"수(10:30-12:00),금(10:30-12:00)","올림픽체육관302강의실","",,,
6528,"미정","전공선택","7461061","그룹운동","우지인",2,"금(15:00-17:00)","올림픽체육관116호사교무용홀","",,,
6529,"미정","전공선택","7461062","축구문화산업론","이종성",3,"화(14:30-16:00),목(14:30-16:00)","올림픽체육관231강의실","",,,
6530,"미정","전공선택","7461063","스포츠산업현장실습2","계은영",3,"수(13:00-16:00)","올림픽체육관223강의실","",,,
6531,"미정","전공선택","7461064","체육시설안전관리","이성노",2,"금(15:00-17:00)","올림픽체육관334강의실","",,,
6532,"미정","전공선택","7461065","스포츠에이전트실무","박민",3,"월(13:00-14:30),월(14:30-16:00)","올림픽체육관231강의실","",,,
6533,"미정","전공선택","7461066","스포츠사이언스HY-UP(실용연구실습)2","시다르타 비크람 판데이",1,"수(15:00-16:00)","비지정()","",,,
6534,"미정","전공선택","7461067","고령자운동과건강","박수현",2,"금(09:00-11:00)","올림픽체육관332강의실","",,,
6535,"미정","전공선택","7461068","스포츠공공정책론","이종성",3,"화(10:30-12:00),목(10:30-12:00)","올림픽체육관231강의실","",,,
6536,"미정","전공선택","7461069","전문학술영어","Ed Topliffe",3,"화(14:30-16:00),금(16:00-17:30)","올림픽체육관227강의실","",,,
6537,"미정","전공선택","7461070","다큐멘터리영화역사","조혜영",3,"수(12:00-13:30),수(13:30-15:00)","올림픽체육관332강의실","",,,
6538,"미정","전공선택","7461071","연극영화캡스톤PBL(영화비즈니스입문)","길종철",3,"목(15:00-16:00),목(16:00-18:00)","IT.BT관영화세미나실","",,,
6539,"미정","전공선택","7461072","전공레파토리4.정기공연","조원석",2,"화(15:00-17:00)","IT.BT관114강의실","",,,
6540,"미정","전공선택","7461073","무용전공실기4","김소연",2,"월(15:00-17:00)","IT.BT관306강의실","",,,
6541,"미정","전공선택","7461074","커리어개발Ⅱ:취.창업진로포트폴리오","이상인",1,"수(18:00-19:00)","IT.BT관영화세미나실","",,,
6542,"미정","전공선택","7461075","연출과디자인세미나4","전순열",2,"화(11:00-13:00)","올림픽체육관332강의실","",,,
6543,"미정","전공선택","7461076","커리어개발Ⅱ:취.창업진로포트폴리오","박성배",1,"월(11:00-12:00)","올림픽체육관302강의실","",,,
6544,"미정","전공선택","7461077","무용전공실기4","문지애",2,"목(13:00-15:00)","IT.BT관407강의실","",,,
6545,"미정","전공선택","7461078","전문학술영어","Gary Joseph Turnham",3,"화(10:30-12:00),금(10:30-12:00)","올림픽체육관223강의실","",,,
6546,"미정","전공선택","7461079","전문학술영어","Shelley L. Collins",3,"화(10:30-12:00),금(10:30-12:00)","올림픽체육관227강의실","",,,
6547,"미정","전공선택","7461080","AI시대쓰기의힘","최가은",2,"월(11:00-13:00)","올림픽체육관227강의실","",,,
6548,"미정","전공선택","7461081","AI시대쓰기의힘","양진호",2,"금(09:00-11:00)","올림픽체육관230강의실","",,,
6549,"미정","전공선택","7461082","전문학술영어","Joshua Huewe",3,"화(14:30-16:00),금(16:00-17:30)","올림픽체육관226강의실","",,,
6550,"미정","전공선택","7461083","문화기술인간","홍유진",2,"월(11:00-13:00)","올림픽체육관225강의실","",,,
6551,"미정","전공선택","7461084","창의적컴퓨팅","성기혁",3,"시간미지정강좌,금(11:00-13:00)",",제2공학관401강의실","",,,
6552,"미정","전공선택","7461085","공동창작2","반능기",3,"수(13:00-16:00)","올림픽체육관블랙박스씨어터","",,,
6553,"미정","전공선택","7461086","상상과표현기법3","김경아",2,"금(15:00-17:00)","올림픽체육관블랙박스씨어터","",,,
6554,"미정","전공선택","7461087","영상미디어산업연구","김미현",3,"화(15:00-16:30),화(16:30-18:00)","올림픽체육관225강의실","",,,
6555,"미정","전공선택","7461088","블랜디드온씨어터","이선진",2,"토(15:00-17:00)","올림픽체육관104호한양예술극장","",,,
6556,"미정","전공선택","7461089","전문학술영어","Connie Park",3,"화(10:30-12:00),금(10:30-12:00)","올림픽체육관226강의실","",,,
6557,"미정","전공선택","7461090","무용전공실기2","문영철",2,"화(13:00-15:00)","IT.BT관114강의실","",,,
6558,"미정","전공선택","7461091","커리어개발Ⅱ:취.창업진로포트폴리오","문영철",1,"화(12:00-13:00)","올림픽체육관333강의실","",,,
6559,"미정","전공선택","7461092","전문학술영어","John Finucane",3,"화(14:30-16:00),금(16:00-17:30)","올림픽체육관223강의실","",,,
6560,"미정","전공선택","7461093","연출과디자인세미나2","김경아",2,"금(13:00-15:00)","올림픽체육관블랙박스씨어터","",,,
6561,"미정","전공선택","7461094","연극영화캡스톤PBL(장편시나리오개발)","길종철",3,"목(11:00-12:00),목(12:00-14:00)","IT.BT관영화세미나실","",,,
6562,"미정","전공선택","7461095","무용전공실기2","박진영",2,"수(09:00-11:00)","IT.BT관306강의실","",,,
6563,"미정","전공선택","7461096","커리어개발Ⅱ:취.창업진로포트폴리오","서연수",1,"수(15:00-16:00)","올림픽체육관309호대학원세미나실","",,,
6564,"미정","전공선택","7461097","전공레파토리8.졸업작품Performance","강요찬",2,"수(15:00-17:00)","IT.BT관306강의실","",,,
6565,"미정","전공선택","7461098","무용전공실기8","이주희",2,"목(13:00-15:00)","IT.BT관114강의실","",,,
6566,"미정","전공선택","7461099","무용전공실기8","서연수",2,"화(13:00-15:00)","IT.BT관306강의실","",,,
6567,"미정","전공선택","7461100","통합사고와읽기의기술","임보람",2,"목(09:00-11:00)","올림픽체육관226강의실","",,,
6568,"미정","전공선택","7461101","뮤지컬액팅테크닉3","송용진",2,"금(11:00-13:00)","스튜디오시어터","",,,
6569,"미정","전공선택","7461102","무용진로특강","김남식",2,"월(11:00-13:00)","올림픽체육관223강의실","",,,
6570,"미정","전공선택","7461103","영화감독연구","김경욱",3,"목(13:00-14:30),목(14:30-16:00)","올림픽체육관230강의실","",,,
6571,"미정","전공선택","7461104","뉴미디어콘텐츠액팅&디렉팅실습","홍단비",3,"토(09:00-12:00)","올림픽체육관블랙박스씨어터","",,,
6572,"미정","전공선택","7461105","연출과디자인세미나6","김준희",2,"목(13:00-15:00)","올림픽체육관223강의실","",,,
6573,"미정","전공선택","7461106","연극영화논리및논술","김석윤",3,"수(13:00-14:30),수(14:30-16:00)","올림픽체육관208호IC-PBL강의실","",,,
6574,"미정","전공선택","7461107","서양무용사","박지원",2,"목(13:00-15:00)","올림픽체육관332강의실","",,,
6575,"미정","전공선택","7461108","유아발레지도법","정혜연",2,"목(11:00-13:00)","올림픽체육관333강의실","",,,
6576,"미정","전공선택","7461109","뉴미디어와이머시브씨어터","우종희",3,"월(11:00-14:00)","올림픽체육관104호한양예술극장","",,,
6577,"미정","전공선택","7461110","전문학술영어","S. Afflick-Smith",3,"화(10:30-12:00),금(10:30-12:00)","올림픽체육관208호IC-PBL강의실","",,,
6578,"미정","전공선택","7461111","인터미디어스테이지콘텐츠개발랩","반능기",3,"화(12:00-13:00),화(13:00-15:00)","올림픽체육관블랙박스씨어터","",,,
6579,"미정","전공선택","7461112","춤교육의이론과실제","안효선",2,"수(13:00-15:00)","올림픽체육관230강의실","",,,
6580,"미정","전공선택","7461113","발레2","김태연",2,"금(09:00-11:00)","IT.BT관114강의실","",,,
6581,"미정","전공선택","7461114","무용전공실기2","권민찬",2,"월(09:00-11:00)","IT.BT관407강의실","",,,
6582,"미정","전공선택","7461115","웰빙무용프로그램개발","김상진",2,"목(13:00-15:00)","올림픽체육관333강의실","",,,
6583,"미정","전공선택","7461116","창작론","박은성",2,"금(11:00-13:00)","올림픽체육관230강의실","",,,
6584,"미정","전공선택","7461117","건강교육","장희승",2,"월(11:00-13:00)","올림픽체육관332강의실","",,,
6585,"미정","전공선택","7461118","동계스포츠","김성민",2,"목(15:00-17:00)","올림픽체육관334강의실","",,,
6586,"미정","전공선택","7461119","영화제작의기초","이상인",3,"수(12:00-15:00)","IT.BT관영화세미나실","",,,
6587,"미정","전공선택","7461120","인공지능융합공연창작","김가람",3,"시간미지정강좌","스튜디오시어터","",,,
6588,"미정","전공선택","7461121","현대무용2","강동희",2,"목(11:00-13:00)","IT.BT관407강의실","",,,
6589,"미정","전공선택","7461122","한국춤의역사","엄려진",2,"금(13:00-15:00)","올림픽체육관231강의실","",,,
6590,"미정","전공선택","7461123","한국무용4","서연수",2,"목(11:00-13:00)","IT.BT관306강의실","",,,
6591,"미정","전공선택","7461124","발레4","엄려진",2,"금(11:00-13:00)","IT.BT관114강의실","",,,
6592,"미정","전공선택","7461125","스포츠현장실습","박진국",2,"월(09:00-11:00)","올림픽체육관332강의실","",,,
6593,"미정","전공선택","7461126","뇌과학과운동","김성민",2,"목(11:00-12:00),목(12:00-13:00)","올림픽체육관332강의실","",,,
6594,"미정","전공선택","7461127","스포츠사회학","정서임",3,"월(13:00-14:30),월(14:30-16:00)","올림픽체육관206강의실","",,,
6595,"미정","전공선택","7461128","배우와연출을위한연출실습2","우종희",2,"월(15:00-17:00)","스튜디오시어터","",,,
6596,"미정","전공선택","7461129","여가레크레이션","이제승",2,"목(11:00-13:00)","올림픽체육관227강의실","",,,
6597,"미정","전공선택","7461130","창의적컴퓨팅","홍석준",3,"시간미지정강좌,금(11:00-13:00)",",제2공학관최병부SW실습실(303)","",,,
6598,"미정","전공선택","7461131","AI시대쓰기의힘","김유진",2,"월(11:00-13:00)","제1공학관507강의실","",,,
6599,"미정","전공선택","7461132","공연개론","김준희",2,"화(15:00-17:00)","올림픽체육관332강의실","",,,
6600,"미정","전공선택","7461133","공동창작2","홍단비",3,"화(13:00-16:00)","스튜디오시어터","",,,
6601,"미정","전공선택","7461134","상상과표현기법3","구원영",2,"목(11:00-13:00)","올림픽체육관104호한양예술극장","",,,
6602,"미정","전공선택","7461135","연극제작실습2","전순열",6,"토(09:00-12:00),토(12:00-15:00)","올림픽체육관104호한양예술극장","",,,
6603,"미정","전공선택","7461136","캡스톤디자인(창작희곡콘텐츠개발)","윤성호",2,"목(09:00-11:00)","올림픽체육관227강의실","",,,
6604,"미정","전공선택","7461137","스포츠에이전트실무","박민",3,"월(16:00-17:30),월(17:30-19:00)","올림픽체육관231강의실","",,,
6605,"미정","전공선택","7461138","국제발레교사자격증코스2","김상진",2,"금(13:00-15:00)","올림픽체육관333강의실","",,,
6606,"미정","전공선택","7461139","전공레파토리8.졸업작품Performance","문영철",2,"수(13:00-15:00)","IT.BT관114강의실","",,,
6607,"미정","전공선택","7461140","배우와연출을위한연출실습2","김경아",2,"월(15:00-17:00)","올림픽체육관블랙박스씨어터","",,,
6608,"미정","전공선택","7461141","영화제작의기초","이상인",3,"수(15:00-18:00)","IT.BT관영화세미나실","",,,
6609,"미정","전공선택","7461142","상상과표현기법2","오성수",2,"목(11:00-13:00)","올림픽체육관블랙박스씨어터","",,,
6610,"미정","전공선택","7461143","커리어개발Ⅱ:취.창업진로포트폴리오","조한준",1,"월(17:00-18:00)","올림픽체육관225강의실","",,,
6611,"미정","전공선택","7461144","연극영화캡스톤PBL(배우포트폴리오제작및오디션테크닉)","조한준",3,"월(13:00-14:00),월(14:00-16:00)","올림픽체육관227강의실","",,,
6612,"미정","전공선택","7461145","전공레파토리4.정기공연","최재혁",2,"수(15:00-17:00)","IT.BT관407강의실","",,,
6613,"미정","전공선택","7461146","전공레파토리6.정기공연","서연수",2,"목(13:00-15:00)","IT.BT관306강의실","",,,
6614,"미정","전공선택","7461147","무용전공실기6","이시연",2,"목(15:00-17:00)","IT.BT관114강의실","",,,
6615,"미정","전공선택","7461148","AI시대쓰기의힘","조소명",2,"금(09:00-11:00)","올림픽체육관225강의실","",,,
6616,"미정","전공선택","7461149","상상과표현기법1","조한준",2,"화(11:00-13:00)","스튜디오시어터","",,,
6617,"미정","전공선택","7461150","논픽션영상제작워크숍","이연철",3,"화(16:00-19:00)","IT.BT관영화시사실","",,,
6618,"미정","전공선택","7461151","무용음악실습과편집","한승호",2,"수(09:00-11:00)","올림픽체육관228호컴퓨터강의실","",,,
6619,"미정","전공선택","7461152","현대무용4","이예진",2,"수(11:00-13:00)","IT.BT관407강의실","",,,
6620,"미정","전공선택","7461153","연출과디자인세미나4","최보윤",2,"월(11:00-13:00)","스튜디오시어터","",,,
6621,"미정","전공선택","7461154","연극영화캡스톤PBL(오디션테크닉)","안지은",3,"월(13:00-14:00),월(14:00-16:00)","올림픽체육관225강의실","",,,
6622,"미정","전공선택","7461155","춤과이미지","염정우",2,"금(09:00-11:00)","올림픽체육관333강의실","",,,
6623,"미정","전공선택","7461156","커리어개발Ⅱ:취.창업진로포트폴리오","정태수",1,"목(09:00-10:00)","비지정()","",,,
6624,"미정","전공선택","7461157","커리어개발Ⅱ:취.창업진로포트폴리오","시다르타 비크람 판데이",1,"수(13:00-14:00)","올림픽체육관309호대학원세미나실","",,,
6625,"미정","전공선택","7461158","축구","최정호",2,"수(09:00-11:00)","비지정()","",,,
6626,"미정","전공선택","7461159","전공레파토리2.정기공연","문영철",2,"수(15:00-17:00)","IT.BT관114강의실","",,,
6627,"미정","전공선택","7461160","전공레파토리6.정기공연","한윤선",2,"월(13:00-15:00)","IT.BT관114강의실","",,,
6628,"미정","전공선택","7461161","스포츠동작분석","시다르타 비크람 판데이",2,"수(11:00-13:00)","올림픽체육관231강의실","",,,
6629,"미정","전공선택","7461162","커리어개발Ⅱ:취.창업진로포트폴리오","김성민",1,"목(13:00-14:00)","올림픽체육관334강의실","",,,
6630,"미정","전공선택","7461163","체육논리및논술","김택천",2,"화(09:00-11:00)","올림픽체육관333강의실","",,,
6631,"미정","전공선택","7461164","중급영화제작워크숍2","안성호",3,"목(09:00-12:00)","올림픽체육관206강의실","",,,
6632,"미정","전공선택","7461165","무용공연프로젝트","박한울",2,"금(11:00-13:00)","올림픽체육관332강의실","",,,
6633,"미정","전공선택","7461166","커리어개발Ⅱ:취.창업진로포트폴리오","손관중",1,"목(16:00-17:00)","올림픽체육관332강의실","",,,
6634,"미정","전공선택","7461167","이미지미학","박선",3,"화(13:00-14:30),화(14:30-16:00)","올림픽체육관206강의실","",,,
6635,"미정","전공선택","7461168","연출과디자인세미나2","이원만",2,"월(09:00-11:00)","올림픽체육관블랙박스씨어터","",,,
6636,"미정","전공선택","7461169","뮤지컬액팅테크닉1","송용진",2,"금(13:00-15:00)","스튜디오시어터","",,,
6637,"미정","전공선택","7461170","4차산업기술과크리에이터양성","최보윤",3,"수(09:00-10:00),수(10:00-12:00)","올림픽체육관104호한양예술극장","",,,
6638,"미정","전공선택","7461171","한국무용2","서연수",2,"화(11:00-13:00)","IT.BT관306강의실","",,,
6639,"미정","전공선택","7461172","스포츠상품기획","이종성",3,"월(13:00-14:30),월(14:30-16:00)","올림픽체육관332강의실","",,,
6640,"미정","전공선택","7461173","유도","김형기",2,"화(15:00-17:00)","올림픽체육관유도장","",,,
6641,"미정","전공선택","7461174","스포츠상해및재활","장희승",2,"월(13:00-15:00)","올림픽체육관230강의실","",,,
6642,"미정","전공선택","7461175","상상과표현기법1","조한준",2,"목(11:00-13:00)","스튜디오시어터","",,,
6643,"미정","전공선택","7461177","전공레파토리2.정기공연","문희철",2,"화(15:00-17:00)","IT.BT관306강의실","",,,
6644,"미정","전공선택","7461178","무용전공실기6","김은정",2,"금(11:00-13:00)","IT.BT관407강의실","",,,
6645,"미정","전공선택","7461179","장편시나리오의이해","박찬옥",2,"화(13:00-15:00)","IT.BT관영화시사실","",,,
6646,"미정","전공선택","7461180","고급영화제작워크숍2","심광진",3,"수(15:00-18:00)","올림픽체육관228호컴퓨터강의실","",,,
6647,"미정","전공선택","7461181","전공레파토리8.졸업작품Performance","이지희",2,"금(13:00-15:00)","IT.BT관407강의실","",,,
6648,"미정","전공선택","7461182","무용필라테스","김설화",1,"화(11:00-12:00)","IT.BT관114강의실","",,,
6649,"미정","전공선택","7461183","춤과미디어","이주영",2,"화(11:00-13:00)","올림픽체육관225강의실","",,,
6650,"미정","전공선택","7461184","4차산업기술과창의적예술공간","고동욱",3,"월(15:00-16:00),월(16:00-18:00)","비지정()","",,,
6651,"미정","전공선택","7461185","연극사세미나","권용",2,"목(13:00-15:00)","올림픽체육관227강의실","",,,
6652,"미정","전공선택","7461186","예술의이해","김정은",2,"목(09:00-11:00)","올림픽체육관333강의실","",,,
6653,"미정","전공선택","7461187","무용전공실기4","허서명",2,"월(15:00-17:00)","IT.BT관114강의실","",,,
6654,"미정","전공선택","7461188","AI시대쓰기의힘","정원정",2,"월(11:00-13:00)","올림픽체육관206강의실","",,,
6655,"미정","전공선택","7461189","스포츠운동과학의기초","김종희",3,"화(09:00-10:30),화(10:30-12:00)","올림픽체육관302강의실","",,,
6656,"미정","전공선택","7461190","커리어개발Ⅱ:취.창업진로포트폴리오","이종성",1,"월(11:00-12:00)","올림픽체육관208호IC-PBL강의실","",,,
6657,"미정","전공선택","7461192","스포츠교육학","김정구",2,"월(17:00-19:00)","올림픽체육관332강의실","",,,
6658,"미정","전공선택","7461193","통합사고와읽기의기술","이나윤",2,"목(09:00-11:00)","올림픽체육관223강의실","",,,
6659,"미정","전공선택","7461194","과학기술의철학적탐색","오경준",3,"수(19:00-20:30),수(20:30-22:00)","제2공학관203강의실","",,,
6660,"미정","전공선택","7461195","커리어개발Ⅱ:취.창업진로포트폴리오","이희정",1,"시간미지정강좌","비지정()","",,,
6661,"미정","전공선택","7461196","마케팅원리","양재용",3,"토(13:00-14:30),토(14:30-16:00)","제2공학관302강의실","",,,
6662,"미정","전공선택","7461197","확률및통계2","양재용",3,"토(09:00-10:30),토(10:30-12:00)","제2공학관해동AILab_402","",,,
6663,"미정","전공선택","7461198","글로벌혁신시스템","윤정원",3,"토(16:00-17:30),토(17:30-19:00)","제2공학관302강의실","",,,
6664,"미정","전공선택","7461199","경험서비스디자인","한지은",3,"토(09:00-10:30),토(10:30-12:00)","제2공학관207강의실","",,,
6665,"미정","전공선택","7461201","해석가능인공지능","정준각",3,"목(19:00-21:00),목(21:00-23:00)","제2공학관정석현PC1","",,,
6666,"미정","전공선택","7461202","사회기술시스템","윤정원",3,"수(19:00-20:30),수(20:30-22:00)","제2공학관302강의실","",,,
6667,"미정","전공선택","7461203","공학도를위한창의적프로그래밍","박주열",2,"화(19:00-20:00),화(20:00-21:00)","제2공학관최병부SW실습실(303)","",,,
6668,"미정","전공선택","7461204","영어토론과발표","Joshua Huewe",3,"목(19:00-20:30),목(20:30-22:00)","제2공학관307강의실","",,,
6669,"미정","전공선택","7461205","창조적사고와글쓰기","주효주",3,"화(19:00-20:30),화(20:30-22:00)","제2공학관208강의실","",,,
6670,"미정","전공선택","7461206","경영공학종합설계","유승호",3,"시간미지정강좌","비지정()","",,,
6671,"미정","전공선택","7461207","커리어개발Ⅱ:취.창업진로포트폴리오","정준각",1,"시간미지정강좌","비지정()","",,,
6672,"미정","전공선택","7461208","과학기술의철학적탐색","김홍규",3,"수(19:00-20:30),수(20:30-22:00)","제2공학관205강의실","",,,
6673,"미정","전공선택","7461209","과학기술의철학적탐색","오윤정",3,"토(09:00-10:30),토(10:30-12:00)","제2공학관203강의실","",,,
6674,"미정","전공선택","7461210","공학도를위한창의적프로그래밍","조문기",2,"수(19:00-20:00),수(20:00-21:00)","제2공학관최병부SW실습실(303)","",,,
6675,"미정","전공선택","7461211","커리어개발Ⅱ:취.창업진로포트폴리오","양재용",1,"시간미지정강좌","비지정()","",,,
6676,"미정","전공선택","7461212","기술사업화","조대명",3,"토(13:00-14:30),토(14:30-16:00)","제2공학관301강의실","",,,
6677,"미정","전공선택","7461213","산업사물인터넷(캡스톤디자인)","주영석",3,"화(19:00-20:30),화(20:30-22:00)","제2공학관206강의실","",,,
6678,"미정","전공선택","7461214","영어토론과발표","Brian A. Wildeboer",3,"목(19:00-20:30),목(20:30-22:00)","제2공학관306강의실","",,,
6679,"미정","전공선택","7461215","e-비즈니스","이우열",3,"토(09:00-10:30),토(10:30-12:00)","제2공학관208강의실","",,,
6680,"미정","전공선택","7461216","지식공학","이희정",3,"화(19:00-20:30),화(20:30-22:00)","제2공학관정석현PC3","",,,
6681,"미정","전공선택","7461217","커리어개발Ⅱ:취.창업진로포트폴리오","박상진",1,"시간미지정강좌","비지정()","",,,
6682,"미정","전공선택","7461218","지속가능경영시스템","양재용",3,"월(19:00-20:30),월(20:30-22:00)","제2공학관203강의실","",,,
6683,"미정","전공선택","7461219","경영공학종합설계","이희정",3,"시간미지정강좌","비지정()","",,,
6684,"미정","전공선택","7461220","산업문제해결컨설팅","원석호",3,"수(19:00-20:30),수(20:30-22:00)","제2공학관206강의실","",,,
6685,"미정","전공선택","7461221","데이터시각화","한지은",3,"화(19:00-20:30),화(20:30-22:00)","제2공학관정석현PC1","",,,
6686,"미정","전공선택","7461222","인공지능2","김영민",3,"수(19:00-20:30),수(20:30-22:00)","제2공학관401강의실","",,,
6687,"미정","전공선택","7461223","인간-인공지능협업제품서비스설계","정철현",3,"수(19:00-20:30),수(20:30-22:00)","제2공학관209강의실","",,,
6688,"미정","전공선택","7461224","디지털기술과경영","이희정",3,"수(19:00-20:30),수(20:30-22:00)","제2공학관204강의실","",,,
6689,"미정","전공선택","7461225","영어토론과발표","Caroline Sommerville Ward",3,"목(19:00-20:30),목(20:30-22:00)","제2공학관308강의실","",,,
6690,"미정","전공선택","7461226","영어토론과발표","John Finucane",3,"목(19:00-20:30),목(20:30-22:00)","제2공학관305강의실","",,,
6691,"미정","전공선택","7461227","서비스경영","양재용",3,"화(19:00-20:30),화(20:30-22:00)","제2공학관204강의실","",,,
6692,"미정","전공선택","7461228","모바일앱프로그래밍","탁문호",3,"월(19:00-20:30),월(20:30-22:00)","제2공학관해동AILab_402","",,,
6693,"미정","전공선택","7461229","산업융합수학","김종현",3,"월(19:00-20:30),월(20:30-22:00)","제2공학관301강의실","",,,
6694,"미정","전공선택","7461230","산업융합수학","최원영",3,"토(09:00-10:30),토(10:30-12:00)","제2공학관301강의실","",,,
6695,"미정","전공선택","7461231","공학도를위한창의적프로그래밍","신수연",2,"화(19:00-20:00),화(20:00-21:00)","제2공학관401강의실","",,,
6696,"미정","전공선택","7461232","커리어개발Ⅱ:취.창업진로포트폴리오","윤정원",1,"시간미지정강좌","비지정()","",,,
6697,"미정","전공선택","7461233","사회기술시스템","윤정원",3,"목(19:00-20:30),목(20:30-22:00)","제2공학관302강의실","",,,
6698,"미정","전공선택","7461234","영어토론과발표","Ed Topliffe",3,"목(19:00-20:30),목(20:30-22:00)","제2공학관309강의실","",,,
6699,"미정","전공선택","7461235","영어토론과발표","Nathan John Lucas",3,"목(19:00-20:30),목(20:30-22:00)","제1공학관207강의실","",,,
6700,"미정","전공선택","7461236","창조적사고와글쓰기","박수진",3,"화(19:00-20:30),화(20:30-22:00)","제2공학관207강의실","",,,
6701,"미정","전공선택","7461237","창조적사고와글쓰기","김민혁",3,"화(19:00-20:30),화(20:30-22:00)","제2공학관203강의실","",,,
6702,"미정","전공선택","7461238","과학기술의철학적탐색","오윤정",3,"토(13:00-14:30),토(14:30-16:00)","제2공학관203강의실","",,,
6703,"미정","전공선택","7461239","커리어개발Ⅱ:취.창업진로포트폴리오","최원영",1,"시간미지정강좌","비지정()","",,,
6704,"미정","전공선택","7461240","파이썬데이터분석","최원영",3,"토(13:00-14:30),토(14:30-16:00)","제2공학관401강의실","",,,
6705,"미정","전공선택","7461241","텍스트마이닝","정준각",3,"월(19:00-20:30),월(20:30-22:00)","제2공학관정석현PC1","",,,
6706,"미정","전공선택","7461242","커리어개발Ⅱ:취.창업진로포트폴리오","김영민",1,"시간미지정강좌","비지정()","",,,
6707,"미정","전공선택","7461243","정보공학종합설계","정준각",3,"시간미지정강좌","비지정()","",,,
6708,"미정","전공선택","7461244","영어토론과발표","Younghwa Choi-Hong",3,"목(19:00-20:30),목(20:30-22:00)","제1공학관206강의실","",,,
6709,"미정","전공선택","7461245","창조적사고와글쓰기","오채운",3,"화(19:00-20:30),화(20:30-22:00)","제2공학관209강의실","",,,
6710,"미정","전공선택","7461246","시계열및인공지능예측","박상진",3,"목(19:00-21:00),목(21:00-23:00)","제2공학관203강의실","",,,
6711,"미정","전공선택","7461247","공급망관리","유승호",3,"수(19:00-20:30),수(20:30-22:00)","제2공학관301강의실","",,,
6712,"미정","전공선택","7461248","경제학개론","최재영",3,"월(19:00-20:30),월(20:30-22:00)","제2공학관311강의실","",,,
6713,"미정","전공선택","7461249","커리어개발Ⅱ:취.창업진로포트폴리오","유승호",1,"시간미지정강좌","비지정()","",,,
6714,"미정","전공선택","7461250","산업융합수학","이재훈",3,"월(19:00-20:30),월(20:30-22:00)","제2공학관207강의실","",,,
6715,"미정","전공선택","7461251","기술혁신전략","윤정원",3,"토(09:00-10:30),토(10:30-12:00)","제2공학관302강의실","",,,
6716,"미정","전공선택","7461252","파이썬데이터분석","최원영",3,"화(19:00-20:30),화(20:30-22:00)","제2공학관해동AILab_402","",,,
6717,"미정","전공선택","7461253","정보공학종합설계","김영민",3,"시간미지정강좌","비지정()","",,,
6718,"미정","전공선택","7461254","기본간호학실습2","박선희",1,"목(11:00-13:00)","간호미래교육관304강의실","",,,
6719,"미정","전공선택","7461255","통합시뮬레이션실습","여지영",2,"수(09:00-13:00)","간호미래교육관404IC-PBL강의실","",,,
6720,"미정","전공선택","7461256","간호이슈와비평적사고","경도은",1,"목(11:00-12:00)","간호미래교육관404IC-PBL강의실","",,,
6721,"미정","전공선택","7461257","성인간호실습1","황선영",2,"시간미지정강좌,시간미지정강좌","비지정()","",,,
6722,"미정","전공선택","7461258","지역사회간호실습1","이한이",4,"시간미지정강좌,시간미지정강좌,시간미지정강좌","비지정()","",,,
6723,"미정","전공선택","7461259","여성건강간호","이지은",2,"월(11:00-13:00)","간호미래교육관304강의실","",,,
6724,"미정","전공선택","7461261","호스피스","강희정",2,"수(20:00-22:00)","간호미래교육관304강의실","",,,
6725,"미정","전공선택","7461262","간호이론","김정희",2,"월(22:00-24:00)","간호미래교육관304강의실","",,,
6726,"미정","전공선택","7461263","기본간호학실습2","장혜영",1,"목(09:00-11:00)","간호미래교육관304강의실","",,,
6727,"미정","전공선택","7461264","임상종합실습","박선희",2,"시간미지정강좌,시간미지정강좌","비지정()","",,,
6728,"미정","전공선택","7461265","치매간호","장혜영",2,"목(18:00-20:00)","간호미래교육관304강의실","",,,
6729,"미정","전공선택","7461266","아동건강문제와가족간호2","안정희",2,"수(15:00-17:00)","간호미래교육관401강의실","",,,
6730,"미정","전공선택","7461267","성인간호중재론4","신용순",2,"월(15:00-17:00)","간호미래교육관401강의실","",,,
6731,"미정","전공선택","7461268","간호과정실습","신용순",1,"시간미지정강좌","비지정()","",,,
6732,"미정","전공선택","7461269","건강의고전적이해","여지영",2,"목(20:00-22:00)","간호미래교육관304강의실","",,,
6733,"미정","전공선택","7461270","간호정보학","박선희",2,"월(20:00-22:00)","간호미래교육관301강의실","",,,
6734,"미정","전공선택","7461271","간호병리학","윤미영",2,"목(20:00-22:00)","간호미래교육관301강의실","",,,
6735,"미정","전공선택","7461272","노인건강간호","곽은영",2,"수(18:00-20:00)","간호미래교육관301강의실","",,,
6736,"미정","전공선택","7461273","기본간호학실습2","박선희",1,"목(13:00-15:00)","간호미래교육관304강의실","",,,
6737,"미정","전공선택","7461275","커리어개발Ⅱ:취.창업진로포트폴리오","김정아",1,"수(17:00-18:00)","간호미래교육관401강의실","",,,
6738,"미정","전공선택","7461276","지역사회간호학1","김민정",2,"금(15:00-17:00)","간호미래교육관401강의실","",,,
6739,"미정","전공선택","7461278","성인간호실습2","여지영",2,"시간미지정강좌,시간미지정강좌","비지정()","",,,
6740,"미정","전공선택","7461279","간호학HY-UP(실용연구실습)4","신용순",1,"시간미지정강좌","비지정()","",,,
6741,"미정","전공선택","7461281","간호공학입문","이한이",2,"수(15:00-17:00)","간호미래교육관301강의실","",,,
6742,"미정","전공선택","7461282","정신건강간호","김미영",2,"월(15:00-17:00)","간호미래교육관304강의실","",,,
6743,"미정","전공선택","7461283","노인간호학","곽은영",2,"수(15:00-17:00)","간호미래교육관304강의실","",,,
6744,"미정","전공선택","7461284","지역사회간호실습2","김미영",2,"시간미지정강좌,시간미지정강좌","비지정()","",,,
6745,"미정","전공선택","7461285","성인간호중재론2","박선희",1,"월(11:00-12:00)","간호미래교육관401강의실","",,,
6746,"미정","전공선택","7461286","문화기술인간","천미림",2,"월(18:00-20:00)","간호미래교육관301강의실","",,,
6747,"미정","전공선택","7461287","여성건강간호","박소정",2,"목(18:00-20:00)","간호미래교육관301강의실","",,,
6748,"미정","전공선택","7461288","간호학HY-UP(실용연구실습)4","이여진",1,"시간미지정강좌","비지정()","",,,
6749,"미정","전공선택","7461289","영양과건강","이여진",2,"수(13:00-15:00)","간호미래교육관301강의실","",,,
6750,"미정","전공선택","7461290","디지털헬스디자인","여지영",2,"화(11:00-13:00)","간호미래교육관304강의실","",,,
6751,"미정","전공선택","7461292","통합시뮬레이션실습","이한이",2,"화(09:00-13:00)","간호미래교육관404IC-PBL강의실","",,,
6752,"미정","전공선택","7461293","간호병태생리학","박선희",2,"월(15:00-17:00)","간호미래교육관301강의실","",,,
6753,"미정","전공선택","7461294","간호전문직과윤리","김정아",2,"금(13:00-15:00)","간호미래교육관304강의실","",,,
6754,"미정","전공선택","7461295","건강사정","장혜영",2,"금(09:00-11:00)","간호미래교육관304강의실","",,,
6755,"미정","전공선택","7461296","창의적컴퓨팅","김도희",3,"시간미지정강좌,화(15:00-17:00)",",제2공학관502강의실","",,,
6756,"미정","전공선택","7461297","기본간호학2","장혜영",1,"화(14:00-15:00)","간호미래교육관304강의실","",,,
6757,"미정","전공선택","7461298","커리어개발Ⅱ:취.창업진로포트폴리오","이여진",1,"수(17:00-18:00)","간호미래교육관404IC-PBL강의실","",,,
6758,"미정","전공선택","7461299","커리어개발Ⅱ:취.창업진로포트폴리오","안정희",1,"수(17:00-18:00)","간호미래교육관302강의실","",,,
6759,"미정","전공선택","7461300","간호학개론","장혜영",1,"화(13:00-14:00)","간호미래교육관301강의실","",,,
6760,"미정","전공선택","7461301","돌봄의사회적가치","김미영",2,"월(13:00-15:00)","간호미래교육관301강의실","",,,
6761,"미정","전공선택","7461302","의사소통론","이여진",2,"금(09:00-11:00)","간호미래교육관301강의실","",,,
6762,"미정","전공선택","7461304","여성의부인과적장애와간호","이지은",2,"월(13:00-15:00)","간호미래교육관401강의실","",,,
6763,"미정","전공선택","7461305","여성간호실습","박소정",2,"시간미지정강좌,시간미지정강좌","비지정()","",,,
6764,"미정","전공선택","7461306","보건의료법규","이한이",2,"화(15:00-17:00)","간호미래교육관404IC-PBL강의실","",,,
6765,"미정","전공선택","7461307","지역사회간호학2","이한이",2,"월(15:00-17:00)","간호미래교육관404IC-PBL강의실","",,,
6766,"미정","전공선택","7461308","간호연구","김미영",2,"목(13:00-15:00)","간호미래교육관401강의실","",,,
6767,"미정","전공선택","7461309","통합시뮬레이션실습","안정희",2,"월(09:00-13:00)","간호미래교육관404IC-PBL강의실","",,,
6768,"미정","전공선택","7461310","간호연구","김미영",2,"월(22:00-24:00)","간호미래교육관301강의실","",,,
6769,"미정","전공선택","7461311","지역사회간호","이한이",2,"월(20:00-22:00)","간호미래교육관304강의실","",,,
6770,"미정","전공선택","7461312","간호조직관리","김정아",2,"수(18:00-20:00)","간호미래교육관304강의실","",,,
6771,"미정","전공선택","7461313","간호통계","박선희",2,"수(22:00-24:00)","간호미래교육관301강의실","",,,
6772,"미정","전공선택","7461314","심혈관건강증진","황선영",2,"월(18:00-20:00)","간호미래교육관304강의실","",,,
6773,"미정","전공선택","7461315","아동건강간호","안정희",2,"수(22:00-24:00)","간호미래교육관304강의실","",,,
6774,"미정","전공선택","7461316","건강인류학","여지영",2,"목(13:00-15:00)","간호미래교육관301강의실","",,,
6775,"미정","전공선택","7461317","성인간호학:산소화및감각","황선영",2,"수(13:00-15:00)","간호미래교육관304강의실","",,,
6776,"미정","전공선택","7461318","인간관계론","이여진",2,"수(20:00-22:00)","간호미래교육관301강의실","",,,
6777,"미정","전공선택","7461319","Unified Systems Science_StreamⅠ","Hye-Jin Hawkes",2,"화(13:00-15:00)","한양인터칼리지강의실4","",,,
6778,"미정","전공선택","7461320","Global Critical Anthropology","류호경",2,"화(09:00-10:00),화(10:00-10:30),목(10:30-12:00)","한양인터칼리지강의실1","",,,
6779,"미정","전공선택","7461322","Unified Systems Science_Lab(Physics)","Hye-Jin Hawkes",1,"시간미지정강좌","비지정()","",,,
6780,"미정","전공선택","7461323","Make Core","김지은",3,"수(09:00-10:00),수(10:00-12:00)","한양인터칼리지웨이브홀","",,,
6781,"미정","전공선택","7461324","Global Critical Anthropology","류호경",2,"화(09:00-10:00),화(10:00-10:30),목(10:30-12:00)","한양인터칼리지강의실5","",,,
6782,"미정","전공선택","7461325","Global Critical Anthropology","류호경",2,"화(10:30-11:30),화(11:30-12:00),목(09:00-10:30)","한양인터칼리지강의실5","",,,
6783,"미정","전공선택","7461326","SPARK","Hawkes, Aldo Armstrong",,"화(17:00-20:00),목(17:00-20:00)","한양인터칼리지강의실2","",,,
6784,"미정","전공선택","7461327","Life Project","Hawkes, Aldo Armstrong",3,"월(13:00-15:00),월(15:00-17:00)","한양인터칼리지웨이브홀","",,,
6785,"미정","전공선택","7461328","Global Critical Anthropology","류호경",2,"화(10:30-11:30),화(11:30-12:00),목(09:00-10:30)","한양인터칼리지강의실3","",,,
6786,"미정","전공선택","7461329","Calculus in Contexts","최경현",3,"목(13:00-15:00),목(15:00-16:00)","한양인터칼리지웨이브홀","",,,
6787,"미정","전공선택","7461330","SPARK","Hawkes, Aldo Armstrong",,"화(17:00-20:00),목(17:00-20:00)","한양인터칼리지강의실3","",,,
6788,"미정","전공선택","7461331","Global Critical Anthropology","류호경",2,"화(10:30-11:30),화(11:30-12:00),목(09:00-10:30)","한양인터칼리지강의실4","",,,
6789,"미정","전공선택","7461332","Algorithmic, Computational, and Data Thinking","류호경",3,"월(09:00-10:00),월(10:00-12:00)","한양인터칼리지웨이브홀","",,,
6790,"미정","전공선택","7461334","Global Critical Anthropology","류호경",2,"화(09:00-10:00),화(10:00-10:30),목(10:30-12:00)","한양인터칼리지강의실4","",,,
6791,"미정","전공선택","7461336","Unified Systems Science_Lab(Biochem)","Hye-Jin Hawkes",1,"시간미지정강좌","비지정()","",,,
6792,"미정","전공선택","7461337","Global Critical Anthropology","류호경",2,"화(10:30-11:30),화(11:30-12:00),목(09:00-10:30)","한양인터칼리지강의실1","",,,
6793,"미정","전공선택","7461338","Global Critical Anthropology","류호경",2,"화(09:00-10:00),화(10:00-10:30),목(10:30-12:00)","한양인터칼리지강의실2","",,,
6794,"미정","전공선택","7461339","Global Critical Anthropology","류호경",2,"화(10:30-11:30),화(11:30-12:00),목(09:00-10:30)","한양인터칼리지강의실2","",,,
6795,"미정","전공선택","7461340","Global Critical Anthropology","류호경",2,"화(09:00-10:00),화(10:00-10:30),목(10:30-12:00)","한양인터칼리지강의실3","",,,
6796,"미정","전공선택","7461341","Unified Systems Science","Hye-Jin Hawkes",3,"수(13:00-14:30),수(14:30-16:00)","한양인터칼리지웨이브홀","",,,
6797,"미정","전공선택","7461342","Special TopicsII","노동운",3,"수(17:00-18:30),수(18:30-20:00)","대학원.토건관250강의실","",,,
6798,"미정","전공선택","7461343","Climate Change Economics and Policies","노동운",3,"화(16:00-17:30),화(17:30-19:00)","대학원.토건관251강의실","",,,
6799,"미정","전공선택","7461344","커리어개발Ⅱ:취.창업진로포트폴리오","김유리",1,"월(15:00-16:00)","대학원.토건관250강의실","",,,
6800,"미정","전공선택","7461345","Academic Writing 2","Kevin Edwin Stadt",3,"월(10:30-12:00),수(10:30-12:00)","대학원.토건관250강의실","",,,
6801,"미정","전공선택","7461346","문화,세계화,소프트파워","박신영",3,"금(09:00-10:30),금(10:30-12:00)","대학원.토건관201강의실","",,,
6802,"미정","전공선택","7461347","Introduction to Business Administration","최혜승",3,"화(10:30-12:00),목(10:30-12:00)","대학원.토건관202강의실","",,,
6803,"미정","전공선택","7461348","한국어어휘와문장","이영숙",3,"수(16:00-17:30),수(17:30-19:00)","대학원.토건관202강의실","",,,
6804,"미정","전공선택","7461349","한국어글쓰기","안령주",3,"월(13:00-14:30),월(14:30-16:00)","대학원.토건관201강의실","",,,
6805,"미정","전공선택","7461350","Theories and Issues of International Relations","이예찬",3,"화(09:00-10:30),화(10:30-12:00)","대학원.토건관201강의실","",,,
6806,"미정","전공선택","7461351","War and Peacebuilding","Carl J. Saxer",3,"수(13:00-14:30),수(14:30-16:00)","대학원.토건관202강의실","",,,
6807,"미정","전공선택","7461352","한국어텍스트읽기","배소영",3,"목(13:00-14:30),목(14:30-16:00)","대학원.토건관250강의실","",,,
6808,"미정","전공선택","7461353","커리어개발Ⅱ:취.창업진로포트폴리오","김유리",1,"수(16:00-17:00)","대학원.토건관250강의실","",,,
6809,"미정","전공선택","7461354","International Organizations","Carl J. Saxer",3,"화(14:30-16:00),목(14:30-16:00)","대학원.토건관202강의실","",,,
6810,"미정","전공선택","7461355","창의적컴퓨팅","장병철",3,"시간미지정강좌,월(15:00-17:00)",",제2공학관SW융합실습실(507)","",,,
6811,"미정","전공선택","7461356","International accounting and finance","김민재",3,"목(09:00-10:30),목(10:30-12:00)","대학원.토건관201강의실","",,,
6812,"미정","전공선택","7461357","Business and Environmental Ethics","John M. McGuire",3,"화(13:00-14:30),화(14:30-16:00)","대학원.토건관251강의실","",,,
6813,"미정","전공선택","7461358","Foreign Aid and Development","김유리",3,"월(13:00-14:30),수(13:00-14:30)","대학원.토건관251강의실","",,,
6814,"미정","전공선택","7461359","ESG Management","서정석",3,"금(18:00-19:30),금(19:30-21:00)","대학원.토건관251강의실","",,,
6815,"미정","전공선택","7461360","국제학부캡스톤PBL(유엔지속가능발전솔루션과앙트레프레너십)","김용재",3,"목(16:00-18:00),목(18:00-19:00)","대학원.토건관251강의실","",,,
6816,"미정","전공선택","7461361","커리어개발Ⅱ:취.창업진로포트폴리오","김수미",1,"월(11:00-12:00)","대학원.토건관201강의실","",,,
6817,"미정","전공선택","7461362","창의적프로그래밍","조인순",2,"금(15:00-16:00),금(16:00-17:00)","제2공학관최병부SW실습실(303)","",,,
6818,"미정","전공선택","7461363","Introduction to Macroeconomics","노동운",3,"월(13:00-14:30),수(13:00-14:30)","대학원.토건관250강의실","",,,
6819,"미정","전공선택","7461364","커리어개발Ⅱ:취.창업진로포트폴리오","김유리",1,"수(15:00-16:00)","대학원.토건관250강의실","",,,
6820,"미정","전공선택","7461365","International Business","배윤재",3,"금(09:00-10:30),금(10:30-12:00)","대학원.토건관202강의실","",,,
6821,"미정","전공선택","7461366","Academic Writing 2","Kevin Edwin Stadt",3,"월(09:00-10:30),수(09:00-10:30)","대학원.토건관250강의실","",,,
6822,"미정","전공선택","7461367","한국경영의이해","김민재",3,"월(09:00-10:30),월(10:30-12:00)","대학원.토건관252강의실","",,,
6823,"미정","전공선택","7461368","Academic Writing 2","Kevin Edwin Stadt",3,"화(10:30-12:00),목(10:30-12:00)","대학원.토건관250강의실","",,,
6824,"미정","전공선택","7461369","미디어콘텐츠와문화","이영주",3,"수(13:00-14:30),수(14:30-16:00)","대학원.토건관201강의실","",,,
6825,"미정","전공선택","7461370","Global Security Challenge","최용",3,"화(10:30-12:00),목(10:30-12:00)","대학원.토건관251강의실","",,,
6826,"미정","전공선택","7461371","한국산업의경영혁신","이동준",3,"금(13:00-14:30),금(14:30-16:00)","대학원.토건관201강의실","",,,
6827,"미정","전공선택","7461372","창의적컴퓨팅","조인순",3,"시간미지정강좌,월(13:00-15:00)",",제2공학관SW융합실습실(507)","",,,
6828,"미정","전공선택","7461373","Research Methods","김유리",3,"월(10:30-12:00),수(10:30-12:00)","대학원.토건관202강의실","",,,
6829,"미정","전공선택","7461374","한국의역사","김수미",3,"수(09:00-10:30),수(10:30-12:00)","대학원.토건관201강의실","",,,
6830,"미정","전공선택","7461375","K-pop특강","김수미",3,"수(16:00-17:30),수(17:30-19:00)","대학원.토건관201강의실","",,,
6831,"미정","전공선택","7461376","한국과다문화사회","김태리",3,"목(16:00-17:30),목(17:30-19:00)","대학원.토건관201강의실","",,,
6832,"미정","전공선택","7461377","Academic Writing 2","Kevin Edwin Stadt",3,"화(09:00-10:30),목(09:00-10:30)","대학원.토건관250강의실","",,,
6833,"미정","전공선택","7461378","Advanced Data Science for International Studies","최혜승",3,"목(13:00-14:30),목(14:30-16:00)","대학원.토건관252강의실","",,,
6834,"미정","전공선택","7461379","국제학HY-UROP(실용연구심화)","노태우",3,"수(09:00-12:00)","대학원.토건관252강의실","",,,
6835,"미정","전공선택","7461380","International Relations","최용",3,"화(14:30-16:00),목(14:30-16:00)","대학원.토건관201강의실","",,,
6836,"미정","전공선택","7461381","World History","Carl J. Saxer",3,"화(13:00-14:30),목(13:00-14:30)","대학원.토건관202강의실","",,,
6837,"미정","전공선택","7461382","International Trade and Commerce","배윤재",3,"화(16:00-17:30),화(17:30-19:00)","대학원.토건관202강의실","",,,
6838,"미정","전공선택","7461383","한국정치","김유은",3,"수(13:00-14:30),수(14:30-16:00)","대학원.토건관252강의실","",,,
6839,"미정","전공선택","7461384","글로벌콘텐츠와SDGs","이동준",3,"월(16:00-17:30),월(17:30-19:00)","대학원.토건관201강의실","",,,
6840,"미정","전공선택","7589691","미분적분학1","오수진",3,"월(14:30-16:00),목(16:00-17:30)","제1공학관405강의실","",,,
6841,"미정","전공선택","7589692","소프트웨어공학","김윤호",3,"수(10:30-12:00),목(09:00-10:30)","IT.BT관502강의실","",,,
6842,"미정","전공선택","7590262","일반화학및실험1","방은광",4,"월(09:00-12:00),월(12:00-14:00)","비지정()","",,,
6843,"미정","전공선택","7595967","창의적컴퓨팅","박주열",3,"시간미지정강좌,수(11:00-13:00)",",제2공학관SW융합실습실(507)","",,,
6844,"미정","전공선택","7627392","그룹운동","우지인",2,"수(16:00-18:00)","올림픽체육관116호사교무용홀","",,,
6845,"미정","전공선택","7648861","Cultural and Ethnic Diversity In Korea","S. Afflick-Smith",2,"수(15:00-17:00)","제1공학관209강의실","",,,
6846,"미정","전공선택","7659938","SPARK","Hawkes, Aldo Armstrong",,"화(17:00-20:00),목(17:00-20:00)","한양인터칼리지강의실4","",,,